wave,breakdown,More than 120,Between 100 and 119,Between 60 and 99,Between 20 and 59,Between 1 and 19,Not sure
121,Accommodation and food service activities,0.0,0.0,1.0,4.8,13.7,80.5
121,Administrative and support service activities,1.4,0.0,0.0,5.9,62.6,30.1
121,All businesses,,,1.0,9.0,73.7,15.4
121,Construction,,0.0,,4.7,92.2,2.5
121,Education,1.6,0.0,1.6,9.6,13.4,73.9
121,Information and communication,,,,17.7,71.9,9.3
121,Manufacturing,,,3.0,7.7,78.0,10.3
121,"Professional, scientific and technical activities",,0.0,1.8,7.4,82.5,7.4
121,Transportation and storage,3.7,0.0,0.0,1.1,79.7,15.4
121,Wholesale and retail trade; repair of motor vehicles and motorcycles,,,,12.8,63.7,21.8
127,Accommodation and food service activities,1.0,6.3,1.0,1.0,56.1,34.6
127,Administrative and support service activities,1.7,,0.0,6.8,58.2,33.1
127,All businesses,,,,8.5,70.0,20.0
127,Construction,,0.0,0.0,7.4,90.7,1.3
127,Education,2.9,0.0,,8.8,82.3,5.2
127,Human health and social work activities,0.0,0.0,0.0,3.0,95.3,1.7
127,Information and communication,,,,3.9,70.9,23.7
127,Manufacturing,,,1.7,11.7,59.7,25.7
127,"Professional, scientific and technical activities",0.0,0.0,,13.8,67.7,17.7
127,Transportation and storage,,3.1,0.0,6.9,75.9,13.7
127,Wholesale and retail trade; repair of motor vehicles and motorcycles,,,,13.0,73.0,12.9
133,Accommodation and food service activities,,,0.0,0.0,96.7,2.9
133,Administrative and support service activities,,0.0,0.0,2.3,90.8,6.7
133,All businesses,,,1.0,7.6,75.4,15.2
133,Construction,,0.0,0.0,4.8,87.0,7.9
133,Education,2.0,0.0,1.3,4.0,24.7,68.0
133,Human health and social work activities,0.0,0.0,0.0,6.2,89.1,4.7
133,Information and communication,,1.0,,4.4,70.6,22.6
133,Manufacturing,1.0,1.1,2.9,16.0,67.9,11.1
133,"Professional, scientific and technical activities",0.0,,1.8,6.4,61.7,30.0
133,Transportation and storage,2.8,0.0,0.0,11.4,49.4,36.5
133,Wholesale and retail trade; repair of motor vehicles and motorcycles,,,,10.9,86.3,2.2
145,Accommodation and food service activities,,0.0,0.0,16.0,52.5,30.6
145,Administrative and support service activities,,0.0,2.6,6.1,71.2,19.2
145,All businesses,,,1.3,9.0,71.4,17.9
145,"Arts, entertainment and recreation",,0.0,3.2,9.9,78.5,8.0
145,Construction,0.0,0.0,,3.8,67.6,28.5
145,Education,2.2,0.0,2.9,4.4,20.4,70.0
145,Human health and social work activities,0.0,0.0,,14.5,78.3,6.7
145,Information and communication,,,2.5,8.2,74.5,14.0
145,Manufacturing,,,1.4,13.2,56.7,28.0
145,"Professional, scientific and technical activities",,0.0,1.0,18.8,58.2,21.8
145,Transportation and storage,1.0,0.0,1.0,2.0,65.3,30.6
145,Wholesale and retail trade; repair of motor vehicles and motorcycles,,,1.0,2.8,92.8,3.0
