wave,breakdown,More than 75%,Between 50% and 75%,Between 25% and 49%,Less than 25%,Not sure
121,Accommodation and food service activities,32.1,25.9,20.1,12.1,9.8
121,Administrative and support service activities,18.7,18.0,5.1,51.9,6.4
121,All businesses,26.2,20.2,13.8,32.7,7.1
121,"Arts, entertainment and recreation",38.4,18.7,15.6,19.8,7.6
121,Construction,51.8,18.4,,28.6,
121,Education,17.3,17.2,17.4,47.6,
121,Human health and social work activities,7.9,15.1,10.9,65.4,
121,Information and communication,9.0,0.0,1.7,83.0,6.3
121,Manufacturing,12.0,12.6,8.0,64.7,2.7
121,"Professional, scientific and technical activities",,26.2,,70.8,1.6
121,Real estate activities,0.0,22.2,0.0,77.8,0.0
121,Transportation and storage,30.7,27.6,1.4,24.9,15.3
121,Wholesale and retail trade; repair of motor vehicles and motorcycles,22.9,6.3,14.4,52.0,4.4
127,Accommodation and food service activities,29.5,26.3,11.5,21.1,11.7
127,Administrative and support service activities,27.3,10.8,17.5,35.2,9.1
127,All businesses,23.0,21.0,11.1,35.1,9.7
127,"Arts, entertainment and recreation",10.8,46.2,17.0,22.1,3.9
127,Construction,47.5,10.7,10.6,23.2,8.0
127,Education,1.4,13.4,12.3,57.9,15.0
127,Human health and social work activities,5.7,16.8,1.6,73.7,2.2
127,Information and communication,0.0,0.0,0.0,85.4,14.6
127,Manufacturing,12.1,15.3,7.1,57.7,7.9
127,"Professional, scientific and technical activities",6.2,,9.1,78.5,6.1
127,Real estate activities,0.0,0.0,0.0,95.7,4.3
127,Transportation and storage,42.4,9.1,16.5,25.1,7.0
127,Wholesale and retail trade; repair of motor vehicles and motorcycles,21.2,24.2,12.1,32.9,9.6
133,Accommodation and food service activities,29.3,26.0,21.1,17.9,5.8
133,Administrative and support service activities,39.0,15.5,2.2,35.0,8.3
133,All businesses,24.7,21.7,15.2,33.0,5.5
133,"Arts, entertainment and recreation",5.7,41.0,18.9,29.1,5.2
133,Construction,28.4,11.6,15.2,32.5,12.3
133,Education,17.4,16.2,17.6,45.5,3.2
133,Human health and social work activities,30.7,24.4,5.2,32.7,7.0
133,Information and communication,0.0,17.3,,64.5,18.1
133,Manufacturing,14.8,20.7,7.0,56.6,
133,Other service activities,44.3,0.0,14.7,41.0,0.0
133,"Professional, scientific and technical activities",,14.7,13.2,63.0,8.3
133,Transportation and storage,33.1,14.9,12.8,31.9,7.2
133,Wholesale and retail trade; repair of motor vehicles and motorcycles,24.8,16.1,12.8,45.6,
139,Accommodation and food service activities,31.4,17.2,24.4,18.5,8.4
139,Administrative and support service activities,37.5,11.5,12.0,27.6,11.3
139,All businesses,24.3,15.2,18.9,31.3,10.4
139,"Arts, entertainment and recreation",9.7,32.4,31.8,16.5,9.6
139,Construction,,8.2,23.2,45.9,22.6
139,Education,23.5,10.9,1.4,50.8,13.4
139,Human health and social work activities,7.9,2.4,23.6,63.1,3.0
139,Information and communication,0.9,14.5,0.0,79.0,5.6
139,Manufacturing,19.3,8.9,15.1,44.8,11.9
139,"Professional, scientific and technical activities",0.0,20.1,,67.7,12.1
139,Real estate activities,0.0,0.0,5.4,92.0,2.7
139,Transportation and storage,25.4,10.9,10.2,35.9,17.6
139,"Water supply, sewerage, waste management and remediation activities",0.0,0.0,0.0,48.0,52.0
139,Wholesale and retail trade; repair of motor vehicles and motorcycles,23.5,8.5,12.8,45.5,9.7
145,Accommodation and food service activities,27.0,31.8,24.2,10.0,7.0
145,Administrative and support service activities,38.7,12.6,8.2,36.5,3.9
145,All businesses,23.3,22.1,17.2,30.9,6.4
145,"Arts, entertainment and recreation",17.0,29.9,13.3,28.8,11.0
145,Construction,33.6,27.8,7.7,29.5,1.4
145,Education,0.0,12.2,13.9,47.7,26.3
145,Human health and social work activities,4.7,2.9,2.3,85.9,4.2
145,Information and communication,13.0,7.6,4.8,72.0,2.5
145,Manufacturing,22.6,12.5,33.8,27.7,3.3
145,"Professional, scientific and technical activities",7.3,9.5,0.0,82.2,1.1
145,Transportation and storage,29.0,2.8,2.1,53.6,12.5
145,Wholesale and retail trade; repair of motor vehicles and motorcycles,25.7,6.1,12.5,50.9,4.8
