wave,breakdown,Industry/Size Band,Prices will increase,Prices will stay the same,Prices will decrease,Not sure,Not applicable
55,Currently trading,,30.6,43.6,1.3,11.1,13.4
55,Not permanently stopped trading,,29.7,42.1,1.3,11.4,15.6
57,Currently trading,,28.6,48.2,1.8,11.6,9.8
57,Not permanently stopped trading,,28.0,46.8,1.8,11.7,11.6
59,Currently trading,,29.8,47.6,0.0,11.5,10.2
59,Not permanently stopped trading,,29.3,46.3,1.0,11.2,12.2
60,Currently trading,,25.5,50.8,1.2,11.5,10.9
60,Not permanently stopped trading,,25.0,49.5,1.3,11.4,12.9
63,Currently trading,,28.5,45.6,1.3,12.9,11.7
63,Not permanently stopped trading,,27.9,44.3,1.3,12.7,13.9
65,Currently trading,,29.0,47.2,1.1,11.3,11.4
65,Not permanently stopped trading,,28.1,45.8,1.1,11.2,13.9
67,Currently trading,,28.3,47.3,1.3,10.9,12.2
67,Not permanently stopped trading,,27.7,46.2,1.4,10.7,14.0
69,Currently trading,,22.2,54.1,2.0,10.7,11.0
69,Not permanently stopped trading,,21.7,52.3,1.9,10.8,13.2
71,Currently trading,,30.4,46.2,2.8,11.3,9.2
71,Not permanently stopped trading,,29.9,44.6,2.8,11.4,11.3
74,Currently trading,,26.0,50.1,1.3,11.7,10.9
74,Not permanently stopped trading,,25.6,48.8,1.2,11.6,12.7
76,Currently trading,,24.5,52.1,1.2,12.2,10.0
76,Not permanently stopped trading,,24.1,50.4,1.1,12.0,12.4
78,Currently trading,,23.8,53.9,2.2,10.7,9.4
78,Not permanently stopped trading,,23.3,52.6,2.1,11.1,10.8
80,Currently trading,,22.9,52.5,1.6,12.6,10.4
80,Not permanently stopped trading,,22.4,51.7,1.6,12.6,11.7
82,Currently trading,,17.7,59.7,1.3,11.7,9.5
82,Not permanently stopped trading,,17.5,58.0,1.4,11.6,11.6
84,Currently trading,,17.0,60.4,1.8,13.1,7.7
84,Not permanently stopped trading,,16.6,58.8,1.8,13.2,9.6
86,Currently trading,,15.4,58.6,1.8,13.5,10.6
86,Not permanently stopped trading,,15.2,56.7,1.8,14.0,12.4
89,Currently trading,,16.2,61.3,2.0,11.6,8.8
89,Not permanently stopped trading,,16.0,59.3,2.0,11.3,11.3
91,Currently trading,,14.3,63.9,1.9,11.5,8.4
91,Not permanently stopped trading,,14.3,62.0,1.9,11.7,10.1
93,Currently trading,,13.2,63.8,1.9,10.8,10.3
93,Not permanently stopped trading,,12.9,62.2,1.8,10.9,12.2
95,Currently trading,,10.4,67.6,2.7,10.5,8.9
95,Not permanently stopped trading,,10.2,66.1,2.7,10.6,10.4
97,Currently trading,,17.9,58.6,2.9,11.6,8.9
97,Not permanently stopped trading,,17.8,57.3,2.8,11.9,10.2
100,Currently trading,,17.2,57.4,1.8,12.3,11.3
100,Not permanently stopped trading,,17.0,55.9,1.9,12.2,12.9
102,Currently trading,,16.1,59.6,1.5,11.2,11.6
102,Not permanently stopped trading,,15.7,57.8,1.7,11.5,13.4
104,Currently trading,,18.1,58.1,1.9,12.5,9.4
104,Not permanently stopped trading,,17.9,56.5,1.9,12.5,11.3
106,Currently trading,,15.6,62.4,1.6,10.8,9.7
106,Not permanently stopped trading,,15.3,60.8,1.5,11.1,11.3
108,Currently trading,,12.6,64.0,1.3,11.9,10.3
108,Not permanently stopped trading,,12.5,62.5,1.3,11.9,11.8
110,Currently trading,,10.9,67.7,1.0,11.0,9.4
110,Not permanently stopped trading,,10.8,66.0,1.1,11.0,11.1
112,Currently trading,,8.5,69.4,1.4,10.2,10.5
112,Not permanently stopped trading,,8.3,67.6,1.3,10.7,12.1
114,Currently trading,,12.0,64.1,2.2,11.1,10.7
114,Not permanently stopped trading,,11.9,62.7,2.2,11.5,11.8
116,Currently trading,,10.9,67.4,1.7,10.0,10.0
116,Not permanently stopped trading,,10.7,65.5,1.8,10.1,11.9
118,Currently trading,,12.0,66.4,2.2,8.8,10.5
118,Not permanently stopped trading,,11.6,64.4,2.3,9.1,12.6
120,Currently trading,,10.5,65.8,2.6,10.6,10.6
120,Not permanently stopped trading,,10.6,64.0,2.5,10.7,12.2
122,Currently trading,,21.3,54.6,2.4,10.6,11.1
122,Not permanently stopped trading,,20.8,53.0,2.5,10.9,12.9
124,Currently trading,,20.0,55.7,2.1,10.7,11.4
124,Not permanently stopped trading,,19.5,54.2,2.1,10.3,13.9
126,Currently trading,,17.8,57.2,1.7,12.0,11.2
126,Not permanently stopped trading,,17.7,55.9,1.7,11.8,12.9
128,Currently trading,,24.1,52.5,1.3,11.7,10.4
128,Not permanently stopped trading,,23.6,51.0,1.5,11.6,12.3
130,Currently trading,,23.8,50.4,2.4,12.3,11.1
130,Not permanently stopped trading,,23.3,49.3,2.4,12.2,12.8
132,Currently trading,,15.6,60.0,1.5,13.0,9.9
132,Not permanently stopped trading,,15.3,58.4,1.5,13.1,11.6
134,Currently trading,,13.0,62.7,2.4,11.9,10.0
134,Not permanently stopped trading,,12.7,61.1,2.4,12.0,11.8
136,Currently trading,,10.9,62.5,2.2,14.5,9.9
136,Not permanently stopped trading,,10.6,61.1,2.2,14.3,11.9
138,Currently trading,,11.9,63.2,1.4,13.0,10.6
138,Not permanently stopped trading,,12.0,61.6,1.4,13.1,11.9
140,Currently trading,,10.8,63.2,2.3,13.0,10.7
140,Not permanently stopped trading,,10.7,61.8,2.2,12.8,12.4
142,Currently trading,,9.9,64.0,2.0,12.5,11.5
142,Not permanently stopped trading,,9.8,62.2,2.0,12.5,13.4
144,Currently trading,,10.6,64.1,2.5,12.4,10.4
144,Not permanently stopped trading,,10.4,62.1,2.4,12.3,12.8
146,Currently trading,,22.8,48.9,2.9,14.4,11.0
146,Not permanently stopped trading,,22.1,47.6,2.9,14.4,13.0
148,Currently trading,,20.7,53.2,2.8,11.8,11.4
148,Not permanently stopped trading,,20.5,51.5,2.9,11.9,13.2
150,Currently trading,,17.5,57.9,1.5,13.0,10.8
150,Not permanently stopped trading,,17.2,56.2,1.5,13.2,12.5
152,Currently trading,,21.5,51.1,1.7,13.7,12.1
152,Not permanently stopped trading,,21.0,49.8,1.6,13.9,13.7
154,Currently trading,,27.6,47.9,2.4,10.8,11.3
154,Not permanently stopped trading,,27.2,46.8,2.4,11.3,12.2
156,Currently trading,,20.3,53.5,1.6,11.0,13.5
156,Not permanently stopped trading,,20.1,52.0,1.7,11.0,15.4
158,Currently trading,,18.6,57.7,1.6,10.3,11.8
158,Not permanently stopped trading,,18.5,56.5,1.6,10.6,12.8
160,Currently trading,,13.1,60.8,2.0,11.5,12.6
160,Not permanently stopped trading,,13.2,59.0,2.0,11.7,14.1
162,Currently trading,,14.2,60.7,2.2,11.1,11.8
162,Not permanently stopped trading,,14.1,58.6,2.1,11.1,14.1
164,Currently trading,,17.4,57.7,2.3,10.2,12.4
164,Not permanently stopped trading,,17.1,56.1,2.2,10.3,14.2
