wave,breakdown,Number of employees will increase,Number of employees will stay the same,Number of employees will decrease,Not sure
55,0 - 9,3.5,82.0,2.0,12.5
55,10 - 49,17.6,68.9,5.3,8.3
55,100 - 249,28.9,57.7,5.4,7.9
55,250 +,24.5,54.9,4.9,15.7
55,50 - 99,26.8,60.2,6.1,6.9
55,Accommodation and food service activities,6.0,80.9,3.5,9.6
55,Administrative and support service activities,6.2,78.8,2.4,12.6
55,All businesses,5.2,80.4,2.4,12.0
55,All size bands excluding 0 - 9,19.1,67.2,5.4,8.3
55,"Arts, entertainment and recreation",4.4,71.7,,23.1
55,Construction,6.9,77.5,,15.5
55,Education,7.7,84.7,6.0,1.6
55,Human health and social work activities,5.1,87.4,,7.0
55,Information and communication,7.1,78.5,4.1,10.3
55,Manufacturing,9.1,82.7,2.4,5.9
55,Other service activities,,73.4,5.4,20.5
55,"Professional, scientific and technical activities",2.9,89.9,2.6,4.6
55,Real estate activities,5.7,80.3,8.0,6.0
55,Transportation and storage,3.3,51.6,4.1,41.0
55,Wholesale and retail trade; repair of motor vehicles and motorcycles,3.8,83.8,1.4,11.0
57,0 - 9,4.3,81.8,3.7,10.2
57,10 - 49,18.5,67.7,5.9,7.8
57,100 - 249,31.0,54.7,5.0,9.4
57,250 +,28.9,51.9,3.5,15.7
57,50 - 99,30.9,55.4,6.1,7.6
57,Accommodation and food service activities,8.5,73.6,5.9,12.1
57,Administrative and support service activities,7.0,78.1,3.3,11.7
57,All businesses,6.0,80.0,3.9,10.0
57,All size bands excluding 0 - 9,20.5,65.6,5.8,8.1
57,"Arts, entertainment and recreation",5.4,69.9,,23.9
57,Construction,7.4,78.1,,13.7
57,Education,10.3,80.6,7.9,1.2
57,Human health and social work activities,9.4,78.2,,11.6
57,Information and communication,7.9,79.7,3.8,8.7
57,Manufacturing,5.5,82.1,6.3,6.1
57,Other service activities,,85.4,,13.7
57,"Professional, scientific and technical activities",5.8,83.5,4.7,6.0
57,Real estate activities,4.8,89.3,,5.5
57,Transportation and storage,1.7,66.2,11.8,20.3
57,Wholesale and retail trade; repair of motor vehicles and motorcycles,4.3,85.4,4.1,6.3
59,0 - 9,4.1,81.6,3.0,11.3
59,10 - 49,17.0,69.3,5.9,7.7
59,100 - 249,28.6,57.4,4.3,9.7
59,250 +,26.3,53.7,3.8,16.2
59,50 - 99,27.9,57.9,6.4,7.8
59,Accommodation and food service activities,6.0,71.3,7.4,15.2
59,Administrative and support service activities,7.4,79.4,4.2,9.0
59,All businesses,5.7,80.0,3.3,11.0
59,All size bands excluding 0 - 9,18.8,67.3,5.8,8.1
59,"Arts, entertainment and recreation",10.2,60.6,,28.5
59,Construction,7.8,74.8,1.1,16.3
59,Education,2.6,95.6,,1.2
59,Human health and social work activities,9.9,74.1,5.4,10.5
59,Information and communication,7.1,75.3,3.5,14.2
59,Manufacturing,4.9,83.8,2.0,9.2
59,Other service activities,,83.1,3.3,13.1
59,"Professional, scientific and technical activities",4.4,88.1,2.6,4.9
59,Real estate activities,5.7,84.4,,8.9
59,Transportation and storage,3.8,81.3,1.8,13.1
59,Wholesale and retail trade; repair of motor vehicles and motorcycles,4.0,83.1,5.0,7.9
60,0 - 9,4.3,82.6,2.9,10.2
60,10 - 49,16.0,69.7,5.9,8.4
60,100 - 249,27.1,58.0,5.0,9.8
60,250 +,24.8,55.0,5.0,15.2
60,50 - 99,25.4,60.1,5.9,8.6
60,Accommodation and food service activities,10.2,65.5,11.1,13.2
60,Administrative and support service activities,6.3,79.2,4.3,10.1
60,All businesses,5.8,81.0,3.2,10.0
60,All size bands excluding 0 - 9,17.6,67.9,5.8,8.7
60,"Arts, entertainment and recreation",2.8,68.1,,28.3
60,Construction,6.6,82.2,,11.0
60,Education,3.1,94.2,,2.0
60,Human health and social work activities,17.7,65.0,5.7,11.6
60,Information and communication,6.6,77.2,1.7,14.4
60,Manufacturing,5.0,85.1,3.6,6.3
60,Other service activities,3.6,76.8,2.9,16.7
60,"Professional, scientific and technical activities",4.8,87.1,3.5,4.6
60,Real estate activities,7.4,85.0,0.0,7.5
60,Transportation and storage,1.8,84.4,,13.2
60,Wholesale and retail trade; repair of motor vehicles and motorcycles,4.0,84.1,3.6,8.3
63,0 - 9,4.7,79.5,4.7,11.0
63,10 - 49,17.6,63.9,11.4,7.1
63,100 - 249,29.7,55.3,6.7,8.3
63,250 +,26.4,52.9,5.8,15.0
63,50 - 99,27.0,57.3,8.2,7.5
63,Accommodation and food service activities,7.1,56.3,19.3,17.4
63,Administrative and support service activities,5.8,76.6,3.7,14.0
63,All businesses,6.2,77.7,5.4,10.7
63,All size bands excluding 0 - 9,19.3,62.6,10.7,7.4
63,"Arts, entertainment and recreation",4.8,84.2,4.1,7.0
63,Construction,6.2,78.9,3.6,11.2
63,Education,10.4,74.2,8.3,7.2
63,Human health and social work activities,9.8,86.5,2.0,1.7
63,Information and communication,6.3,79.9,2.0,11.9
63,Manufacturing,7.0,76.8,5.1,11.1
63,Other service activities,3.8,72.4,7.9,15.8
63,"Professional, scientific and technical activities",7.0,82.7,4.5,5.8
63,Real estate activities,10.8,83.7,,5.4
63,Transportation and storage,,75.6,1.5,22.0
63,Wholesale and retail trade; repair of motor vehicles and motorcycles,6.0,79.2,6.2,8.6
65,0 - 9,3.7,81.4,4.9,10.1
65,10 - 49,15.1,65.9,12.0,7.1
65,100 - 249,25.2,58.0,7.9,8.8
65,250 +,25.7,52.5,6.5,15.3
65,50 - 99,24.0,58.8,8.3,8.9
65,Accommodation and food service activities,5.2,60.3,25.8,8.6
65,Administrative and support service activities,5.4,82.2,4.7,7.7
65,All businesses,5.1,79.6,5.5,9.8
65,All size bands excluding 0 - 9,16.7,64.5,11.3,7.5
65,"Arts, entertainment and recreation",1.4,74.4,1.3,22.9
65,Construction,7.3,76.0,,16.3
65,Human health and social work activities,9.6,82.2,2.5,5.6
65,Information and communication,5.3,80.0,4.0,10.7
65,Manufacturing,4.1,80.5,6.4,9.0
65,Other service activities,,74.5,14.8,9.9
65,"Professional, scientific and technical activities",4.0,87.8,3.3,4.9
65,Real estate activities,8.3,80.2,3.9,7.7
65,Transportation and storage,1.0,82.9,5.4,10.6
65,Wholesale and retail trade; repair of motor vehicles and motorcycles,5.6,80.8,4.1,9.4
67,0 - 9,3.9,80.4,2.9,12.7
67,10 - 49,13.0,70.4,8.7,7.9
67,100 - 249,24.3,60.2,6.4,9.2
67,250 +,22.7,56.6,5.1,15.6
67,50 - 99,21.8,62.1,8.5,7.6
67,Accommodation and food service activities,2.8,66.3,20.4,10.5
67,Administrative and support service activities,7.0,78.1,1.5,13.4
67,All businesses,5.0,79.2,3.5,12.2
67,All size bands excluding 0 - 9,14.6,68.8,8.4,8.2
67,"Arts, entertainment and recreation",4.6,75.8,1.3,18.3
67,Construction,6.4,75.3,1.0,17.2
67,Education,1.8,89.7,1.0,7.5
67,Human health and social work activities,13.1,68.0,,18.4
67,Information and communication,4.3,82.9,3.0,9.8
67,Manufacturing,5.9,82.7,6.3,5.1
67,Other service activities,5.2,70.1,,24.4
67,"Professional, scientific and technical activities",4.4,86.3,2.2,7.1
67,Real estate activities,6.9,86.4,,6.0
67,Transportation and storage,2.5,70.5,,26.5
67,Wholesale and retail trade; repair of motor vehicles and motorcycles,4.0,82.2,3.1,10.7
69,0 - 9,2.5,81.4,3.9,12.2
69,10 - 49,13.0,72.1,8.0,6.9
69,100 - 249,20.6,63.0,7.2,9.2
69,250 +,22.3,56.6,6.7,14.4
69,50 - 99,18.9,65.3,8.3,7.4
69,Accommodation and food service activities,4.2,68.8,15.0,12.0
69,Administrative and support service activities,5.8,75.6,3.9,14.7
69,All businesses,3.7,80.3,4.3,11.7
69,All size bands excluding 0 - 9,14.1,70.6,8.0,7.3
69,"Arts, entertainment and recreation",1.7,83.9,,13.5
69,Construction,,77.8,4.7,17.0
69,Education,6.7,76.1,1.0,16.2
69,Human health and social work activities,9.5,80.0,,9.9
69,Information and communication,6.0,76.7,2.1,15.2
69,Manufacturing,3.3,85.6,5.1,6.0
69,Other service activities,,68.5,,30.4
69,"Professional, scientific and technical activities",2.6,88.2,2.7,6.4
69,Real estate activities,,87.0,3.7,8.7
69,Transportation and storage,3.4,85.1,2.0,9.4
69,Wholesale and retail trade; repair of motor vehicles and motorcycles,5.3,81.0,4.7,9.0
71,0 - 9,4.3,79.6,4.3,11.8
71,10 - 49,15.6,64.3,12.0,8.0
71,100 - 249,19.6,58.0,13.0,9.5
71,250 +,19.1,54.8,10.5,15.7
71,50 - 99,21.2,57.9,11.9,9.1
71,Accommodation and food service activities,1.0,68.8,19.4,10.8
71,Administrative and support service activities,4.0,80.6,4.5,10.9
71,All businesses,5.6,77.9,5.2,11.4
71,All size bands excluding 0 - 9,16.4,63.2,12.0,8.4
71,"Arts, entertainment and recreation",5.5,72.2,4.9,17.5
71,Construction,4.6,73.2,5.6,16.6
71,Education,14.3,77.0,1.7,7.0
71,Human health and social work activities,5.2,80.1,,14.1
71,Information and communication,7.4,80.8,1.3,10.6
71,Manufacturing,9.2,75.0,6.4,9.5
71,Other service activities,1.0,65.4,5.5,28.2
71,"Professional, scientific and technical activities",6.7,84.4,2.2,6.6
71,Real estate activities,11.7,72.4,,15.0
71,Transportation and storage,6.6,78.9,4.2,10.3
71,Wholesale and retail trade; repair of motor vehicles and motorcycles,5.2,79.0,5.5,10.3
74,0 - 9,4.5,79.9,2.7,12.8
74,10 - 49,16.6,64.9,10.2,8.3
74,100 - 249,23.5,57.1,8.7,10.6
74,250 +,21.4,55.3,7.7,15.5
74,50 - 99,24.4,56.5,10.5,8.7
74,Accommodation and food service activities,6.5,63.9,11.0,18.6
74,Administrative and support service activities,8.6,73.1,5.2,13.1
74,All businesses,6.0,78.1,3.5,12.4
74,All size bands excluding 0 - 9,17.7,63.5,10.1,8.6
74,"Arts, entertainment and recreation",3.7,74.0,2.6,19.7
74,Construction,3.2,77.8,1.1,17.9
74,Education,8.8,64.0,7.8,19.4
74,Human health and social work activities,6.5,70.6,6.8,16.1
74,Information and communication,6.5,78.1,3.5,11.8
74,Manufacturing,8.6,78.1,4.2,9.0
74,Other service activities,,89.5,,9.3
74,"Professional, scientific and technical activities",5.7,87.3,1.3,5.7
74,Real estate activities,8.7,75.5,4.3,11.5
74,Transportation and storage,3.3,84.1,1.0,11.6
74,Wholesale and retail trade; repair of motor vehicles and motorcycles,7.3,77.1,4.1,11.5
76,0 - 9,5.6,80.5,3.0,10.9
76,10 - 49,19.4,65.8,7.5,7.3
76,100 - 249,28.8,55.2,6.6,9.4
76,250 +,25.5,54.2,5.0,15.4
76,50 - 99,28.1,57.7,6.8,7.5
76,Accommodation and food service activities,13.1,64.2,5.0,17.8
76,Administrative and support service activities,10.0,76.0,3.0,11.0
76,All businesses,7.3,78.7,3.5,10.5
76,All size bands excluding 0 - 9,20.8,64.3,7.4,7.6
76,"Arts, entertainment and recreation",3.9,89.4,3.3,3.4
76,Construction,7.3,72.0,4.4,16.4
76,Education,13.1,81.1,5.2,
76,Human health and social work activities,5.2,91.7,1.1,2.1
76,Information and communication,7.6,78.8,4.0,9.7
76,Manufacturing,7.2,81.8,4.3,6.7
76,Other service activities,,69.1,11.3,18.9
76,"Professional, scientific and technical activities",4.8,87.3,2.2,5.6
76,Real estate activities,6.8,85.8,,7.0
76,Transportation and storage,7.1,73.8,1.0,18.0
76,Wholesale and retail trade; repair of motor vehicles and motorcycles,7.4,80.6,3.1,8.9
78,0 - 9,5.3,81.0,3.4,10.2
78,10 - 49,18.9,65.5,7.2,8.3
78,100 - 249,28.0,56.5,6.2,9.4
78,250 +,25.6,53.3,5.3,15.7
78,50 - 99,28.1,57.4,6.7,7.7
78,Accommodation and food service activities,8.9,69.0,9.9,12.2
78,Administrative and support service activities,9.8,73.1,4.8,12.4
78,All businesses,7.0,79.2,3.8,10.1
78,All size bands excluding 0 - 9,20.3,64.1,7.1,8.5
78,"Arts, entertainment and recreation",7.8,84.9,,6.9
78,Construction,5.0,76.9,1.8,16.3
78,Education,9.0,82.7,7.5,
78,Human health and social work activities,8.6,84.0,,6.6
78,Information and communication,3.8,83.1,3.2,10.0
78,Manufacturing,9.3,80.5,1.9,8.3
78,Other service activities,20.9,59.2,,19.6
78,"Professional, scientific and technical activities",6.6,85.0,3.2,5.2
78,Real estate activities,5.0,81.1,9.2,4.7
78,Transportation and storage,1.1,86.0,9.1,3.8
78,Wholesale and retail trade; repair of motor vehicles and motorcycles,6.6,79.3,3.2,10.9
80,0 - 9,4.9,81.8,3.1,10.2
80,10 - 49,20.2,65.4,6.1,8.3
80,100 - 249,27.9,56.6,5.9,9.6
80,250 +,24.6,55.6,4.4,15.5
80,50 - 99,27.9,57.8,6.9,7.4
80,Accommodation and food service activities,14.2,72.0,3.0,10.8
80,Administrative and support service activities,8.9,75.0,3.4,12.7
80,All businesses,6.8,79.8,3.5,10.0
80,All size bands excluding 0 - 9,21.3,64.0,6.1,8.5
80,"Arts, entertainment and recreation",4.5,92.0,,2.8
80,Construction,6.0,77.9,5.4,10.7
80,Education,2.7,72.3,9.0,15.9
80,Human health and social work activities,3.3,82.3,6.8,7.6
80,Information and communication,3.9,83.0,4.1,9.0
80,Manufacturing,8.9,80.4,3.2,7.5
80,Other service activities,1.7,66.3,8.2,23.7
80,"Professional, scientific and technical activities",5.0,85.0,2.4,7.6
80,Real estate activities,,93.6,,5.0
80,Transportation and storage,9.6,71.9,,18.0
80,Wholesale and retail trade; repair of motor vehicles and motorcycles,7.5,81.1,2.8,8.6
82,0 - 9,5.1,82.8,3.0,9.1
82,10 - 49,16.7,69.8,5.7,7.7
82,100 - 249,28.0,56.9,6.0,9.2
82,250 +,22.1,57.4,5.1,15.5
82,50 - 99,25.7,60.4,6.2,7.6
82,Accommodation and food service activities,6.7,73.4,7.8,12.1
82,Administrative and support service activities,10.7,76.2,1.3,11.8
82,All businesses,6.6,81.1,3.3,9.0
82,All size bands excluding 0 - 9,18.2,68.0,5.8,8.0
82,"Arts, entertainment and recreation",1.4,94.6,,3.3
82,Construction,5.5,81.2,2.8,10.6
82,Education,6.8,82.3,5.1,5.7
82,Human health and social work activities,7.7,85.1,1.4,5.8
82,Information and communication,6.0,82.0,1.8,10.3
82,Manufacturing,6.9,79.9,4.5,8.7
82,Other service activities,5.6,66.7,11.3,16.4
82,"Professional, scientific and technical activities",5.0,86.1,2.9,6.0
82,Real estate activities,5.0,85.0,,9.7
82,Transportation and storage,10.6,79.2,4.4,5.8
82,Wholesale and retail trade; repair of motor vehicles and motorcycles,6.9,81.3,3.2,8.6
84,0 - 9,3.8,83.3,2.6,10.3
84,10 - 49,17.1,68.4,6.8,7.7
84,100 - 249,24.9,60.0,5.9,9.2
84,250 +,23.6,55.7,5.2,15.4
84,50 - 99,24.7,61.6,6.3,7.4
84,Accommodation and food service activities,7.2,75.3,5.6,11.9
84,Administrative and support service activities,6.0,78.3,4.0,11.6
84,All businesses,5.4,81.5,3.1,10.0
84,All size bands excluding 0 - 9,18.3,67.1,6.7,7.9
84,"Arts, entertainment and recreation",3.4,90.2,,5.9
84,Construction,4.0,84.4,3.0,8.6
84,Education,8.9,83.8,,6.4
84,Human health and social work activities,14.2,71.7,1.6,12.5
84,Information and communication,4.5,79.5,2.6,13.3
84,Manufacturing,5.9,88.0,1.4,4.8
84,Other service activities,5.3,76.9,,17.4
84,"Professional, scientific and technical activities",5.2,87.4,,6.6
84,Real estate activities,6.5,79.7,7.3,6.5
84,Transportation and storage,4.5,70.8,4.2,20.5
84,Wholesale and retail trade; repair of motor vehicles and motorcycles,4.9,80.0,5.3,9.8
86,0 - 9,3.9,85.1,2.7,8.3
86,10 - 49,16.7,68.4,6.0,8.8
86,100 - 249,24.2,59.8,7.2,8.8
86,250 +,21.7,55.6,5.7,17.1
86,50 - 99,21.6,62.5,7.8,8.1
86,Accommodation and food service activities,3.1,77.8,6.1,12.9
86,Administrative and support service activities,6.6,79.7,3.7,9.9
86,All businesses,5.4,83.0,3.1,8.4
86,All size bands excluding 0 - 9,17.7,67.2,6.3,8.9
86,"Arts, entertainment and recreation",3.8,89.3,2.7,4.2
86,Construction,5.0,83.4,3.0,8.7
86,Education,13.4,73.3,,12.7
86,Human health and social work activities,15.6,65.4,6.4,12.6
86,Information and communication,4.6,83.3,4.0,8.1
86,Manufacturing,6.4,86.8,2.1,4.7
86,Other service activities,4.9,86.1,4.1,4.9
86,"Professional, scientific and technical activities",5.6,87.4,1.7,5.3
86,Real estate activities,4.9,66.0,8.5,20.5
86,Transportation and storage,7.2,85.7,,6.7
86,Wholesale and retail trade; repair of motor vehicles and motorcycles,3.8,84.3,2.9,9.0
89,0 - 9,3.2,84.8,3.4,8.5
89,10 - 49,15.9,66.2,10.9,7.0
89,100 - 249,22.0,59.5,8.1,10.3
89,250 +,20.6,56.1,7.7,15.6
89,50 - 99,21.9,61.4,9.2,7.4
89,Accommodation and food service activities,5.5,75.1,8.8,10.6
89,Administrative and support service activities,5.2,79.2,6.4,9.1
89,All businesses,4.7,82.6,4.2,8.4
89,All size bands excluding 0 - 9,16.9,65.2,10.5,7.5
89,"Arts, entertainment and recreation",1.3,86.3,6.7,5.7
89,Construction,3.1,80.5,4.2,12.2
89,Education,8.2,89.3,1.6,
89,Human health and social work activities,15.4,82.4,,1.6
89,Information and communication,7.2,81.5,,10.3
89,Manufacturing,7.6,81.2,4.9,6.4
89,Other service activities,1.6,71.7,8.3,18.3
89,"Professional, scientific and technical activities",4.2,90.5,2.1,3.1
89,Real estate activities,1.4,82.6,11.1,4.9
89,Transportation and storage,1.1,87.2,2.5,9.2
89,Wholesale and retail trade; repair of motor vehicles and motorcycles,4.4,81.3,4.2,10.1
91,0 - 9,3.5,84.5,3.6,8.4
91,10 - 49,15.1,65.1,11.7,8.1
91,100 - 249,23.1,58.4,8.8,9.8
91,250 +,20.8,55.4,7.3,16.5
91,50 - 99,21.5,61.2,9.3,8.0
91,Accommodation and food service activities,1.8,69.6,11.9,16.6
91,Administrative and support service activities,8.0,78.6,4.6,8.8
91,All businesses,4.9,82.2,4.4,8.4
91,All size bands excluding 0 - 9,16.2,64.1,11.2,8.4
91,"Arts, entertainment and recreation",1.2,82.2,7.0,9.7
91,Construction,3.8,82.7,5.8,7.6
91,Education,13.6,78.1,6.7,1.6
91,Human health and social work activities,5.5,81.3,,12.7
91,Information and communication,7.2,76.1,2.2,14.5
91,Manufacturing,7.2,77.0,6.1,9.7
91,Other service activities,8.6,81.3,,9.4
91,"Professional, scientific and technical activities",5.1,88.7,2.4,3.7
91,Real estate activities,,86.3,8.4,4.6
91,Transportation and storage,2.8,83.2,2.4,11.7
91,Wholesale and retail trade; repair of motor vehicles and motorcycles,3.9,87.0,3.2,5.9
93,0 - 9,3.5,83.8,2.9,9.7
93,10 - 49,12.8,70.3,8.8,8.2
93,100 - 249,20.0,61.8,8.3,9.9
93,250 +,19.2,57.4,7.6,15.8
93,50 - 99,18.8,64.3,9.1,7.8
93,Accommodation and food service activities,3.4,71.5,11.5,13.5
93,Administrative and support service activities,7.5,80.4,2.8,9.3
93,All businesses,4.6,82.2,3.6,9.6
93,All size bands excluding 0 - 9,13.8,69.0,8.8,8.4
93,"Arts, entertainment and recreation",3.3,88.2,3.4,5.1
93,Construction,1.8,84.6,4.5,9.1
93,Education,2.1,91.8,5.6,
93,Human health and social work activities,5.8,80.8,,12.7
93,Information and communication,8.2,78.3,3.9,9.6
93,Manufacturing,7.2,83.7,5.0,4.1
93,Other service activities,4.1,77.7,4.1,14.1
93,"Professional, scientific and technical activities",4.4,88.3,1.3,6.0
93,Real estate activities,3.9,78.8,4.2,13.2
93,Transportation and storage,1.2,70.8,2.8,25.2
93,Wholesale and retail trade; repair of motor vehicles and motorcycles,4.8,82.7,2.3,10.1
95,0 - 9,2.9,83.3,4.8,9.0
95,10 - 49,12.0,72.4,8.2,7.4
95,100 - 249,17.7,64.7,8.5,9.1
95,250 +,16.7,59.5,7.4,16.4
95,50 - 99,17.5,66.3,8.3,7.8
95,Accommodation and food service activities,5.1,74.6,13.0,7.3
95,Administrative and support service activities,5.4,79.5,4.5,10.7
95,All businesses,4.0,82.0,5.1,8.8
95,All size bands excluding 0 - 9,12.9,71.1,8.2,7.8
95,"Arts, entertainment and recreation",,86.6,,11.9
95,Construction,1.5,75.7,9.8,13.0
95,Education,11.1,81.3,1.4,6.2
95,Human health and social work activities,6.6,85.9,1.1,6.4
95,Information and communication,5.9,81.8,3.1,9.2
95,Manufacturing,4.0,81.3,6.8,7.9
95,Other service activities,7.1,81.4,4.1,7.3
95,"Professional, scientific and technical activities",4.6,86.7,1.9,6.9
95,Real estate activities,,80.1,7.8,11.3
95,Transportation and storage,6.3,80.9,3.0,9.8
95,Wholesale and retail trade; repair of motor vehicles and motorcycles,2.3,86.2,4.6,6.9
97,0 - 9,5.0,82.5,3.3,9.3
97,10 - 49,13.9,65.3,13.2,7.6
97,100 - 249,18.7,60.0,10.6,10.7
97,250 +,14.3,59.4,9.6,16.6
97,50 - 99,18.2,62.5,10.7,8.7
97,Accommodation and food service activities,2.0,74.7,14.5,8.8
97,Administrative and support service activities,7.4,78.5,4.8,9.3
97,All businesses,6.0,80.5,4.3,9.2
97,All size bands excluding 0 - 9,14.5,64.6,12.8,8.1
97,"Arts, entertainment and recreation",3.2,83.0,3.6,10.2
97,Construction,6.4,84.2,2.6,6.9
97,Education,20.9,69.7,1.5,7.9
97,Human health and social work activities,8.2,84.3,5.3,2.2
97,Information and communication,9.7,77.3,2.3,10.7
97,Manufacturing,7.4,80.3,5.7,6.7
97,Other service activities,5.8,73.8,3.6,16.8
97,"Professional, scientific and technical activities",5.0,85.5,2.6,6.9
97,Real estate activities,1.4,84.3,4.1,10.2
97,Transportation and storage,4.3,67.2,4.6,23.9
97,Wholesale and retail trade; repair of motor vehicles and motorcycles,5.5,81.2,4.1,9.2
100,0 - 9,4.6,83.6,2.7,9.1
100,10 - 49,14.5,68.0,9.3,8.2
100,100 - 249,21.1,59.0,9.9,10.1
100,250 +,18.4,57.5,7.5,16.6
100,50 - 99,22.3,61.2,9.1,7.3
100,Accommodation and food service activities,5.8,79.0,6.1,9.1
100,Administrative and support service activities,7.7,84.9,2.4,5.0
100,All businesses,5.8,81.7,3.4,9.1
100,All size bands excluding 0 - 9,15.6,66.6,9.3,8.5
100,"Arts, entertainment and recreation",,85.5,3.0,10.8
100,Construction,4.5,80.1,3.5,11.9
100,Education,6.2,87.8,4.9,1.1
100,Human health and social work activities,15.9,63.2,1.6,19.3
100,Information and communication,7.7,77.8,2.6,11.9
100,Manufacturing,7.8,80.2,5.8,6.2
100,Other service activities,6.6,83.7,3.5,6.2
100,"Professional, scientific and technical activities",5.7,85.6,3.0,5.7
100,Real estate activities,1.8,89.8,1.0,7.5
100,Transportation and storage,3.1,64.2,9.1,23.7
100,Wholesale and retail trade; repair of motor vehicles and motorcycles,4.7,86.2,1.9,7.1
102,0 - 9,3.8,85.1,3.3,7.8
102,10 - 49,15.4,70.5,6.7,7.3
102,100 - 249,22.7,60.6,8.6,8.1
102,250 +,21.9,55.2,7.7,15.2
102,50 - 99,23.5,62.0,7.1,7.4
102,Accommodation and food service activities,8.1,77.5,4.6,9.7
102,Administrative and support service activities,4.6,82.9,3.3,9.2
102,All businesses,5.2,83.3,3.7,7.7
102,All size bands excluding 0 - 9,16.7,68.9,6.9,7.6
102,"Arts, entertainment and recreation",3.6,88.0,,8.1
102,Construction,4.8,81.6,5.3,8.3
102,Education,1.9,97.1,,
102,Human health and social work activities,9.8,74.1,1.1,15.0
102,Information and communication,5.9,80.2,5.3,8.6
102,Manufacturing,12.1,78.7,6.0,3.2
102,Other service activities,1.1,91.1,3.9,4.0
102,"Professional, scientific and technical activities",5.8,86.2,2.2,5.9
102,Real estate activities,1.8,89.4,4.0,4.7
102,Transportation and storage,6.5,75.7,4.2,13.7
102,Wholesale and retail trade; repair of motor vehicles and motorcycles,2.3,87.1,3.4,7.2
104,0 - 9,5.3,81.4,3.2,10.1
104,10 - 49,16.5,69.3,7.8,6.4
104,100 - 249,22.2,62.3,6.6,8.8
104,250 +,21.4,56.2,7.5,14.9
104,50 - 99,24.2,61.5,7.3,7.0
104,Accommodation and food service activities,12.0,74.9,7.0,6.0
104,Administrative and support service activities,5.6,82.7,3.7,8.0
104,All businesses,6.6,80.0,3.7,9.7
104,All size bands excluding 0 - 9,17.6,68.1,7.7,6.6
104,"Arts, entertainment and recreation",6.7,82.3,,10.3
104,Construction,6.5,77.4,4.0,12.1
104,Education,6.9,85.8,6.3,
104,Human health and social work activities,3.3,86.1,2.3,8.3
104,Information and communication,6.2,78.4,5.2,10.3
104,Manufacturing,8.4,85.2,4.2,2.2
104,Other service activities,5.0,77.8,8.7,8.4
104,"Professional, scientific and technical activities",5.5,85.0,3.4,6.1
104,Real estate activities,7.9,87.8,,4.1
104,Transportation and storage,5.5,61.8,4.8,28.0
104,Wholesale and retail trade; repair of motor vehicles and motorcycles,6.0,80.1,1.4,12.5
106,0 - 9,4.3,82.8,2.9,10.0
106,10 - 49,15.1,69.5,7.7,7.7
106,100 - 249,22.1,60.6,8.8,8.5
106,250 +,21.7,56.1,7.6,14.6
106,50 - 99,24.1,60.6,8.3,7.0
106,Accommodation and food service activities,5.6,76.4,10.4,7.6
106,Administrative and support service activities,5.3,84.8,2.8,7.1
106,All businesses,5.6,81.2,3.4,9.8
106,All size bands excluding 0 - 9,16.3,68.1,7.8,7.8
106,"Arts, entertainment and recreation",1.4,83.9,,13.8
106,Construction,5.6,78.9,2.0,13.5
106,Education,11.7,86.5,1.0,
106,Human health and social work activities,2.9,93.8,,2.7
106,Information and communication,8.8,80.4,2.9,7.9
106,Manufacturing,14.0,74.1,3.7,8.1
106,Other service activities,4.0,74.3,7.2,14.5
106,"Professional, scientific and technical activities",4.9,84.0,3.0,8.1
106,Real estate activities,5.4,81.2,12.5,
106,Transportation and storage,,74.7,1.8,22.9
106,Wholesale and retail trade; repair of motor vehicles and motorcycles,5.0,82.5,2.4,10.1
108,0 - 9,4.0,82.5,3.6,9.9
108,10 - 49,16.0,70.4,8.1,5.6
108,100 - 249,21.1,62.3,6.7,9.9
108,250 +,21.1,56.5,7.5,14.9
108,50 - 99,22.6,63.7,7.6,6.1
108,Accommodation and food service activities,8.7,70.5,7.7,13.1
108,Administrative and support service activities,4.7,81.3,6.7,7.3
108,All businesses,5.3,81.1,4.1,9.5
108,All size bands excluding 0 - 9,16.9,69.3,7.9,5.9
108,"Arts, entertainment and recreation",9.6,81.4,3.3,5.7
108,Construction,6.2,80.8,2.7,10.4
108,Education,2.8,84.7,7.1,5.5
108,Human health and social work activities,4.7,93.3,1.6,
108,Information and communication,4.6,80.5,3.6,11.3
108,Manufacturing,6.9,83.2,4.3,5.6
108,Other service activities,5.8,75.4,13.8,5.0
108,"Professional, scientific and technical activities",5.2,83.8,4.1,6.8
108,Real estate activities,,92.8,1.1,5.6
108,Transportation and storage,2.3,72.7,,24.7
108,"Water supply, sewerage, waste management and remediation activities",16.1,53.7,1.1,29.1
108,Wholesale and retail trade; repair of motor vehicles and motorcycles,4.3,82.8,2.5,10.5
110,0 - 9,3.5,82.9,3.2,10.4
110,10 - 49,15.5,71.1,6.8,6.6
110,100 - 249,20.1,64.7,6.4,8.9
110,250 +,20.5,58.6,7.3,13.6
110,50 - 99,22.2,62.7,7.7,7.4
110,Accommodation and food service activities,6.1,77.2,3.9,12.8
110,Administrative and support service activities,4.4,81.1,7.0,7.5
110,All businesses,4.9,81.5,3.6,10.0
110,All size bands excluding 0 - 9,16.4,69.9,6.9,6.8
110,"Arts, entertainment and recreation",4.5,89.8,,4.9
110,Construction,6.3,78.3,4.3,11.0
110,Education,7.2,81.0,1.7,10.1
110,Information and communication,5.1,84.3,,9.9
110,Manufacturing,4.1,88.2,1.4,6.3
110,Other service activities,,79.9,5.2,14.1
110,"Professional, scientific and technical activities",5.2,84.5,2.9,7.4
110,Real estate activities,2.0,84.6,4.4,9.0
110,Transportation and storage,4.5,67.9,5.5,22.1
110,Wholesale and retail trade; repair of motor vehicles and motorcycles,4.1,81.5,2.6,11.8
112,0 - 9,3.1,85.1,2.8,9.0
112,10 - 49,13.2,72.7,7.4,6.7
112,100 - 249,19.7,64.9,6.8,8.6
112,250 +,18.4,58.6,7.8,15.2
112,50 - 99,20.3,64.7,8.2,6.9
112,Accommodation and food service activities,3.2,83.9,9.5,3.4
112,Administrative and support service activities,2.8,87.3,2.7,7.2
112,All businesses,4.3,83.6,3.3,8.8
112,All size bands excluding 0 - 9,14.2,71.4,7.4,6.9
112,"Arts, entertainment and recreation",10.8,84.2,1.2,3.7
112,Construction,3.4,81.7,2.8,12.1
112,Education,6.9,79.9,6.9,6.3
112,Human health and social work activities,9.6,87.7,1.0,1.8
112,Information and communication,3.7,82.8,,12.9
112,Manufacturing,5.0,83.9,4.4,6.7
112,Other service activities,8.1,83.4,4.0,4.5
112,"Professional, scientific and technical activities",4.6,84.5,3.5,7.4
112,Real estate activities,1.9,82.1,,15.2
112,Transportation and storage,2.4,68.0,5.1,24.5
112,Wholesale and retail trade; repair of motor vehicles and motorcycles,4.1,86.8,2.0,7.1
114,0 - 9,4.0,83.5,3.4,9.1
114,10 - 49,12.8,71.6,9.5,6.1
114,100 - 249,20.1,62.9,8.1,8.9
114,250 +,20.3,56.5,8.4,14.9
114,50 - 99,20.6,62.0,9.9,7.4
114,Accommodation and food service activities,2.5,77.6,12.1,7.7
114,Administrative and support service activities,4.3,80.4,3.4,11.8
114,All businesses,5.1,82.1,4.1,8.8
114,All size bands excluding 0 - 9,13.9,70.2,9.4,6.5
114,"Arts, entertainment and recreation",4.7,91.3,,3.2
114,Construction,7.2,78.1,4.5,10.1
114,Education,14.2,71.4,7.5,6.9
114,Information and communication,6.5,76.8,4.4,12.3
114,Manufacturing,4.7,84.2,4.0,7.1
114,Other service activities,4.2,83.8,7.6,4.4
114,"Professional, scientific and technical activities",5.4,85.9,2.1,6.6
114,Real estate activities,2.5,88.7,,8.5
114,Transportation and storage,5.9,73.3,3.4,17.4
114,Wholesale and retail trade; repair of motor vehicles and motorcycles,2.2,85.9,3.4,8.5
116,0 - 9,4.1,83.6,3.5,8.7
116,10 - 49,12.8,69.6,11.7,5.9
116,100 - 249,18.6,64.7,8.2,8.6
116,250 +,18.6,57.0,9.5,14.9
116,50 - 99,19.4,63.2,10.4,7.0
116,Accommodation and food service activities,2.0,75.5,9.7,12.8
116,Administrative and support service activities,6.4,84.4,3.4,5.8
116,All businesses,5.2,82.0,4.4,8.5
116,All size bands excluding 0 - 9,13.7,68.6,11.4,6.2
116,"Arts, entertainment and recreation",7.8,79.7,3.6,8.8
116,Construction,6.6,76.0,6.8,10.6
116,Education,15.6,75.2,8.4,
116,Human health and social work activities,11.2,87.2,,1.0
116,Information and communication,7.0,76.1,3.7,13.3
116,Manufacturing,4.7,78.7,7.4,9.2
116,Other service activities,,95.2,3.5,
116,"Professional, scientific and technical activities",4.5,87.9,2.3,5.3
116,Real estate activities,1.8,84.0,3.9,10.4
116,Transportation and storage,3.7,71.0,5.8,19.4
116,Wholesale and retail trade; repair of motor vehicles and motorcycles,3.9,86.8,2.3,7.1
118,0 - 9,3.3,84.0,3.6,9.2
118,10 - 49,11.6,71.6,10.1,6.8
118,100 - 249,17.6,64.0,9.9,8.5
118,250 +,17.5,58.5,9.1,14.8
118,50 - 99,16.6,64.7,11.7,7.0
118,Accommodation and food service activities,1.7,79.4,11.3,7.6
118,Administrative and support service activities,5.3,81.4,4.8,8.6
118,All businesses,4.2,82.5,4.3,9.0
118,All size bands excluding 0 - 9,12.4,70.4,10.2,6.9
118,"Arts, entertainment and recreation",6.0,74.3,6.0,13.7
118,Construction,4.9,77.3,5.6,12.2
118,Education,2.1,87.8,2.1,8.0
118,Human health and social work activities,9.3,88.4,,1.4
118,Information and communication,2.9,85.2,3.6,8.3
118,Manufacturing,3.3,83.8,3.6,9.3
118,Other service activities,,88.9,,9.7
118,"Professional, scientific and technical activities",5.4,86.6,2.3,5.8
118,Real estate activities,7.9,84.7,7.1,
118,Transportation and storage,2.2,75.6,3.1,19.0
118,Wholesale and retail trade; repair of motor vehicles and motorcycles,3.8,83.7,3.4,9.2
120,0 - 9,2.3,84.8,3.3,9.6
120,10 - 49,10.1,70.8,12.1,7.0
120,100 - 249,16.1,63.9,11.0,9.0
120,250 +,14.7,59.0,10.9,15.3
120,50 - 99,14.7,65.4,13.1,6.8
120,Accommodation and food service activities,4.5,79.3,9.3,6.9
120,Administrative and support service activities,4.0,86.5,2.6,6.9
120,All businesses,3.2,83.2,4.2,9.3
120,All size bands excluding 0 - 9,10.9,69.8,12.1,7.2
120,"Arts, entertainment and recreation",5.0,72.7,4.7,17.6
120,Construction,4.5,80.6,5.2,9.6
120,Education,7.4,84.4,2.0,6.2
120,Human health and social work activities,2.3,84.4,2.6,10.8
120,Information and communication,2.7,84.7,4.5,8.1
120,Manufacturing,3.8,83.8,4.7,7.7
120,Other service activities,3.5,82.8,3.6,10.2
120,"Professional, scientific and technical activities",2.1,86.3,3.1,8.4
120,Real estate activities,4.1,71.1,14.1,10.7
120,Transportation and storage,2.1,80.2,1.2,16.4
120,Wholesale and retail trade; repair of motor vehicles and motorcycles,1.9,84.7,3.3,10.1
122,0 - 9,2.8,82.0,5.9,9.4
122,10 - 49,10.6,66.5,15.8,7.1
122,100 - 249,12.8,62.7,15.6,9.0
122,250 +,14.3,57.3,13.7,14.7
122,50 - 99,16.6,59.8,16.9,6.7
122,Accommodation and food service activities,,79.5,16.2,3.6
122,Administrative and support service activities,5.0,78.0,7.8,9.2
122,All businesses,3.7,80.2,6.9,9.2
122,All size bands excluding 0 - 9,11.3,65.6,15.9,7.2
122,"Arts, entertainment and recreation",3.1,83.9,2.3,10.6
122,Construction,4.1,77.9,6.3,11.8
122,Education,2.0,85.4,11.9,
122,Human health and social work activities,7.2,71.2,10.7,10.9
122,Information and communication,4.0,82.1,6.4,7.5
122,Manufacturing,4.3,80.8,7.3,7.6
122,Other service activities,4.0,71.8,12.3,11.8
122,"Professional, scientific and technical activities",4.1,85.2,4.9,5.9
122,Real estate activities,1.0,79.9,4.4,14.7
122,Transportation and storage,4.5,64.9,3.9,26.7
122,Wholesale and retail trade; repair of motor vehicles and motorcycles,2.5,83.5,5.4,8.6
124,0 - 9,3.9,81.5,4.6,10.0
124,10 - 49,10.9,67.9,14.1,7.2
124,100 - 249,15.2,61.6,14.3,8.8
124,250 +,18.0,56.5,11.0,14.5
124,50 - 99,16.9,60.9,15.2,7.0
124,Accommodation and food service activities,3.1,70.4,15.5,11.0
124,Administrative and support service activities,6.2,84.2,3.8,5.8
124,All businesses,4.7,79.9,5.7,9.7
124,All size bands excluding 0 - 9,11.7,66.8,14.2,7.3
124,"Arts, entertainment and recreation",5.4,72.8,5.2,16.6
124,Construction,4.6,73.5,7.0,14.9
124,Education,7.1,86.6,5.9,
124,Human health and social work activities,3.0,82.0,1.7,13.3
124,Information and communication,5.8,82.7,4.0,7.5
124,Manufacturing,5.3,84.9,5.1,4.6
124,Other service activities,6.8,75.0,9.6,8.7
124,"Professional, scientific and technical activities",3.9,87.3,2.3,6.5
124,Real estate activities,4.4,91.1,4.3,
124,Transportation and storage,3.3,63.3,4.9,28.6
124,Wholesale and retail trade; repair of motor vehicles and motorcycles,5.0,81.5,5.9,7.6
126,0 - 9,4.1,82.2,4.1,9.7
126,10 - 49,12.0,66.9,14.1,7.0
126,100 - 249,20.0,60.5,10.8,8.7
126,250 +,19.9,54.8,9.9,15.3
126,50 - 99,19.1,60.4,13.3,7.2
126,Accommodation and food service activities,7.5,75.4,11.1,6.0
126,Administrative and support service activities,4.7,83.4,3.6,8.3
126,All businesses,5.1,80.4,5.1,9.4
126,All size bands excluding 0 - 9,13.2,65.8,13.8,7.2
126,"Arts, entertainment and recreation",1.3,85.1,3.3,10.3
126,Construction,4.7,78.9,4.6,11.8
126,Education,1.6,87.6,10.3,
126,Human health and social work activities,3.1,79.6,1.7,15.6
126,Information and communication,7.9,81.2,2.3,8.5
126,Manufacturing,7.7,76.0,8.2,8.2
126,Other service activities,3.4,74.2,7.1,15.3
126,"Professional, scientific and technical activities",4.8,83.7,3.3,8.1
126,Real estate activities,12.0,70.3,6.3,11.3
126,Transportation and storage,6.4,65.5,5.2,22.9
126,Wholesale and retail trade; repair of motor vehicles and motorcycles,3.3,84.6,5.8,6.3
128,0 - 9,3.8,80.6,4.2,11.4
128,10 - 49,12.0,65.5,14.8,7.7
128,100 - 249,19.1,61.3,10.7,8.9
128,250 +,19.2,55.6,10.6,14.6
128,50 - 99,20.4,57.6,15.4,6.7
128,Accommodation and food service activities,2.5,75.6,12.6,9.3
128,Administrative and support service activities,4.3,82.7,5.9,7.1
128,All businesses,4.8,78.8,5.4,11.0
128,All size bands excluding 0 - 9,13.2,64.4,14.6,7.7
128,"Arts, entertainment and recreation",4.0,73.9,1.0,21.1
128,Construction,8.5,70.7,5.9,14.9
128,Education,7.4,90.2,1.5,1.0
128,Human health and social work activities,1.8,82.2,2.7,13.3
128,Information and communication,3.3,81.8,2.4,12.5
128,Manufacturing,5.4,76.5,9.5,8.7
128,Other service activities,6.5,66.7,4.5,22.3
128,"Professional, scientific and technical activities",3.7,85.9,4.8,5.6
128,Real estate activities,5.0,85.1,5.1,4.8
128,Transportation and storage,7.0,66.5,3.6,23.0
128,Wholesale and retail trade; repair of motor vehicles and motorcycles,3.9,81.9,4.5,9.7
130,0 - 9,2.8,80.7,5.9,10.6
130,10 - 49,12.3,64.9,14.3,8.5
130,100 - 249,20.1,60.6,10.5,8.8
130,250 +,19.5,54.5,11.4,14.7
130,50 - 99,20.1,59.2,14.6,6.1
130,Accommodation and food service activities,4.2,73.6,10.2,12.0
130,Administrative and support service activities,5.2,76.1,9.0,9.6
130,All businesses,4.0,78.9,6.8,10.3
130,All size bands excluding 0 - 9,13.5,64.0,14.1,8.4
130,"Arts, entertainment and recreation",1.8,77.1,4.4,16.6
130,Construction,4.0,80.3,6.9,8.8
130,Education,2.9,69.2,20.5,7.3
130,Information and communication,5.5,74.6,3.8,16.1
130,Manufacturing,6.4,74.5,7.6,11.4
130,Other service activities,,76.7,15.2,7.7
130,"Professional, scientific and technical activities",4.5,82.9,5.6,7.0
130,Real estate activities,4.0,88.5,4.1,3.4
130,Transportation and storage,,75.2,2.7,21.4
130,Wholesale and retail trade; repair of motor vehicles and motorcycles,3.2,80.9,6.7,9.2
132,0 - 9,3.3,81.6,4.3,10.8
132,10 - 49,11.9,69.4,11.6,7.1
132,100 - 249,18.5,63.1,9.2,9.1
132,250 +,19.2,57.4,8.3,15.0
132,50 - 99,19.2,62.1,12.1,6.6
132,Accommodation and food service activities,4.1,74.6,12.1,9.2
132,Administrative and support service activities,8.9,70.0,7.3,13.7
132,All businesses,4.3,80.2,5.1,10.4
132,All size bands excluding 0 - 9,13.0,68.3,11.5,7.2
132,"Arts, entertainment and recreation",1.5,76.2,3.0,19.3
132,Construction,4.4,79.1,3.3,13.3
132,Education,11.7,66.9,15.5,5.9
132,Human health and social work activities,1.7,86.9,8.9,2.5
132,Information and communication,6.2,79.9,1.3,12.6
132,Manufacturing,6.5,71.9,9.0,12.6
132,Other service activities,,70.6,6.7,22.3
132,"Professional, scientific and technical activities",3.3,88.6,2.5,5.7
132,Real estate activities,5.3,89.5,,4.4
132,Transportation and storage,2.3,77.6,3.7,16.4
132,Wholesale and retail trade; repair of motor vehicles and motorcycles,2.9,84.5,5.1,7.4
134,0 - 9,3.3,84.3,3.3,9.2
134,10 - 49,12.3,70.1,11.1,6.5
134,100 - 249,17.9,64.1,10.3,7.7
134,250 +,18.7,57.0,9.5,14.8
134,50 - 99,18.3,64.0,10.8,6.9
134,Accommodation and food service activities,4.3,79.8,8.2,7.7
134,Administrative and support service activities,4.1,84.9,4.6,6.4
134,All businesses,4.3,82.7,4.1,8.9
134,All size bands excluding 0 - 9,13.2,69.1,11.0,6.7
134,"Arts, entertainment and recreation",1.2,79.7,,18.3
134,Construction,4.0,87.2,2.8,6.0
134,Education,7.7,73.7,12.7,5.9
134,Human health and social work activities,7.8,89.3,1.5,1.4
134,Information and communication,4.3,76.7,2.5,16.4
134,Manufacturing,8.5,78.1,5.6,7.8
134,Other service activities,3.6,71.2,4.0,21.2
134,"Professional, scientific and technical activities",5.8,86.0,3.3,4.9
134,Real estate activities,3.9,78.9,7.2,10.0
134,Transportation and storage,4.3,80.4,3.9,11.4
134,Wholesale and retail trade; repair of motor vehicles and motorcycles,1.9,82.6,4.4,11.1
136,0 - 9,4.5,80.1,3.4,12.0
136,10 - 49,11.4,69.5,12.1,7.0
136,100 - 249,17.9,63.9,10.6,7.5
136,250 +,18.9,57.0,9.6,14.5
136,50 - 99,17.6,64.0,11.5,6.9
136,Accommodation and food service activities,4.5,70.9,8.4,16.2
136,Administrative and support service activities,6.5,81.8,4.7,7.0
136,All businesses,5.4,78.9,4.3,11.5
136,All size bands excluding 0 - 9,12.4,68.6,11.9,7.1
136,"Arts, entertainment and recreation",3.0,68.7,4.3,24.0
136,Construction,4.0,74.9,3.2,17.9
136,Education,2.2,74.4,7.5,15.9
136,Human health and social work activities,8.3,76.6,1.5,13.6
136,Information and communication,7.8,79.7,2.8,9.7
136,Manufacturing,3.5,78.6,9.3,8.6
136,Other service activities,,76.0,8.4,15.4
136,"Professional, scientific and technical activities",5.5,86.5,2.0,6.1
136,Real estate activities,8.6,86.5,,4.3
136,Transportation and storage,2.7,77.2,4.0,16.1
136,Wholesale and retail trade; repair of motor vehicles and motorcycles,7.1,78.3,5.1,9.5
138,0 - 9,3.2,82.9,4.4,9.5
138,10 - 49,10.8,67.6,14.6,7.0
138,100 - 249,17.0,63.3,11.1,8.7
138,250 +,18.0,56.3,10.3,15.4
138,50 - 99,18.1,61.4,14.0,6.4
138,Accommodation and food service activities,,65.6,14.3,19.3
138,Administrative and support service activities,6.9,81.6,6.5,5.1
138,All businesses,4.2,81.2,5.4,9.2
138,All size bands excluding 0 - 9,11.9,66.7,14.3,7.1
138,"Arts, entertainment and recreation",2.9,58.1,2.1,36.9
138,Construction,5.4,80.2,4.5,9.8
138,Education,1.9,84.1,13.1,
138,Human health and social work activities,8.1,84.9,5.7,1.3
138,Information and communication,2.7,84.2,3.7,9.4
138,Manufacturing,5.8,80.7,6.7,6.7
138,Other service activities,3.7,82.3,3.1,10.9
138,"Professional, scientific and technical activities",2.7,88.0,3.6,5.7
138,Real estate activities,4.0,85.0,4.2,6.8
138,Transportation and storage,2.4,74.0,2.4,21.3
138,Wholesale and retail trade; repair of motor vehicles and motorcycles,5.2,84.9,5.3,4.7
140,0 - 9,3.9,81.4,4.2,10.5
140,10 - 49,9.8,67.9,15.1,7.2
140,100 - 249,18.7,61.4,12.1,7.8
140,250 +,19.3,55.6,10.7,14.4
140,50 - 99,17.5,62.1,13.5,6.9
140,Accommodation and food service activities,3.7,78.1,9.0,9.2
140,Administrative and support service activities,4.3,78.4,6.8,10.5
140,All businesses,4.7,79.8,5.3,10.1
140,All size bands excluding 0 - 9,11.0,66.9,14.8,7.3
140,"Arts, entertainment and recreation",,82.2,2.4,15.1
140,Construction,5.6,79.5,2.7,12.2
140,Education,6.0,82.5,6.1,5.4
140,Human health and social work activities,16.1,76.3,1.6,6.0
140,Information and communication,2.8,86.3,1.3,9.6
140,Manufacturing,8.3,76.4,5.8,9.4
140,Other service activities,4.5,65.4,12.3,17.7
140,"Professional, scientific and technical activities",3.8,83.6,4.8,7.8
140,Real estate activities,8.9,71.4,4.2,15.5
140,Transportation and storage,3.2,78.4,2.4,16.0
140,Wholesale and retail trade; repair of motor vehicles and motorcycles,4.1,79.3,8.2,8.5
142,0 - 9,3.7,82.0,4.4,9.9
142,10 - 49,10.9,70.1,12.8,6.2
142,100 - 249,17.0,64.1,11.2,7.7
142,250 +,17.6,58.3,8.8,15.3
142,50 - 99,15.1,65.5,13.1,6.3
142,Accommodation and food service activities,2.5,74.4,13.4,9.8
142,Administrative and support service activities,3.1,82.3,6.0,8.5
142,All businesses,4.5,80.7,5.3,9.5
142,All size bands excluding 0 - 9,11.7,69.3,12.7,6.4
142,"Arts, entertainment and recreation",4.6,75.3,2.2,17.8
142,Construction,6.8,76.4,5.5,11.3
142,Education,1.8,85.6,11.8,
142,Human health and social work activities,3.0,88.6,1.6,6.8
142,Information and communication,4.9,80.5,5.1,9.6
142,Manufacturing,3.7,84.0,3.6,8.7
142,Other service activities,4.8,66.0,9.1,20.1
142,"Professional, scientific and technical activities",3.4,85.8,3.5,7.3
142,Real estate activities,1.7,84.3,,13.3
142,Transportation and storage,13.2,76.1,1.9,8.7
142,Wholesale and retail trade; repair of motor vehicles and motorcycles,3.9,82.5,4.9,8.7
144,0 - 9,3.2,81.8,4.9,10.2
144,10 - 49,8.8,72.3,12.1,6.7
144,100 - 249,14.0,66.7,10.7,8.6
144,250 +,16.5,59.4,7.9,16.1
144,50 - 99,13.1,66.7,13.2,7.1
144,Accommodation and food service activities,9.5,65.8,8.8,15.9
144,Administrative and support service activities,2.5,82.6,4.7,10.2
144,All businesses,3.9,80.7,5.6,9.8
144,All size bands excluding 0 - 9,9.6,71.4,12.1,6.9
144,"Arts, entertainment and recreation",6.3,68.8,2.2,22.7
144,Construction,2.7,80.9,7.3,9.1
144,Education,1.7,90.0,7.3,1.0
144,Human health and social work activities,8.0,70.0,1.4,20.7
144,Information and communication,3.2,80.2,5.1,11.5
144,Manufacturing,3.6,85.5,3.8,7.1
144,Other service activities,0.0,72.8,13.5,13.7
144,"Professional, scientific and technical activities",3.4,87.6,3.5,5.6
144,Real estate activities,1.1,94.5,3.8,
144,Transportation and storage,2.1,89.9,2.3,5.6
144,Wholesale and retail trade; repair of motor vehicles and motorcycles,4.6,77.6,7.5,10.3
146,0 - 9,4.3,76.1,7.7,11.9
146,10 - 49,9.8,65.1,16.6,8.4
146,100 - 249,14.7,62.4,14.4,8.4
146,250 +,13.7,57.1,12.8,16.4
146,50 - 99,13.6,61.8,17.9,6.8
146,Accommodation and food service activities,1.9,62.2,20.1,15.8
146,Administrative and support service activities,5.2,71.5,6.5,16.8
146,All businesses,5.0,74.9,8.6,11.5
146,All size bands excluding 0 - 9,10.5,64.6,16.6,8.3
146,"Arts, entertainment and recreation",8.9,67.9,8.7,14.4
146,Construction,4.5,76.1,6.5,12.9
146,Education,7.3,80.4,6.2,6.1
146,Human health and social work activities,11.6,80.2,1.7,6.6
146,Information and communication,6.6,72.9,9.6,10.9
146,Manufacturing,4.4,73.6,11.0,11.0
146,Other service activities,3.2,68.5,9.8,18.5
146,"Professional, scientific and technical activities",4.8,85.3,5.3,4.6
146,Real estate activities,1.3,75.9,13.6,9.1
146,Transportation and storage,4.9,71.1,9.7,14.3
146,Wholesale and retail trade; repair of motor vehicles and motorcycles,4.8,74.1,9.8,11.4
148,0 - 9,3.4,80.5,4.9,11.2
148,10 - 49,11.7,65.5,15.3,7.6
148,100 - 249,16.5,62.8,11.3,9.4
148,250 +,17.4,57.8,9.4,15.5
148,50 - 99,16.3,61.5,14.2,8.1
148,Accommodation and food service activities,3.9,71.4,17.3,7.5
148,Administrative and support service activities,2.7,79.9,6.5,10.9
148,All businesses,4.4,78.8,6.0,10.8
148,All size bands excluding 0 - 9,12.4,64.9,14.9,7.8
148,"Arts, entertainment and recreation",6.3,62.2,4.6,26.9
148,Construction,4.4,76.0,4.7,15.0
148,Education,7.3,85.5,5.9,1.3
148,Human health and social work activities,6.3,80.9,5.1,7.6
148,Information and communication,4.8,79.3,3.5,12.4
148,Manufacturing,4.2,76.1,7.5,12.2
148,Other service activities,6.8,69.4,3.8,20.0
148,"Professional, scientific and technical activities",4.6,85.7,3.2,6.5
148,Real estate activities,1.4,92.6,4.7,1.3
148,Transportation and storage,4.4,80.4,3.4,11.9
148,Wholesale and retail trade; repair of motor vehicles and motorcycles,4.2,78.7,7.5,9.7
150,0 - 9,3.5,80.9,4.0,11.5
150,10 - 49,12.2,66.7,13.0,8.1
150,100 - 249,20.5,60.8,9.2,9.5
150,250 +,19.4,56.0,7.5,17.1
150,50 - 99,20.0,61.1,10.4,8.5
150,Accommodation and food service activities,3.0,75.1,11.8,10.1
150,Administrative and support service activities,3.3,80.6,4.3,11.8
150,All businesses,4.6,79.2,5.0,11.2
150,All size bands excluding 0 - 9,13.4,65.8,12.5,8.3
150,"Arts, entertainment and recreation",13.4,74.3,3.6,8.7
150,Construction,5.7,73.9,3.5,17.0
150,Education,1.5,76.0,14.0,8.4
150,Human health and social work activities,6.8,82.7,1.1,9.4
150,Information and communication,3.5,78.0,6.2,12.2
150,Manufacturing,7.6,77.3,5.4,9.7
150,Other service activities,,82.6,7.0,10.2
150,"Professional, scientific and technical activities",5.2,86.4,2.7,5.7
150,Real estate activities,6.4,89.0,3.8,
150,Transportation and storage,1.5,77.7,5.6,15.1
150,Wholesale and retail trade; repair of motor vehicles and motorcycles,3.8,78.5,4.8,12.9
152,0 - 9,4.6,79.3,3.4,12.7
152,10 - 49,12.7,68.9,10.9,7.5
152,100 - 249,20.4,59.5,10.1,10.0
152,250 +,19.0,55.6,8.8,16.7
152,50 - 99,20.5,60.6,10.1,8.7
152,Accommodation and food service activities,9.3,71.1,12.0,7.5
152,Administrative and support service activities,6.6,78.0,5.0,10.4
152,All businesses,5.6,78.0,4.2,12.2
152,All size bands excluding 0 - 9,13.9,67.3,10.8,8.0
152,"Arts, entertainment and recreation",10.8,75.1,1.0,13.0
152,Construction,7.5,73.1,3.8,15.5
152,Education,8.4,84.1,,7.0
152,Human health and social work activities,3.0,71.3,6.2,19.5
152,Information and communication,4.3,78.5,3.7,13.6
152,Manufacturing,6.0,80.6,6.2,7.3
152,Other service activities,,86.7,,12.4
152,"Professional, scientific and technical activities",6.3,80.3,3.7,9.6
152,Real estate activities,1.1,84.0,,14.6
152,Transportation and storage,1.0,76.3,4.0,18.7
152,Wholesale and retail trade; repair of motor vehicles and motorcycles,3.8,81.6,2.2,12.4
154,0 - 9,4.7,79.0,4.2,12.0
154,10 - 49,10.5,70.9,11.1,7.4
154,100 - 249,19.2,60.8,9.9,10.1
154,250 +,19.6,57.8,8.0,14.5
154,50 - 99,19.4,61.9,10.9,7.8
154,Accommodation and food service activities,3.6,76.8,11.3,8.3
154,Administrative and support service activities,5.6,80.4,5.0,9.0
154,All businesses,5.5,78.0,4.9,11.6
154,All size bands excluding 0 - 9,12.0,69.3,11.0,7.8
154,"Arts, entertainment and recreation",10.2,73.8,11.1,4.9
154,Construction,6.3,74.5,3.7,15.5
154,Education,7.5,81.8,,10.3
154,Information and communication,6.1,76.7,4.9,12.3
154,Manufacturing,3.9,76.1,3.6,16.4
154,Other service activities,,88.6,4.9,5.9
154,"Professional, scientific and technical activities",6.7,84.9,2.1,6.3
154,Real estate activities,,93.2,4.7,1.5
154,Transportation and storage,4.9,54.5,6.9,33.7
154,Wholesale and retail trade; repair of motor vehicles and motorcycles,4.4,78.3,5.0,12.2
156,0 - 9,3.3,81.4,3.3,12.0
156,10 - 49,12.9,68.4,11.1,7.7
156,100 - 249,18.8,61.7,9.9,9.5
156,250 +,17.6,57.1,9.8,15.5
156,50 - 99,19.0,63.1,10.1,7.8
156,Accommodation and food service activities,4.1,77.4,12.3,6.2
156,Administrative and support service activities,4.1,79.4,5.6,10.9
156,All businesses,4.5,79.8,4.1,11.6
156,All size bands excluding 0 - 9,13.8,67.3,10.9,8.0
156,"Arts, entertainment and recreation",5.8,75.8,1.0,17.3
156,Construction,4.7,75.9,2.9,16.5
156,Education,7.0,79.9,,12.4
156,Human health and social work activities,8.4,77.9,2.0,11.7
156,Information and communication,9.1,81.9,3.1,5.9
156,Manufacturing,6.9,81.6,6.0,5.6
156,Other service activities,,83.4,,15.4
156,"Professional, scientific and technical activities",4.2,84.5,2.7,8.7
156,Real estate activities,,80.9,1.0,17.4
156,Transportation and storage,2.7,69.4,2.2,25.8
156,Wholesale and retail trade; repair of motor vehicles and motorcycles,2.6,81.6,5.0,10.8
158,0 - 9,1.9,82.3,3.8,12.0
158,10 - 49,10.8,71.6,11.4,6.2
158,100 - 249,19.1,61.8,9.3,9.8
158,250 +,18.6,57.4,8.1,15.8
158,50 - 99,18.6,64.8,9.9,6.7
158,Accommodation and food service activities,1.6,77.1,11.1,10.2
158,Administrative and support service activities,5.9,81.2,3.0,10.0
158,All businesses,3.0,80.9,4.6,11.4
158,All size bands excluding 0 - 9,12.1,70.1,11.1,6.7
158,"Arts, entertainment and recreation",1.6,73.9,9.3,15.1
158,Construction,1.8,75.6,4.5,18.2
158,Education,1.7,77.8,6.0,14.5
158,Information and communication,3.4,82.4,5.1,9.1
158,Manufacturing,4.8,85.2,4.3,5.7
158,Other service activities,3.2,70.6,9.1,17.0
158,"Professional, scientific and technical activities",2.8,88.6,2.8,5.8
158,Real estate activities,,98.1,,
158,Transportation and storage,,83.4,3.5,12.2
158,Wholesale and retail trade; repair of motor vehicles and motorcycles,4.1,78.3,4.1,13.5
160,0 - 9,4.0,79.3,3.7,13.0
160,10 - 49,11.4,72.1,10.0,6.4
160,100 - 249,17.2,64.2,8.8,9.8
160,250 +,16.7,59.1,8.3,15.9
160,50 - 99,18.1,64.9,9.8,7.2
160,Accommodation and food service activities,8.3,70.7,10.7,10.3
160,Administrative and support service activities,4.5,81.8,2.7,11.1
160,All businesses,5.0,78.4,4.3,12.3
160,All size bands excluding 0 - 9,12.5,70.7,9.9,6.9
160,"Arts, entertainment and recreation",1.2,82.7,6.6,9.5
160,Construction,6.3,72.9,2.1,18.7
160,Education,3.2,84.6,1.3,10.8
160,Human health and social work activities,17.3,80.3,,1.8
160,Information and communication,3.2,78.2,5.0,13.7
160,Manufacturing,7.8,73.5,4.2,14.5
160,Other service activities,5.2,64.1,6.0,24.7
160,"Professional, scientific and technical activities",3.0,83.3,3.8,10.0
160,Real estate activities,,87.2,6.0,6.2
160,Transportation and storage,4.0,71.4,,24.2
160,Wholesale and retail trade; repair of motor vehicles and motorcycles,4.4,82.5,5.7,7.4
162,0 - 9,2.6,80.2,4.9,12.3
162,10 - 49,10.4,68.5,13.4,7.7
162,100 - 249,16.7,61.4,10.9,11.1
162,250 +,18.0,55.6,9.4,17.0
162,50 - 99,18.5,62.2,11.6,7.7
162,Accommodation and food service activities,1.1,73.5,15.7,9.7
162,Administrative and support service activities,6.6,79.5,3.8,10.1
162,All businesses,3.6,78.8,5.8,11.8
162,All size bands excluding 0 - 9,11.7,67.2,13.0,8.1
162,"Arts, entertainment and recreation",,81.2,9.1,9.5
162,Construction,4.7,77.1,4.2,14.0
162,Education,2.1,87.3,10.0,
162,Human health and social work activities,9.4,74.4,1.3,14.9
162,Information and communication,4.8,77.4,,16.9
162,Manufacturing,8.1,81.2,2.8,7.9
162,Other service activities,2.6,71.9,10.9,14.6
162,"Professional, scientific and technical activities",3.6,81.3,4.9,10.2
162,Real estate activities,,85.1,7.1,7.7
162,Transportation and storage,,77.4,2.7,19.0
162,Wholesale and retail trade; repair of motor vehicles and motorcycles,1.6,79.5,7.3,11.6
164,0 - 9,2.8,81.0,4.5,11.8
164,10 - 49,11.7,69.9,12.0,6.4
164,100 - 249,18.0,61.9,10.6,9.6
164,250 +,18.3,55.7,8.9,17.1
164,50 - 99,18.4,63.5,11.3,6.7
164,Accommodation and food service activities,3.3,72.3,13.4,10.9
164,Administrative and support service activities,6.1,80.4,2.6,10.9
164,All businesses,3.9,79.7,5.2,11.2
164,All size bands excluding 0 - 9,12.7,68.8,11.8,6.7
164,"Arts, entertainment and recreation",,62.3,2.8,34.1
164,Construction,3.0,81.5,4.4,11.2
164,Education,7.4,77.7,8.0,6.9
164,Human health and social work activities,4.0,68.7,,27.1
164,Information and communication,2.2,83.5,1.6,12.6
164,Manufacturing,7.2,79.7,6.8,6.4
164,Other service activities,2.8,85.3,3.1,8.8
164,"Professional, scientific and technical activities",3.7,83.3,5.7,7.2
164,Real estate activities,,91.4,7.3,1.2
164,Transportation and storage,7.9,70.0,1.8,20.4
164,Wholesale and retail trade; repair of motor vehicles and motorcycles,3.6,81.1,6.5,8.8
