wave,breakdown,Employees increased working hours,Business had to pause trading entirely,Had to pause trading of some of the business,Business had to recruit temporary workers,Unable to meet demands,Other,Not sure,Business has not experienced any challenges due to shortage of workers
103,0 - 9,6.1,,2.8,2.8,6.2,1.2,7.9,75.8
103,10 - 49,17.7,,2.8,7.6,9.8,1.7,6.9,62.1
103,100 - 249,21.6,0.0,,14.8,8.5,1.3,10.7,56.5
103,250 +,20.3,,1.4,16.6,7.7,1.2,17.6,51.9
103,50 - 99,22.1,,1.5,12.8,10.9,1.6,8.0,56.8
103,Accommodation and food service activities,13.3,,8.9,5.8,6.1,2.1,13.6,59.4
103,Administrative and support service activities,7.4,0.0,2.7,3.3,7.1,1.8,7.5,75.8
103,All businesses,7.4,,2.8,3.4,6.6,1.2,7.8,74.2
103,All size bands excluding 0 - 9,18.4,,2.5,8.7,9.8,1.7,7.5,61.0
103,"Arts, entertainment and recreation",10.5,0.0,,,,,5.8,82.7
103,Construction,5.2,1.2,2.8,4.4,7.5,,10.7,70.4
103,Education,11.7,0.0,0.0,5.5,1.1,,5.8,80.7
103,Human health and social work activities,7.5,0.0,0.0,10.0,2.9,,15.8,65.5
103,Information and communication,4.0,,2.5,2.9,5.9,1.3,8.8,77.0
103,Manufacturing,12.3,1.8,5.9,3.0,9.4,,4.6,70.0
103,Other service activities,4.0,0.0,3.3,,7.1,3.5,10.2,71.8
103,"Professional, scientific and technical activities",6.9,,1.6,1.3,4.3,1.7,3.8,81.9
103,Real estate activities,11.1,0.0,3.4,,,0.0,4.1,80.7
103,Transportation and storage,5.4,0.0,,4.9,6.6,,6.7,82.5
103,Wholesale and retail trade; repair of motor vehicles and motorcycles,7.5,0.0,2.6,4.1,10.6,1.2,7.6,71.3
109,0 - 9,8.0,,2.0,3.1,6.2,,7.3,76.4
109,10 - 49,20.8,,3.3,7.7,9.9,1.8,7.4,59.5
109,100 - 249,22.4,,1.2,15.2,8.8,1.2,10.4,56.0
109,250 +,17.5,,1.1,15.1,7.4,,15.6,56.2
109,50 - 99,24.9,,1.8,15.4,9.7,1.1,7.3,54.7
109,Accommodation and food service activities,19.3,,5.8,12.1,4.9,,3.7,62.3
109,Administrative and support service activities,4.9,,3.2,7.1,8.1,,8.0,76.1
109,All businesses,9.5,,2.1,3.8,6.6,,7.4,74.5
109,All size bands excluding 0 - 9,21.2,,3.1,8.9,9.8,1.7,7.6,58.9
109,"Arts, entertainment and recreation",8.0,2.9,5.1,5.9,9.8,,3.6,69.0
109,Construction,6.0,0.0,,4.1,7.2,,8.3,77.5
109,Education,1.6,0.0,,1.2,16.7,5.1,,75.7
109,Human health and social work activities,29.7,0.0,,2.6,17.7,,7.5,60.3
109,Information and communication,9.5,1.4,1.4,1.9,7.1,2.0,10.3,71.0
109,Manufacturing,11.0,,2.2,4.3,6.8,,7.9,73.4
109,Other service activities,8.2,0.0,4.0,,11.3,0.0,4.2,76.0
109,"Professional, scientific and technical activities",8.5,0.0,1.9,1.5,3.1,1.2,8.2,77.0
109,Real estate activities,1.7,0.0,0.0,,,,,97.2
109,Transportation and storage,7.9,0.0,2.7,2.5,11.1,2.3,9.2,71.6
109,Wholesale and retail trade; repair of motor vehicles and motorcycles,10.3,0.0,1.1,2.4,4.8,,7.4,77.1
115,0 - 9,6.9,,1.9,3.5,5.3,1.3,6.1,78.3
115,10 - 49,19.8,,3.1,8.0,9.7,1.4,6.9,60.6
115,100 - 249,20.6,,1.2,14.3,8.5,1.0,10.2,58.0
115,250 +,17.2,0.0,,13.5,6.9,,14.9,58.4
115,50 - 99,23.4,,1.5,14.4,9.0,1.5,6.7,57.3
115,Accommodation and food service activities,18.1,,3.5,8.6,7.6,,7.3,63.0
115,Administrative and support service activities,7.0,,1.4,5.1,6.7,1.3,6.1,76.2
115,All businesses,8.3,,2.0,4.1,5.8,1.3,6.2,76.4
115,All size bands excluding 0 - 9,20.1,,2.8,8.9,9.5,1.3,7.1,60.2
115,"Arts, entertainment and recreation",14.7,2.1,2.0,1.6,4.8,5.8,10.8,63.1
115,Construction,8.5,,3.4,8.4,7.7,,5.1,73.1
115,Education,7.1,0.0,,,1.1,0.0,6.4,84.9
115,Human health and social work activities,20.6,6.4,,3.9,3.1,,1.3,74.7
115,Information and communication,6.5,,3.4,3.6,3.0,1.4,6.1,79.1
115,Manufacturing,8.3,0.0,1.0,3.4,6.2,,5.4,79.0
115,Other service activities,11.9,0.0,,,8.9,,11.7,67.5
115,"Professional, scientific and technical activities",6.0,,1.4,2.2,3.6,1.6,3.5,84.0
115,Real estate activities,,0.0,0.0,,8.2,0.0,,90.4
115,Transportation and storage,4.4,0.0,1.7,2.3,11.0,2.6,11.5,70.4
115,Wholesale and retail trade; repair of motor vehicles and motorcycles,7.1,0.0,1.9,2.9,5.1,2.0,8.0,78.0
121,0 - 9,7.1,,2.4,2.7,6.4,,7.8,75.8
121,10 - 49,17.9,,2.5,7.1,10.6,1.7,5.9,63.1
121,100 - 249,20.5,0.0,1.6,15.2,9.2,1.4,8.9,58.3
121,250 +,16.9,0.0,1.1,14.5,7.0,,14.9,57.7
121,50 - 99,20.7,0.0,1.3,13.9,9.8,1.3,6.8,58.7
121,Accommodation and food service activities,12.2,,6.7,6.3,3.8,,7.6,66.1
121,Administrative and support service activities,7.0,,,2.4,10.9,,5.8,76.2
121,All businesses,8.3,,2.4,3.3,6.9,,7.6,74.4
121,All size bands excluding 0 - 9,18.3,,2.3,8.2,10.4,1.6,6.2,62.4
121,"Arts, entertainment and recreation",13.9,0.0,,2.7,2.2,,6.4,76.9
121,Construction,4.4,0.0,3.2,3.6,7.7,,8.4,75.4
121,Education,11.7,0.0,,,6.4,0.0,,81.1
121,Human health and social work activities,7.9,4.5,,7.0,7.1,,14.5,61.6
121,Information and communication,7.3,1.2,1.8,1.0,8.2,2.3,8.9,74.7
121,Manufacturing,11.8,1.5,,2.7,6.4,,7.5,72.6
121,Other service activities,3.2,2.9,5.8,,7.1,,8.7,75.0
121,"Professional, scientific and technical activities",7.3,,1.0,2.7,3.6,,6.3,79.8
121,Real estate activities,15.5,0.0,0.0,5.4,5.6,5.5,,67.8
121,Transportation and storage,13.1,0.0,5.5,5.8,11.0,1.3,12.7,63.6
121,Wholesale and retail trade; repair of motor vehicles and motorcycles,8.8,,2.8,3.8,8.0,,7.7,74.9
127,0 - 9,5.4,,1.9,3.6,7.2,1.0,7.3,76.4
127,10 - 49,20.5,,3.2,7.6,11.2,1.3,6.9,59.7
127,100 - 249,19.4,,1.5,14.7,8.7,1.3,9.5,57.6
127,250 +,15.9,0.0,1.2,13.9,7.1,1.0,15.3,58.1
127,50 - 99,22.2,,1.8,13.1,9.8,1.2,7.5,57.3
127,Accommodation and food service activities,13.9,2.0,6.4,7.0,4.7,,9.2,64.2
127,Administrative and support service activities,4.2,0.0,,2.6,9.6,4.2,6.0,76.4
127,All businesses,7.1,,2.0,4.1,7.6,1.1,7.3,74.6
127,All size bands excluding 0 - 9,20.6,,2.9,8.5,10.9,1.3,7.1,59.3
127,"Arts, entertainment and recreation",5.1,,,3.3,5.4,2.5,2.9,84.1
127,Construction,3.5,2.1,1.5,5.2,12.5,,10.5,67.9
127,Education,2.4,0.0,,5.7,11.3,0.0,14.0,72.1
127,Human health and social work activities,15.7,0.0,,3.3,5.3,,1.7,77.7
127,Information and communication,3.8,,0.0,3.0,4.7,,8.2,82.0
127,Manufacturing,10.7,1.4,1.3,5.2,10.5,2.8,7.2,69.4
127,Other service activities,,0.0,8.1,3.4,3.9,,10.7,72.9
127,"Professional, scientific and technical activities",6.4,,,2.6,2.7,1.0,3.6,84.1
127,Real estate activities,1.5,0.0,0.0,,9.5,0.0,8.6,80.5
127,Transportation and storage,6.6,0.0,,6.6,15.6,1.5,7.4,65.0
127,Wholesale and retail trade; repair of motor vehicles and motorcycles,11.2,,4.0,4.4,7.7,,8.2,72.3
133,0 - 9,5.9,,2.3,3.2,7.7,1.3,7.0,76.0
133,10 - 49,17.7,,3.7,8.2,12.7,1.4,7.5,59.5
133,100 - 249,17.5,0.0,1.0,14.6,8.5,1.5,10.1,58.4
133,250 +,12.5,,1.0,12.8,6.5,,16.2,59.8
133,50 - 99,18.5,,1.5,12.5,9.7,1.6,7.3,59.8
133,Accommodation and food service activities,17.4,1.7,3.8,9.5,8.4,,3.6,66.6
133,Administrative and support service activities,9.2,0.0,4.3,3.0,9.8,0.0,4.5,72.3
133,All businesses,7.2,,2.4,3.8,8.1,1.3,7.0,74.2
133,All size bands excluding 0 - 9,17.7,,3.3,9.0,12.2,1.4,7.7,59.5
133,"Arts, entertainment and recreation",2.4,,4.0,1.1,,1.9,17.3,74.1
133,Construction,4.0,,1.6,4.1,8.9,,6.6,78.6
133,Education,1.6,0.0,,,,,1.2,95.8
133,Human health and social work activities,5.8,0.0,5.9,3.2,20.7,,1.1,73.1
133,Information and communication,4.6,,1.3,,6.6,2.1,5.2,81.2
133,Manufacturing,8.3,0.0,3.1,4.3,9.2,5.1,9.5,68.1
133,Other service activities,4.0,3.4,,10.8,17.4,0.0,31.1,39.9
133,"Professional, scientific and technical activities",7.0,,1.4,2.3,4.5,1.3,4.5,81.0
133,Real estate activities,5.1,0.0,,,11.3,0.0,7.5,76.3
133,Transportation and storage,9.7,1.6,1.6,4.3,9.6,1.7,13.1,66.9
133,Wholesale and retail trade; repair of motor vehicles and motorcycles,7.0,1.1,3.0,4.5,8.6,2.4,6.9,71.7
139,0 - 9,7.3,1.1,2.3,3.1,7.0,1.7,8.1,75.3
139,10 - 49,17.8,,3.7,9.3,11.2,2.0,6.7,60.4
139,100 - 249,17.7,0.0,1.2,16.2,8.4,1.2,10.7,56.6
139,250 +,11.8,,,13.3,6.5,1.1,14.9,61.0
139,50 - 99,18.7,,1.7,12.9,10.2,1.3,8.2,57.7
139,Accommodation and food service activities,16.9,7.6,7.5,4.7,14.1,,11.1,56.6
139,Administrative and support service activities,6.5,,1.0,2.4,5.4,4.2,7.8,74.3
139,All businesses,8.4,1.0,2.4,3.9,7.4,1.7,7.9,73.6
139,All size bands excluding 0 - 9,17.8,,3.4,10.0,11.0,1.8,7.1,59.9
139,"Arts, entertainment and recreation",6.0,,,3.2,4.8,,14.8,73.7
139,Construction,6.4,0.0,,7.7,9.5,,7.6,73.2
139,Education,1.4,0.0,,1.9,7.8,,6.8,83.2
139,Human health and social work activities,13.5,0.0,,7.3,2.0,,5.9,77.1
139,Information and communication,9.1,,2.0,1.4,6.4,,9.3,76.2
139,Manufacturing,7.6,,5.9,4.5,8.0,,6.4,73.4
139,Other service activities,,0.0,0.0,0.0,12.6,4.6,23.0,68.2
139,"Professional, scientific and technical activities",7.0,,1.8,3.5,3.4,2.1,4.5,80.9
139,Real estate activities,1.6,0.0,4.4,,,,9.7,83.3
139,Transportation and storage,6.0,,,6.0,14.5,6.4,4.9,69.5
139,Wholesale and retail trade; repair of motor vehicles and motorcycles,11.7,,4.1,2.7,7.3,2.2,7.3,72.2
145,0 - 9,8.7,,3.3,4.2,8.9,,8.4,70.8
145,10 - 49,16.8,,3.1,7.9,10.5,1.0,8.1,60.9
145,100 - 249,18.5,0.0,,15.0,8.0,1.3,9.3,59.1
145,250 +,11.8,0.0,,13.5,4.7,,15.4,61.8
145,50 - 99,18.9,,1.7,13.2,10.5,1.2,7.2,58.8
145,Accommodation and food service activities,22.6,2.2,7.1,3.0,10.0,1.0,12.7,52.7
145,Administrative and support service activities,7.1,,1.0,4.4,6.5,1.7,8.8,75.7
145,All businesses,9.6,,3.2,4.7,9.1,,8.4,69.7
145,All size bands excluding 0 - 9,17.1,,2.8,8.8,10.3,1.1,8.1,60.6
145,"Arts, entertainment and recreation",8.1,,5.7,,5.8,3.6,16.7,65.2
145,Construction,11.3,0.0,,8.8,19.4,0.0,7.6,60.1
145,Education,7.4,0.0,,1.7,1.4,,1.3,89.2
145,Human health and social work activities,4.7,0.0,4.7,11.2,3.2,,5.8,72.6
145,Information and communication,6.8,,3.9,2.0,8.3,0.0,8.3,76.1
145,Manufacturing,11.9,,7.6,7.1,10.2,1.3,9.0,59.2
145,Other service activities,13.4,0.0,8.1,4.2,5.0,0.0,13.3,60.1
145,"Professional, scientific and technical activities",6.3,,1.2,2.2,5.0,,5.5,81.5
145,Real estate activities,5.7,0.0,4.6,,,4.6,5.9,78.4
145,Transportation and storage,5.2,7.3,9.7,4.8,13.4,,11.6,66.6
145,Wholesale and retail trade; repair of motor vehicles and motorcycles,10.3,,2.4,5.5,8.4,2.0,8.1,69.3
151,0 - 9,6.4,,1.8,3.4,7.9,2.1,7.7,75.0
151,10 - 49,13.0,,1.8,6.5,9.8,1.7,7.5,66.4
151,100 - 249,13.2,,,10.2,7.8,1.2,10.6,64.5
151,250 +,10.1,0.0,,10.5,4.8,,15.8,65.3
151,50 - 99,12.6,,1.2,9.0,8.4,1.1,8.4,66.7
151,Accommodation and food service activities,13.7,3.3,7.7,8.2,9.9,2.4,5.6,61.3
151,Administrative and support service activities,8.5,0.0,,1.8,6.4,1.0,4.8,81.3
151,All businesses,7.1,,1.8,3.8,8.0,2.1,7.7,74.1
151,All size bands excluding 0 - 9,12.9,,1.7,7.0,9.5,1.6,7.8,66.3
151,"Arts, entertainment and recreation",5.4,2.3,2.4,,,5.6,22.4,61.4
151,Construction,8.8,1.5,,8.5,12.2,1.6,6.8,69.2
151,Education,7.6,,0.0,7.6,13.6,,13.4,63.9
151,Human health and social work activities,3.5,0.0,,2.7,11.8,,10.2,73.5
151,Information and communication,3.5,,1.5,2.0,6.4,1.6,7.6,82.1
151,Manufacturing,11.1,0.0,5.5,8.8,5.1,2.2,10.4,66.0
151,Other service activities,6.5,0.0,0.0,0.0,15.1,0.0,3.3,75.2
151,"Professional, scientific and technical activities",7.0,,,1.4,5.5,2.7,4.3,81.5
151,Real estate activities,,0.0,0.0,,4.0,0.0,,94.5
151,Transportation and storage,4.0,1.7,1.8,2.5,8.6,4.8,16.2,64.0
151,Wholesale and retail trade; repair of motor vehicles and motorcycles,5.3,,2.3,2.1,8.0,2.1,8.8,75.5
157,0 - 9,6.4,,2.1,2.6,6.7,1.3,7.4,76.9
157,10 - 49,11.7,,2.5,7.3,10.9,1.5,8.1,65.8
157,100 - 249,13.5,,,10.8,7.7,,13.2,62.3
157,250 +,10.3,0.0,,10.1,5.9,1.2,17.2,62.8
157,50 - 99,13.0,,1.1,8.6,9.9,1.6,9.7,64.1
157,Accommodation and food service activities,13.4,,5.0,1.9,8.6,1.4,14.5,63.4
157,Administrative and support service activities,6.1,0.0,,1.4,5.8,,4.8,81.9
157,All businesses,7.0,,2.1,3.1,7.1,1.3,7.5,75.6
157,All size bands excluding 0 - 9,11.9,,2.2,7.7,10.6,1.4,8.7,65.4
157,"Arts, entertainment and recreation",10.7,0.0,0.0,7.0,3.6,3.3,3.7,75.3
157,Construction,8.8,,2.1,4.6,9.5,1.0,9.0,67.3
157,Education,6.2,0.0,4.9,,5.6,,1.3,91.3
157,Human health and social work activities,1.9,0.0,,13.9,2.4,6.6,12.6,64.3
157,Information and communication,1.5,0.0,2.4,,2.5,,3.3,90.7
157,Manufacturing,8.1,,3.9,4.6,6.4,,8.3,73.3
157,Other service activities,2.6,2.1,,2.2,13.5,0.0,15.5,68.3
157,"Professional, scientific and technical activities",6.7,,1.9,3.1,5.4,1.4,4.0,81.6
157,Real estate activities,5.1,0.0,0.0,,,0.0,4.5,89.7
157,Transportation and storage,2.4,0.0,1.8,,9.2,3.4,10.7,74.0
157,Wholesale and retail trade; repair of motor vehicles and motorcycles,7.9,0.0,2.2,2.9,10.0,1.4,8.5,72.7
