wave,breakdown,Very concerned,Somewhat concerned,Not concerned,Not sure
158,Accommodation and food service activities,43.2,40.0,9.0,7.7
158,All businesses,30.7,34.5,24.6,10.2
158,Education,15.9,33.2,40.1,10.8
158,Human health and social work activities,36.0,23.2,28.4,12.4
158,Manufacturing,35.3,42.0,16.6,6.2
158,"Professional, scientific and technical activities",18.8,32.4,37.6,11.1
158,Real estate activities,32.8,22.9,43.0,1.2
158,Wholesale and retail trade; repair of motor vehicles and motorcycles,32.1,42.5,15.7,9.7
160,Accommodation and food service activities,84.8,8.6,5.8,
160,Administrative and support service activities,9.7,22.1,37.9,30.3
160,All businesses,26.1,48.7,17.8,7.4
160,"Arts, entertainment and recreation",1.5,78.4,19.9,
160,Construction,26.1,70.7,3.1,
160,Education,,10.5,45.6,43.7
160,Human health and social work activities,2.8,93.7,2.3,1.3
160,Information and communication,3.0,37.9,55.6,3.4
160,Manufacturing,30.5,56.0,11.0,2.4
160,"Professional, scientific and technical activities",14.8,57.9,25.7,1.6
160,Real estate activities,44.2,5.0,48.0,2.8
160,Transportation and storage,83.0,15.9,,
160,Wholesale and retail trade; repair of motor vehicles and motorcycles,30.0,46.1,11.9,11.9
162,Accommodation and food service activities,82.0,5.7,11.8,
162,Administrative and support service activities,16.2,44.1,31.8,7.8
162,All businesses,24.4,43.1,29.0,3.5
162,"Arts, entertainment and recreation",8.3,80.8,9.5,1.3
162,Construction,73.9,24.5,1.4,
162,Education,,21.0,76.2,2.3
162,Human health and social work activities,44.7,51.8,3.1,
162,Information and communication,2.7,24.3,71.4,1.6
162,Manufacturing,16.6,67.6,13.3,2.6
162,"Professional, scientific and technical activities",16.8,38.4,39.3,5.5
162,Real estate activities,,64.6,33.0,2.2
162,Transportation and storage,43.0,54.5,1.9,
162,Wholesale and retail trade; repair of motor vehicles and motorcycles,26.4,44.5,25.2,4.0
164,Accommodation and food service activities,50.4,47.9,,
164,Administrative and support service activities,36.8,32.4,30.6,
164,All businesses,26.2,44.1,25.8,3.9
164,"Arts, entertainment and recreation",,89.1,10.2,
164,Construction,67.4,31.1,,1.0
164,Education,4.4,10.1,84.3,1.2
164,Human health and social work activities,12.4,84.2,3.1,
164,Information and communication,9.1,24.9,57.2,8.8
164,Manufacturing,18.1,69.0,11.9,1.0
164,"Professional, scientific and technical activities",20.8,36.7,37.0,5.6
164,Real estate activities,4.1,4.4,91.2,
164,Transportation and storage,17.8,81.6,,
164,Wholesale and retail trade; repair of motor vehicles and motorcycles,32.7,44.3,18.5,4.5
