wave,breakdown,Develop a new product or service,Explore a new market,Improve business operations,"Provide, or personalise, products or services to customers",Other,Not sure,Not applicable,"Develop a new product or service, or explore a new market"
92,0 - 9,,,37.3,22.5,4.3,33.5,9.4,16.1
92,10 - 49,,,28.3,18.1,5.7,39.2,11.1,10.8
92,100 - 249,,,31.4,10.1,3.6,48.6,8.9,8.8
92,250 +,,,30.2,9.6,2.6,54.4,8.1,6.2
92,50 - 99,,,33.4,14.9,3.7,43.6,9.6,11.3
92,Administrative and support service activities,,,51.5,15.3,1.4,36.1,2.9,14.1
92,All businesses,,,36.0,21.5,4.4,34.8,9.6,15.2
92,All size bands excluding 0 - 9,,,29.2,16.4,5.0,41.7,10.5,10.2
92,Information and communication,,,53.8,30.1,2.9,23.0,3.6,33.3
92,"Professional, scientific and technical activities",,,46.2,27.8,5.3,23.7,5.0,23.9
92,Wholesale and retail trade; repair of motor vehicles and motorcycles,,,30.4,25.1,2.6,37.4,8.6,5.0
98,0 - 9,,,36.4,23.7,9.9,24.4,14.7,20.4
98,10 - 49,,,33.6,13.5,5.5,33.8,16.9,11.7
98,100 - 249,,,34.6,13.4,4.0,47.2,7.2,7.4
98,250 +,,,32.4,11.3,2.9,54.0,5.9,5.7
98,50 - 99,,,38.4,18.2,5.3,37.8,9.0,10.0
98,Administrative and support service activities,,,41.7,22.7,5.9,13.4,22.1,6.2
98,All businesses,,,36.1,22.1,9.1,26.5,14.6,18.8
98,All size bands excluding 0 - 9,,,34.1,13.7,5.1,37.2,14.3,10.6
98,Information and communication,,,44.1,27.9,11.0,21.2,7.6,38.9
98,"Professional, scientific and technical activities",,,51.9,24.7,12.4,13.5,10.7,23.9
98,Wholesale and retail trade; repair of motor vehicles and motorcycles,,,22.0,25.0,4.2,34.2,11.8,14.9
105,0 - 9,19.6,7.6,39.4,22.5,7.6,25.2,12.8,
105,10 - 49,12.3,6.2,40.0,18.0,3.8,34.0,10.3,
105,100 - 249,10.9,3.2,37.0,14.5,2.6,44.3,7.4,
105,250 +,10.2,3.5,38.1,11.4,2.4,48.4,7.2,
105,50 - 99,13.9,5.1,40.3,16.3,2.2,34.9,11.3,
105,Administrative and support service activities,13.4,5.6,36.4,15.5,7.6,32.8,14.5,
105,All businesses,18.7,7.4,39.4,21.9,7.1,26.4,12.4,
105,All size bands excluding 0 - 9,12.4,5.8,39.8,17.4,3.5,35.2,10.1,
105,Construction,8.4,,1.9,14.2,,35.0,40.1,
105,Information and communication,44.4,19.6,49.1,27.0,7.1,23.1,2.9,
105,Manufacturing,11.2,6.2,24.8,24.4,7.0,18.9,32.0,
105,Other service activities,12.8,7.9,25.3,28.1,7.5,43.6,,
105,"Professional, scientific and technical activities",22.3,7.7,64.5,23.5,9.3,11.0,5.6,
105,Wholesale and retail trade; repair of motor vehicles and motorcycles,7.1,3.3,27.1,9.1,3.2,37.0,22.1,
111,0 - 9,14.8,6.6,40.5,21.7,8.1,22.7,13.6,
111,10 - 49,16.1,6.2,40.0,17.5,2.4,28.9,16.2,
111,100 - 249,12.7,5.5,41.8,11.2,2.3,41.6,8.6,
111,250 +,9.4,4.1,37.4,12.9,1.4,49.5,5.4,
111,50 - 99,14.4,5.9,40.9,16.4,2.8,35.8,11.2,
111,Administrative and support service activities,16.8,,45.9,10.7,7.5,28.6,7.6,
111,All businesses,14.9,6.5,40.5,21.0,7.3,23.9,13.8,
111,All size bands excluding 0 - 9,15.5,6.0,40.2,16.7,2.5,31.2,14.7,
111,Construction,6.5,,9.4,19.7,,33.5,30.9,
111,Information and communication,28.3,8.8,57.4,29.2,,20.6,2.5,
111,Manufacturing,13.0,,34.0,20.1,1.2,36.4,18.3,
111,"Professional, scientific and technical activities",18.1,8.7,55.9,27.9,9.1,15.3,6.6,
111,"Water supply, sewerage, waste management and remediation activities",0.0,0.0,46.9,41.6,2.6,15.9,34.3,
111,Wholesale and retail trade; repair of motor vehicles and motorcycles,8.6,9.4,19.0,9.3,14.1,29.6,25.6,
117,0 - 9,15.2,8.1,39.3,24.2,8.6,23.9,11.7,
117,10 - 49,18.0,8.6,42.8,22.1,2.9,25.4,14.9,
117,100 - 249,12.3,6.2,44.7,17.1,2.3,35.8,8.7,
117,250 +,10.8,4.4,44.2,16.2,1.6,42.5,5.2,
117,50 - 99,15.7,6.3,43.4,19.1,2.5,31.9,9.8,
117,Administrative and support service activities,7.2,8.3,43.4,25.4,9.9,29.3,8.9,
117,All businesses,15.4,8.1,39.8,23.8,7.8,24.4,12.0,
117,All size bands excluding 0 - 9,17.1,8.1,43.0,21.2,2.8,27.4,13.6,
117,"Arts, entertainment and recreation",,6.5,15.9,8.3,12.7,55.8,14.4,
117,Construction,,,22.2,21.5,7.5,43.8,12.3,
117,Information and communication,40.8,9.7,51.0,24.5,4.1,8.9,11.8,
117,Manufacturing,12.3,4.3,23.7,19.1,1.3,38.3,16.1,
117,"Professional, scientific and technical activities",16.5,7.3,57.4,32.8,6.9,9.5,6.4,
117,"Water supply, sewerage, waste management and remediation activities",0.0,3.4,31.0,3.9,0.0,61.3,3.9,
117,Wholesale and retail trade; repair of motor vehicles and motorcycles,11.2,13.3,25.7,19.6,16.4,22.5,19.3,
123,0 - 9,18.4,6.6,39.2,24.7,6.2,24.7,9.7,
123,10 - 49,13.4,6.5,41.8,21.4,6.6,28.7,10.7,
123,100 - 249,11.9,5.1,46.5,16.3,2.4,35.1,7.6,
123,250 +,11.0,4.8,43.5,15.2,2.1,42.8,5.5,
123,50 - 99,13.1,4.4,44.7,16.3,2.0,34.6,8.6,
123,Administrative and support service activities,7.0,,44.4,20.6,9.8,28.6,7.7,
123,All businesses,17.8,6.5,39.6,24.1,6.1,25.4,9.7,
123,All size bands excluding 0 - 9,13.2,6.1,42.5,20.3,5.6,30.1,10.1,
123,Construction,6.7,6.7,42.1,14.2,,36.9,20.4,
123,Information and communication,40.5,8.5,56.0,26.0,5.0,6.8,4.9,
123,Manufacturing,14.8,10.9,30.9,32.0,3.2,42.0,5.3,
123,"Professional, scientific and technical activities",26.7,10.9,57.1,30.0,7.4,9.3,4.5,
123,Wholesale and retail trade; repair of motor vehicles and motorcycles,7.9,,13.6,23.8,8.3,38.3,17.6,
129,0 - 9,17.0,8.8,45.1,23.0,6.3,23.5,11.3,
129,10 - 49,15.2,7.9,44.9,24.4,3.2,26.7,10.6,
129,100 - 249,12.1,5.6,46.8,16.0,2.7,34.4,8.5,
129,250 +,10.6,4.4,45.2,14.5,1.7,42.4,5.7,
129,50 - 99,16.5,7.0,51.1,19.7,2.2,29.2,8.3,
129,Administrative and support service activities,4.7,5.8,58.5,26.0,3.0,12.6,18.7,
129,All businesses,16.8,8.6,45.1,23.0,5.8,24.0,11.2,
129,All size bands excluding 0 - 9,15.0,7.6,45.7,23.1,3.0,27.8,10.1,
129,"Arts, entertainment and recreation",2.4,1.0,20.9,11.0,9.8,57.5,,
129,Construction,5.6,,36.4,6.5,,38.1,19.1,
129,Information and communication,34.8,9.6,54.0,22.6,6.2,19.2,5.0,
129,Manufacturing,3.7,1.3,20.4,6.8,13.9,38.8,22.4,
129,"Professional, scientific and technical activities",18.7,15.3,59.4,31.0,6.1,10.0,6.0,
129,Wholesale and retail trade; repair of motor vehicles and motorcycles,16.0,13.1,37.2,25.6,6.7,25.5,13.4,
135,0 - 9,15.2,10.3,52.3,25.4,4.9,19.6,10.3,
135,10 - 49,15.8,8.6,50.7,23.4,4.6,20.2,13.0,
135,100 - 249,13.9,6.7,54.8,18.1,2.8,29.0,6.1,
135,250 +,12.9,5.8,50.2,16.5,1.7,35.6,6.5,
135,50 - 99,13.6,7.8,52.1,21.2,3.4,25.5,9.7,
135,Administrative and support service activities,15.7,6.2,54.7,29.0,7.9,18.4,9.3,
135,All businesses,15.2,10.0,52.1,25.0,4.8,19.9,10.5,
135,All size bands excluding 0 - 9,15.3,8.3,51.2,22.7,4.3,21.7,12.0,
135,Construction,,4.5,37.8,10.0,,24.5,23.1,
135,Information and communication,29.4,6.2,56.5,22.1,5.9,17.3,4.8,
135,Manufacturing,9.3,1.9,30.0,21.9,2.1,30.6,22.5,
135,"Professional, scientific and technical activities",20.6,15.9,64.6,31.5,4.6,10.6,4.7,
135,Transportation and storage,,12.1,20.4,7.0,11.6,44.0,17.5,
135,Wholesale and retail trade; repair of motor vehicles and motorcycles,16.9,13.6,52.9,29.5,6.8,23.9,8.9,
141,0 - 9,19.0,11.2,45.2,28.2,7.2,21.4,10.0,
141,10 - 49,15.6,9.0,51.5,26.2,4.9,20.1,10.7,
141,100 - 249,14.0,7.2,57.5,19.6,2.2,28.3,6.1,
141,250 +,12.5,6.3,54.4,17.3,1.7,33.5,5.1,
141,50 - 99,17.6,9.5,58.2,21.0,3.4,24.4,6.1,
141,Accommodation and food service activities,19.2,6.0,34.5,26.3,1.7,33.9,10.2,
141,Administrative and support service activities,30.9,20.8,55.8,40.8,2.3,18.4,6.5,
141,All businesses,18.6,10.9,46.1,27.8,6.8,21.4,10.0,
141,All size bands excluding 0 - 9,15.7,8.9,52.8,24.9,4.5,21.4,9.7,
141,"Arts, entertainment and recreation",1.1,10.7,31.2,11.1,1.0,62.1,1.7,
141,Construction,8.4,8.7,29.6,34.4,10.4,22.1,16.2,
141,Information and communication,36.2,10.1,55.2,34.3,4.0,12.5,10.5,
141,Manufacturing,7.6,6.6,23.4,29.8,8.3,30.1,18.5,
141,"Professional, scientific and technical activities",19.5,13.4,60.5,29.8,10.4,10.6,5.4,
141,Wholesale and retail trade; repair of motor vehicles and motorcycles,8.8,9.2,46.1,15.2,3.8,27.5,12.2,
147,0 - 9,22.1,15.1,49.1,28.9,6.2,22.2,8.0,
147,10 - 49,14.5,8.3,53.0,20.0,4.1,20.2,11.2,
147,100 - 249,14.3,7.1,59.1,19.2,2.3,26.5,6.4,
147,250 +,13.3,7.4,58.0,18.1,1.6,31.3,4.8,
147,50 - 99,17.4,9.5,59.8,21.3,3.2,21.7,7.2,
147,Administrative and support service activities,19.2,16.4,48.2,25.0,10.6,23.0,10.3,
147,All businesses,21.1,14.2,49.8,27.7,5.9,22.0,8.3,
147,All size bands excluding 0 - 9,14.8,8.4,54.3,20.0,3.9,21.0,10.3,
147,"Arts, entertainment and recreation",,,33.3,15.0,,43.8,21.7,
147,Construction,10.1,18.0,44.3,33.4,4.8,34.5,6.0,
147,Education,24.7,22.9,56.9,40.0,8.2,9.8,,
147,Information and communication,53.5,23.5,70.6,37.5,4.7,7.4,2.4,
147,Manufacturing,21.3,7.4,33.0,16.7,6.1,26.9,22.1,
147,"Professional, scientific and technical activities",26.1,15.1,65.6,35.0,4.2,8.2,5.4,
147,Wholesale and retail trade; repair of motor vehicles and motorcycles,8.1,14.7,37.3,18.5,3.3,33.0,8.2,
153,0 - 9,21.5,13.5,49.9,27.9,4.5,19.2,10.9,
153,10 - 49,16.1,10.3,53.0,22.6,4.5,22.2,8.4,
153,100 - 249,14.2,8.3,61.7,17.7,1.7,25.6,4.9,
153,250 +,13.7,6.9,60.5,18.1,1.9,29.7,4.7,
153,50 - 99,18.0,10.4,61.9,21.5,2.9,21.3,6.0,
153,Administrative and support service activities,15.9,12.3,47.7,37.4,2.9,16.2,13.5,
153,All businesses,20.8,13.0,50.6,27.1,4.4,19.7,10.5,
153,All size bands excluding 0 - 9,16.0,10.0,55.0,22.0,4.0,22.8,7.7,
153,"Arts, entertainment and recreation",20.4,7.1,46.9,25.7,,38.3,6.4,
153,Construction,,,31.3,13.0,4.5,26.0,29.4,
153,Information and communication,57.3,24.1,71.3,33.1,2.7,10.0,3.0,
153,Manufacturing,11.3,7.1,44.4,14.7,6.9,22.6,16.4,
153,"Professional, scientific and technical activities",24.7,20.3,63.3,36.9,6.9,7.2,5.7,
153,Transportation and storage,5.5,10.2,29.8,15.7,,63.0,5.9,
153,Wholesale and retail trade; repair of motor vehicles and motorcycles,12.3,12.7,47.0,25.2,4.4,21.5,7.5,
159,0 - 9,24.4,17.1,58.7,31.2,5.2,12.9,10.2,
159,10 - 49,16.1,11.3,56.3,23.5,4.0,20.0,8.4,
159,100 - 249,13.6,8.7,65.7,19.0,1.5,23.2,5.5,
159,250 +,13.7,7.7,63.8,18.1,2.2,27.6,4.1,
159,50 - 99,17.3,10.0,65.2,20.3,2.7,20.7,5.4,
159,Accommodation and food service activities,7.9,13.5,46.0,20.3,2.4,24.1,22.9,
159,Administrative and support service activities,19.2,26.6,61.1,36.7,4.0,14.8,6.8,
159,All businesses,23.1,16.1,58.6,29.9,5.0,14.0,9.8,
159,All size bands excluding 0 - 9,16.0,10.8,58.3,22.6,3.6,20.7,7.6,
159,Construction,4.7,3.5,44.2,27.7,3.5,30.2,4.9,
159,Information and communication,49.1,17.1,65.1,32.0,1.3,10.9,3.8,
159,Manufacturing,17.2,10.6,46.9,24.3,3.5,14.5,18.9,
159,"Professional, scientific and technical activities",32.2,22.2,68.2,37.0,5.7,8.2,6.6,
159,Wholesale and retail trade; repair of motor vehicles and motorcycles,12.1,15.1,46.0,25.8,11.1,16.0,13.1,
165,0 - 9,24.2,16.3,61.3,32.2,6.3,11.1,7.5,
165,10 - 49,17.8,11.3,57.8,25.4,5.0,18.2,7.5,
165,100 - 249,13.6,8.9,68.6,16.9,1.9,21.7,3.5,
165,250 +,14.6,9.9,65.6,18.5,2.3,27.3,2.9,
165,50 - 99,17.2,11.1,67.2,20.6,2.7,19.3,5.0,
165,Accommodation and food service activities,2.7,6.1,39.2,17.8,9.4,30.9,17.1,
165,Administrative and support service activities,20.5,21.4,55.3,26.2,11.2,13.8,5.9,
165,All businesses,23.1,15.5,61.1,31.0,6.1,12.3,7.4,
165,All size bands excluding 0 - 9,17.3,11.0,59.9,24.0,4.4,19.0,6.7,
165,"Arts, entertainment and recreation",21.0,6.0,46.1,28.7,,32.2,14.6,
165,Construction,,5.0,65.1,15.6,,16.0,14.9,
165,Information and communication,54.6,19.0,72.2,46.7,1.8,5.0,1.7,
165,Manufacturing,13.1,17.2,54.4,14.5,13.6,12.6,3.6,
165,"Professional, scientific and technical activities",21.2,16.5,71.1,33.7,7.2,7.1,4.1,
165,Wholesale and retail trade; repair of motor vehicles and motorcycles,27.8,28.0,58.0,38.5,6.4,8.8,7.4,
