wave,breakdown,Agency contract,Casual contract,Fixed term contract,Minimum hours contract,Seasonal contract,Variable hours contract,Zero hours contract,None of the above
121,0 - 9,1.8,6.0,6.5,2.4,1.0,4.8,5.6,76.9
121,10 - 49,7.8,7.2,11.6,6.1,2.4,12.8,14.8,55.6
121,100 - 249,34.8,8.1,32.6,7.8,5.9,12.2,18.6,30.4
121,250 +,48.0,9.4,45.9,9.7,8.2,13.4,17.7,21.1
121,50 - 99,23.3,5.9,22.9,7.4,4.2,10.9,18.8,40.4
121,Accommodation and food service activities,2.1,12.3,5.4,8.7,6.6,19.5,25.2,38.8
121,Administrative and support service activities,3.6,4.8,6.3,4.0,2.0,7.2,4.9,76.6
121,All businesses,2.8,6.1,7.3,2.8,1.2,5.6,6.6,74.3
121,All size bands excluding 0 - 9,10.9,7.1,14.0,6.3,2.8,12.6,15.4,52.6
121,"Arts, entertainment and recreation",,8.1,4.3,3.3,2.7,4.6,12.2,77.0
121,Construction,2.2,5.7,7.6,1.0,0.0,1.5,5.7,78.9
121,Education,,11.1,14.0,,,6.8,13.8,67.0
121,Human health and social work activities,2.2,15.1,16.3,,,2.1,11.9,59.6
121,Information and communication,5.7,3.5,8.1,,,2.7,1.0,82.0
121,Manufacturing,6.7,1.8,4.1,1.7,1.6,1.5,2.8,85.2
121,Other service activities,,5.8,6.4,6.3,0.0,11.5,10.6,65.7
121,"Professional, scientific and technical activities",2.1,4.4,7.6,1.1,0.0,4.2,4.7,80.4
121,Real estate activities,,5.6,16.3,,,6.1,5.8,71.1
121,Transportation and storage,7.0,8.6,4.2,,1.9,4.4,4.2,77.4
121,Wholesale and retail trade; repair of motor vehicles and motorcycles,1.4,6.4,7.0,5.3,,6.2,3.9,73.9
127,0 - 9,1.8,6.3,5.2,2.9,1.0,5.5,6.2,77.6
127,10 - 49,7.7,9.0,14.9,8.6,3.5,12.5,15.5,52.5
127,100 - 249,32.5,7.5,33.0,8.3,4.8,10.6,19.0,31.2
127,250 +,46.6,8.7,45.5,10.0,7.9,12.5,17.6,23.2
127,50 - 99,22.2,7.0,23.4,7.7,4.1,10.8,18.5,41.1
127,Accommodation and food service activities,2.0,13.2,6.9,12.7,6.3,26.2,29.6,39.8
127,Administrative and support service activities,6.4,7.4,9.4,2.6,2.8,6.1,7.2,65.9
127,All businesses,2.8,6.6,6.5,3.5,1.3,6.3,7.3,74.6
127,All size bands excluding 0 - 9,10.7,8.7,16.9,8.5,3.7,12.2,15.9,50.1
127,"Arts, entertainment and recreation",,7.1,9.6,6.5,4.1,7.0,9.5,74.7
127,Construction,4.0,5.6,3.5,,,1.0,4.6,83.9
127,Education,6.2,14.8,8.2,5.5,5.3,15.8,7.5,65.4
127,Human health and social work activities,2.7,2.1,14.4,8.5,,2.0,11.6,65.8
127,Information and communication,4.7,5.5,8.7,1.5,,2.3,2.0,82.6
127,Manufacturing,4.8,6.9,8.9,2.5,1.0,4.6,3.6,76.3
127,Other service activities,,6.9,9.3,7.3,0.0,7.0,7.6,72.4
127,"Professional, scientific and technical activities",1.6,4.7,4.3,,,3.3,3.6,84.9
127,Real estate activities,,12.7,20.9,,0.0,9.0,,60.5
127,Transportation and storage,1.0,2.4,4.2,4.9,,4.0,9.6,76.9
127,Wholesale and retail trade; repair of motor vehicles and motorcycles,1.4,6.7,4.8,4.2,1.2,7.4,6.2,74.2
133,0 - 9,2.0,5.3,5.4,3.0,1.0,4.4,5.2,79.7
133,10 - 49,8.1,8.6,14.9,8.4,4.2,11.6,16.2,51.5
133,100 - 249,35.1,7.7,33.6,8.1,5.9,11.9,17.2,30.0
133,250 +,47.0,9.7,46.4,10.7,7.8,12.2,19.2,21.4
133,50 - 99,22.3,7.3,23.4,7.7,5.1,10.6,17.7,40.8
133,Accommodation and food service activities,4.6,13.9,9.7,14.1,5.3,19.9,24.7,38.2
133,Administrative and support service activities,3.7,3.6,8.5,3.6,,4.2,9.8,73.2
133,All businesses,2.9,5.7,6.6,3.5,1.4,5.1,6.4,76.4
133,All size bands excluding 0 - 9,11.1,8.5,16.9,8.3,4.4,11.5,16.4,49.2
133,"Arts, entertainment and recreation",,4.0,4.5,3.5,2.0,4.6,9.8,83.7
133,Construction,2.6,4.0,4.7,2.0,,2.9,2.3,84.4
133,Education,8.6,8.7,4.8,,,8.9,3.2,70.5
133,Human health and social work activities,1.4,1.4,10.2,,,,10.3,78.6
133,Information and communication,2.6,2.2,5.0,,0.0,1.0,3.8,87.4
133,Manufacturing,5.4,4.5,4.2,1.1,1.4,2.3,7.8,79.4
133,Other service activities,,3.6,14.6,7.6,7.1,4.2,7.1,70.2
133,"Professional, scientific and technical activities",3.4,5.2,5.8,1.8,,5.1,3.3,81.3
133,Real estate activities,,4.1,4.1,,3.8,4.0,,84.0
133,Transportation and storage,4.5,5.6,5.8,6.3,,2.8,7.6,74.1
133,Wholesale and retail trade; repair of motor vehicles and motorcycles,1.4,7.9,6.8,3.9,1.4,5.2,3.4,77.4
139,0 - 9,1.7,5.1,5.4,3.2,,4.8,4.8,79.3
139,10 - 49,7.9,8.0,14.0,7.6,4.0,11.9,14.6,56.0
139,100 - 249,31.3,7.4,33.0,8.6,5.7,11.5,19.0,31.5
139,250 +,44.2,9.8,46.6,10.4,8.3,12.6,19.3,21.1
139,50 - 99,20.5,5.8,23.2,7.6,5.3,10.4,18.6,41.8
139,Accommodation and food service activities,4.5,17.5,11.7,17.4,5.0,13.7,18.8,44.2
139,Administrative and support service activities,4.6,3.4,8.4,1.6,,3.9,3.9,79.0
139,All businesses,2.6,5.4,6.6,3.7,1.0,5.6,5.9,76.5
139,All size bands excluding 0 - 9,10.5,7.8,16.0,7.6,4.2,11.7,15.3,53.2
139,"Arts, entertainment and recreation",,3.8,5.5,4.0,1.7,3.0,8.1,84.9
139,Construction,3.4,2.4,5.0,1.3,0.0,3.8,2.8,82.4
139,Education,1.6,7.1,16.6,,,14.0,14.7,63.1
139,Human health and social work activities,2.2,1.0,17.3,5.0,4.9,10.5,12.9,64.0
139,Information and communication,2.8,3.1,5.4,,0.0,6.2,1.6,84.1
139,Manufacturing,4.3,4.8,4.7,2.1,,3.9,3.6,80.4
139,Other service activities,,13.8,5.4,,0.0,,4.9,74.8
139,"Professional, scientific and technical activities",2.5,3.6,5.1,1.8,,3.4,4.3,82.4
139,Real estate activities,,,1.1,4.6,,,,93.5
139,Transportation and storage,,9.4,5.4,5.0,,11.7,9.8,68.2
139,Wholesale and retail trade; repair of motor vehicles and motorcycles,1.4,6.0,5.9,4.9,1.5,5.8,6.0,75.2
145,0 - 9,1.9,7.0,4.9,3.6,1.2,5.0,4.6,77.9
145,10 - 49,8.1,7.9,14.7,7.8,3.8,11.6,14.7,54.8
145,100 - 249,34.6,8.5,34.3,8.3,5.8,10.7,19.8,29.4
145,250 +,46.9,8.8,47.4,11.0,7.6,12.0,18.4,21.6
145,50 - 99,22.5,6.9,24.7,8.3,4.9,11.0,19.4,38.8
145,Accommodation and food service activities,1.3,13.0,11.6,17.2,7.5,14.8,16.9,50.3
145,Administrative and support service activities,3.3,2.6,7.8,2.2,1.7,3.5,3.7,80.0
145,All businesses,2.9,7.1,6.2,4.1,1.5,5.7,5.8,75.2
145,All size bands excluding 0 - 9,11.1,7.8,16.9,7.9,4.0,11.5,15.5,51.8
145,"Arts, entertainment and recreation",3.1,11.7,6.3,3.3,2.9,5.1,12.4,72.5
145,Construction,1.8,7.8,2.5,2.3,,3.0,1.9,83.9
145,Education,6.8,1.5,3.3,,,18.4,7.7,71.1
145,Human health and social work activities,6.1,1.6,4.1,5.8,,14.9,7.9,73.0
145,Information and communication,4.4,5.0,9.6,,,4.0,2.2,78.4
145,Manufacturing,5.1,7.9,4.4,1.2,1.6,6.9,5.8,74.2
145,Other service activities,,25.2,9.9,9.1,4.0,4.8,12.3,43.1
145,"Professional, scientific and technical activities",3.2,4.1,5.0,1.2,,3.2,3.8,83.2
145,Real estate activities,,,2.9,5.1,0.0,,1.3,91.2
145,Transportation and storage,5.0,8.5,,5.4,,9.7,14.5,70.2
145,Wholesale and retail trade; repair of motor vehicles and motorcycles,1.4,8.3,8.3,5.7,1.7,5.1,4.4,72.1
