wave,breakdown,Industry/Size Band,Performance will increase,Performance will stay the same,Performance will decrease,Not sure
55,Currently trading,,19.9,46.2,11.5,22.4
55,Not permanently stopped trading,,19.5,45.6,12.0,23.0
57,Currently trading,,20.7,47.3,11.5,20.5
57,Not permanently stopped trading,,20.4,46.3,11.7,21.6
59,Currently trading,,17.6,52.0,13.3,17.1
59,Not permanently stopped trading,,17.6,50.8,13.7,17.9
60,Currently trading,,19.6,46.6,12.7,21.0
60,Not permanently stopped trading,,19.7,45.4,13.2,21.6
63,Currently trading,,19.0,48.1,12.3,20.7
63,Not permanently stopped trading,,19.3,47.0,12.4,21.2
65,Currently trading,,16.1,47.7,17.2,19.0
65,Not permanently stopped trading,,16.2,46.7,17.6,19.5
67,Currently trading,,17.6,43.8,16.7,22.0
67,Not permanently stopped trading,,17.5,43.1,16.7,22.6
69,Currently trading,,18.9,42.1,15.9,23.1
69,Not permanently stopped trading,,18.7,41.5,16.1,23.7
71,Currently trading,,20.0,43.1,15.3,21.6
71,Not permanently stopped trading,,19.7,42.3,15.3,22.7
74,Currently trading,,22.4,44.4,11.0,22.1
74,Not permanently stopped trading,,22.5,43.4,11.4,22.6
76,Currently trading,,24.5,44.2,11.1,20.1
76,Not permanently stopped trading,,24.1,43.1,11.9,21.0
78,Currently trading,,24.0,45.4,11.6,19.0
78,Not permanently stopped trading,,23.8,44.8,11.8,19.7
80,Currently trading,,22.6,47.5,10.3,19.6
80,Not permanently stopped trading,,22.3,47.0,10.3,20.3
82,Currently trading,,25.5,43.9,12.4,18.2
82,Not permanently stopped trading,,25.1,43.5,12.8,18.5
84,Currently trading,,22.8,49.0,10.2,18.0
84,Not permanently stopped trading,,22.6,48.2,10.6,18.7
86,Currently trading,,22.5,44.4,10.5,22.6
86,Not permanently stopped trading,,22.3,43.7,10.8,23.1
89,Currently trading,,23.3,45.9,11.6,19.2
89,Not permanently stopped trading,,22.5,45.5,12.2,19.8
91,Currently trading,,22.5,46.6,10.3,20.5
91,Not permanently stopped trading,,22.3,46.3,10.5,20.9
93,Currently trading,,25.0,44.5,10.4,20.2
93,Not permanently stopped trading,,24.9,43.7,10.7,20.7
95,Currently trading,,21.6,46.5,11.7,20.2
95,Not permanently stopped trading,,21.6,45.9,11.8,20.7
97,Currently trading,,21.2,48.9,10.3,19.6
97,Not permanently stopped trading,,21.1,48.2,10.5,20.2
100,Currently trading,,26.4,45.3,8.8,19.4
100,Not permanently stopped trading,,26.2,44.4,9.1,20.3
102,Currently trading,,24.3,46.9,10.1,18.7
102,Not permanently stopped trading,,23.8,46.2,10.4,19.7
104,Currently trading,,24.8,46.4,9.8,18.9
104,Not permanently stopped trading,,25.0,45.3,10.2,19.5
106,Currently trading,,24.2,46.9,9.0,19.9
106,Not permanently stopped trading,,23.7,45.9,9.6,20.8
108,Currently trading,,23.6,46.5,10.1,19.8
108,Not permanently stopped trading,,23.0,45.7,10.8,20.4
110,Currently trading,,22.3,48.5,9.2,20.0
110,Not permanently stopped trading,,21.8,47.6,9.7,20.9
112,Currently trading,,22.7,48.8,8.5,19.9
112,Not permanently stopped trading,,22.2,48.0,8.9,20.9
114,Currently trading,,23.5,48.1,9.8,18.6
114,Not permanently stopped trading,,23.0,47.6,10.2,19.3
116,Currently trading,,22.3,46.9,10.8,20.0
116,Not permanently stopped trading,,21.8,45.9,11.0,21.3
118,Currently trading,,22.6,44.1,12.2,21.2
118,Not permanently stopped trading,,22.0,43.2,12.6,22.2
120,Currently trading,,23.2,42.7,13.6,20.5
120,Not permanently stopped trading,,22.7,41.9,14.0,21.4
122,Currently trading,,20.3,44.7,14.2,20.7
122,Not permanently stopped trading,,19.7,43.9,14.8,21.6
124,Currently trading,,21.1,44.5,15.8,18.6
124,Not permanently stopped trading,,20.6,43.7,16.7,19.1
126,Currently trading,,20.4,44.3,15.7,19.7
126,Not permanently stopped trading,,20.2,43.4,16.1,20.3
128,Currently trading,,19.0,45.4,16.3,19.2
128,Not permanently stopped trading,,18.7,44.5,17.1,19.8
130,Currently trading,,18.3,44.4,17.0,20.4
130,Not permanently stopped trading,,17.7,43.5,17.7,21.1
132,Currently trading,,18.7,45.8,14.4,21.0
132,Not permanently stopped trading,,18.4,45.2,14.7,21.7
134,Currently trading,,18.0,45.7,15.2,21.1
134,Not permanently stopped trading,,17.8,44.9,15.5,21.8
136,Currently trading,,17.9,43.5,14.3,24.3
136,Not permanently stopped trading,,17.7,42.6,14.9,24.8
138,Currently trading,,18.4,44.5,15.7,21.3
138,Not permanently stopped trading,,17.9,43.9,15.8,22.4
140,Currently trading,,16.8,46.1,14.1,23.0
140,Not permanently stopped trading,,16.5,45.4,14.5,23.6
142,Currently trading,,19.5,44.3,14.5,21.6
142,Not permanently stopped trading,,19.1,43.5,14.9,22.4
144,Currently trading,,19.1,43.0,15.9,22.0
144,Not permanently stopped trading,,18.8,42.0,16.1,23.0
146,Currently trading,,18.7,41.3,15.8,24.2
146,Not permanently stopped trading,,18.3,40.8,16.2,24.7
148,Currently trading,,20.7,42.5,14.2,22.5
148,Not permanently stopped trading,,20.2,41.2,15.0,23.6
150,Currently trading,,23.6,41.6,13.4,21.4
150,Not permanently stopped trading,,23.2,40.9,14.0,21.9
152,Currently trading,,19.6,41.7,15.0,23.8
152,Not permanently stopped trading,,19.0,40.9,14.8,25.3
154,Currently trading,,18.1,44.1,16.9,20.9
154,Not permanently stopped trading,,18.2,43.4,17.2,21.2
156,Currently trading,,17.1,44.9,16.6,21.4
156,Not permanently stopped trading,,16.7,44.4,16.8,22.2
158,Currently trading,,17.0,46.9,14.4,21.8
158,Not permanently stopped trading,,16.6,46.2,14.6,22.5
160,Currently trading,,20.1,45.6,14.5,19.7
160,Not permanently stopped trading,,19.9,44.5,14.6,21.0
162,Currently trading,,18.0,49.1,13.0,19.9
162,Not permanently stopped trading,,17.6,47.8,13.0,21.6
164,Currently trading,,18.8,46.3,13.3,21.7
164,Not permanently stopped trading,,18.2,45.7,13.7,22.4
