wave,breakdown,Industry/Size Band,Additional paperwork,Change in exchange rates,Change in transportation costs,Customs duties or levies,Disruption at UK borders,Difficulty finding information on how to import,Lack of hauliers to transport goods or lack of logistics equipment,Suppliers not customs ready,Time taken for checks at the border,Other,Did not experience an increase in any importing challenges
61,Currently trading,,24.2,,42.6,25.2,17.4,7.1,12.8,5.5,14.4,1.8,47.1
61,Not permanently stopped trading,,25.3,,43.4,26.2,18.5,7.1,14.0,6.8,15.5,1.8,46.5
62,Currently trading,,30.1,,42.7,21.8,17.7,7.1,13.5,6.6,9.6,3.1,44.1
62,Not permanently stopped trading,,29.9,,42.3,21.6,17.5,7.0,13.3,6.5,9.5,3.1,44.5
63,Currently trading,,26.9,,42.0,22.7,16.9,5.7,15.6,7.0,12.6,4.0,43.7
63,Not permanently stopped trading,,26.6,,41.5,22.4,16.7,5.6,15.4,6.9,12.4,4.0,44.3
64,Currently trading,,37.9,,41.0,35.4,19.8,6.4,13.1,6.2,11.7,2.9,33.9
64,Not permanently stopped trading,,37.9,,41.0,35.4,19.8,6.4,13.1,6.2,11.7,2.9,33.9
66,Currently trading,,33.2,,35.2,29.8,17.0,4.4,10.8,3.1,10.5,1.5,44.1
66,Not permanently stopped trading,,33.3,,35.2,29.8,17.0,4.4,10.8,3.1,10.5,1.4,44.1
68,Currently trading,,34.0,37.0,37.3,25.6,21.5,9.5,10.6,9.6,11.0,2.0,38.1
68,Not permanently stopped trading,,34.0,37.0,37.3,25.6,21.5,9.5,10.6,9.6,11.0,2.0,38.1
70,Currently trading,,38.2,51.1,47.6,30.5,16.6,9.8,12.4,3.9,13.6,1.7,27.0
70,Not permanently stopped trading,,37.5,51.5,48.6,31.3,16.2,9.6,12.2,3.8,14.7,1.7,26.5
72,Currently trading,,36.5,33.5,35.2,23.9,15.9,7.3,8.8,6.8,10.7,1.6,41.9
72,Not permanently stopped trading,,36.5,33.5,35.2,23.9,15.9,7.3,8.8,6.8,10.7,1.6,41.9
73,Currently trading,,26.8,29.8,27.8,17.1,13.9,1.9,11.8,2.5,6.9,2.0,49.9
73,Not permanently stopped trading,,26.7,29.7,27.7,17.1,13.9,1.9,11.8,2.5,6.9,2.0,50.0
75,Currently trading,,30.5,34.8,36.7,24.2,14.7,6.7,8.9,1.6,8.7,2.1,41.3
75,Not permanently stopped trading,,30.5,34.8,36.7,24.2,14.7,6.7,8.9,1.6,8.7,2.1,41.4
77,Currently trading,,28.2,29.2,31.2,22.4,12.6,5.9,3.8,4.9,9.0,1.1,47.7
77,Not permanently stopped trading,,28.2,29.2,31.2,22.4,12.6,5.9,3.8,4.9,9.0,1.1,47.7
79,Currently trading,,22.8,20.1,24.4,18.2,14.0,2.9,4.2,2.4,12.9,1.6,54.2
79,Not permanently stopped trading,,23.5,20.8,25.1,19.0,14.8,2.9,5.1,2.4,13.7,1.6,53.7
81,Currently trading,,25.1,28.7,26.9,19.6,13.1,6.2,4.8,3.6,6.2,2.9,49.0
81,Not permanently stopped trading,,25.1,28.7,26.9,19.6,13.1,6.2,4.8,3.6,6.2,2.9,49.0
83,Currently trading,,19.9,20.2,25.0,17.7,10.9,3.3,5.3,6.2,7.4,1.0,55.3
83,Not permanently stopped trading,,19.6,19.9,24.6,17.4,10.8,4.2,5.2,6.1,7.3,1.0,55.0
85,Currently trading,,15.2,17.1,25.1,24.3,12.4,4.3,6.0,2.0,8.1,0.0,55.8
85,Not permanently stopped trading,,15.0,17.6,25.5,24.1,12.3,4.3,6.0,2.0,8.0,0.0,55.6
87,Currently trading,,21.3,25.6,29.3,21.1,8.9,1.9,3.3,3.5,7.6,2.0,51.8
87,Not permanently stopped trading,,21.1,25.3,29.0,20.9,8.8,1.9,3.2,3.5,7.5,1.9,52.3
90,Currently trading,,17.1,20.1,25.3,19.0,7.4,3.5,3.5,2.5,5.3,1.2,60.6
90,Not permanently stopped trading,,18.6,19.7,26.6,18.7,9.0,3.4,4.1,2.5,5.9,1.2,59.5
92,Currently trading,,17.0,17.4,17.2,14.7,5.3,2.3,1.7,4.7,6.7,3.1,59.1
92,Not permanently stopped trading,,17.0,17.4,17.2,14.7,5.3,2.3,1.7,4.7,6.7,3.1,59.1
94,Currently trading,,18.5,20.2,20.7,15.8,4.6,5.8,2.3,4.8,5.2,1.4,57.4
94,Not permanently stopped trading,,19.3,21.1,21.6,16.7,4.6,6.7,2.2,4.7,5.2,1.4,56.8
96,Currently trading,,13.6,16.5,19.0,12.7,2.5,2.3,3.3,2.0,5.3,1.4,62.0
96,Not permanently stopped trading,,13.6,16.5,19.0,12.7,2.5,2.3,3.3,2.0,5.3,1.4,62.0
98,Currently trading,,17.8,16.6,19.7,17.9,5.7,3.1,3.5,3.8,5.4,1.4,60.8
98,Not permanently stopped trading,,17.6,16.5,19.6,17.8,5.6,3.1,3.5,3.7,5.4,2.0,60.4
99,Currently trading,,15.8,17.7,17.0,16.1,5.0,2.8,1.5,2.4,3.9,5.7,56.6
99,Not permanently stopped trading,,18.1,20.0,19.3,17.0,4.9,4.0,1.5,2.4,3.7,5.5,55.0
101,Currently trading,,22.4,19.1,23.7,17.8,10.3,1.8,1.4,4.5,5.7,1.8,60.1
101,Not permanently stopped trading,,22.4,19.1,23.7,17.8,10.3,1.8,1.4,4.5,5.7,1.8,60.1
102,Currently trading,,15.6,12.6,18.0,11.4,5.2,1.5,2.3,1.7,6.4,1.3,61.2
102,Not permanently stopped trading,,15.5,12.6,18.0,11.4,5.2,1.5,2.3,1.7,6.4,1.3,61.2
104,Currently trading,,15.3,13.6,20.7,11.3,3.6,1.8,1.7,2.7,4.7,1.7,58.2
104,Not permanently stopped trading,,15.3,13.5,20.8,11.4,3.6,1.8,1.7,2.6,4.7,1.7,58.1
106,Currently trading,,17.0,9.5,19.6,13.2,7.9,3.3,1.4,3.2,8.4,1.5,66.5
106,Not permanently stopped trading,,17.0,9.5,19.6,13.2,7.9,3.3,1.4,3.2,8.4,1.5,66.5
108,Currently trading,,14.1,8.7,12.6,10.1,3.0,1.8,1.5,2.1,4.9,1.1,69.8
108,Not permanently stopped trading,,14.5,8.6,12.5,10.0,3.0,1.8,1.5,2.1,4.9,1.1,69.5
110,Currently trading,,18.0,20.6,20.6,16.5,10.9,5.8,4.1,5.7,5.7,1.1,57.1
110,Not permanently stopped trading,,18.0,20.5,20.6,16.5,10.9,5.8,4.1,5.7,5.7,1.1,57.1
112,Currently trading,,17.8,14.7,19.0,20.2,8.3,1.4,1.8,2.0,9.7,1.0,62.6
112,Not permanently stopped trading,,17.6,14.6,18.9,20.0,8.2,1.5,1.8,2.0,10.3,1.0,62.2
114,Currently trading,,14.3,11.5,11.9,14.4,3.6,2.9,1.7,1.4,5.3,1.1,69.8
114,Not permanently stopped trading,,14.3,11.5,11.8,14.3,3.6,3.4,1.7,1.4,5.3,1.1,69.4
116,Currently trading,,12.0,10.1,12.1,14.8,3.9,1.8,3.1,1.1,6.1,1.0,66.7
116,Not permanently stopped trading,,11.9,10.5,12.0,14.7,3.9,1.7,3.0,1.1,6.0,1.0,66.3
118,Currently trading,,18.4,11.3,14.8,16.3,11.8,2.5,1.3,2.3,11.0,2.6,62.6
118,Not permanently stopped trading,,18.4,11.3,14.8,16.3,11.8,2.5,1.3,2.3,11.0,2.6,62.6
120,Currently trading,,18.0,12.2,16.2,18.8,4.9,2.1,1.6,3.0,8.5,1.1,61.0
120,Not permanently stopped trading,,17.8,12.1,16.0,18.6,4.8,2.1,1.6,3.0,8.5,1.1,61.3
122,Currently trading,,12.3,8.1,15.0,10.3,4.6,2.3,2.3,1.7,5.3,1.2,69.8
122,Not permanently stopped trading,,12.3,8.1,15.0,10.3,4.6,2.3,2.3,1.7,5.3,1.2,69.8
124,Currently trading,,21.4,13.9,24.9,16.5,9.8,3.8,3.0,7.7,4.2,1.2,61.2
124,Not permanently stopped trading,,21.4,13.9,25.0,16.5,9.9,3.9,3.0,7.7,4.2,1.2,61.1
126,Currently trading,,16.6,13.3,12.4,18.5,6.2,3.3,2.2,1.7,6.0,1.1,66.0
126,Not permanently stopped trading,,16.5,13.3,12.4,18.4,6.1,3.3,2.2,1.7,5.9,1.1,66.2
128,Currently trading,,17.5,17.7,18.9,10.0,6.4,1.6,3.0,3.6,8.2,1.3,59.0
128,Not permanently stopped trading,,17.5,17.7,18.9,10.0,6.4,1.6,3.0,3.6,8.2,1.3,59.0
130,Currently trading,,23.7,17.7,22.8,21.6,7.5,3.4,4.6,3.3,6.5,1.3,53.4
130,Not permanently stopped trading,,23.6,17.7,22.7,21.5,7.5,3.4,4.5,3.3,6.5,1.3,53.6
132,Currently trading,,13.3,11.7,10.4,12.3,4.3,1.0,1.9,2.7,6.4,1.6,66.0
132,Not permanently stopped trading,,13.7,12.1,10.9,12.7,4.8,1.0,1.8,2.7,6.3,1.6,65.8
134,Currently trading,,17.9,16.1,11.3,14.3,7.1,3.5,3.6,4.1,12.0,1.1,63.0
134,Not permanently stopped trading,,18.4,16.0,11.2,14.3,7.1,3.5,3.6,4.1,12.0,1.1,62.6
136,Currently trading,,19.2,16.1,16.5,16.0,5.4,1.7,1.6,3.1,5.4,0.0,59.0
136,Not permanently stopped trading,,19.1,15.9,16.4,15.9,5.4,1.7,1.6,3.1,5.3,0.0,59.4
138,Currently trading,,16.2,13.7,13.1,14.8,4.2,1.4,2.7,0.0,6.7,1.5,65.8
138,Not permanently stopped trading,,16.0,13.6,13.0,14.7,4.1,1.4,2.6,1.0,6.6,1.4,66.1
140,Currently trading,,14.5,14.4,14.1,11.8,5.1,1.2,1.7,1.3,4.5,1.1,69.5
140,Not permanently stopped trading,,14.5,14.4,14.1,11.8,5.1,1.2,1.7,1.3,4.5,1.1,69.5
142,Currently trading,,14.7,17.6,14.5,9.8,7.8,1.5,2.6,4.2,5.7,1.0,68.2
142,Not permanently stopped trading,,14.6,17.4,14.3,9.8,7.8,1.5,2.6,4.1,5.6,1.0,68.5
144,Currently trading,,12.5,14.3,16.5,12.4,9.4,3.1,2.0,2.4,8.3,1.7,66.2
144,Not permanently stopped trading,,12.5,14.3,16.5,12.4,9.4,3.1,2.0,2.4,8.3,1.7,66.2
146,Currently trading,,8.7,19.1,17.3,13.3,4.1,1.4,1.4,1.1,3.5,1.2,63.3
146,Not permanently stopped trading,,8.6,18.8,17.9,13.9,4.0,1.4,1.4,1.1,3.4,1.2,62.4
148,Currently trading,,12.9,16.8,14.6,11.6,5.9,1.5,1.5,2.5,7.6,1.0,69.8
148,Not permanently stopped trading,,12.7,16.6,15.5,11.5,5.9,1.5,1.5,2.4,7.5,1.0,69.1
150,Currently trading,,16.8,13.5,13.4,11.6,4.9,1.5,1.2,2.6,6.4,1.0,67.2
150,Not permanently stopped trading,,17.8,13.4,13.3,11.5,4.8,1.5,1.2,2.6,6.3,1.0,66.4
152,Currently trading,,14.2,14.9,9.6,15.3,5.9,0.0,1.8,2.4,6.6,2.0,61.2
152,Not permanently stopped trading,,14.2,14.9,9.6,15.3,5.9,0.0,1.8,2.4,6.6,2.0,61.2
154,Currently trading,,12.5,20.4,21.8,14.5,5.3,1.0,2.8,1.1,8.6,2.1,53.6
154,Not permanently stopped trading,,12.9,20.1,22.1,14.9,5.9,1.1,2.8,1.1,8.5,2.1,53.7
156,Currently trading,,17.0,17.6,26.6,13.7,7.2,2.0,3.0,3.1,5.8,1.0,56.3
156,Not permanently stopped trading,,16.8,17.4,26.2,13.5,7.0,1.9,2.9,3.1,5.7,1.0,56.9
158,Currently trading,,10.9,13.9,25.7,11.6,3.5,2.0,1.5,1.9,1.9,1.0,61.1
158,Not permanently stopped trading,,10.8,13.7,25.4,11.5,3.4,2.0,1.4,1.8,1.9,1.0,61.6
160,Currently trading,,16.7,13.9,18.5,16.3,6.2,2.7,5.1,3.6,3.7,1.0,61.3
160,Not permanently stopped trading,,16.2,13.5,17.9,15.8,6.0,2.6,4.9,3.5,3.5,0.0,62.4
162,Currently trading,,8.4,9.8,19.1,11.1,7.5,0.0,6.5,0.0,4.9,0.0,69.1
162,Not permanently stopped trading,,8.8,9.7,18.9,11.0,7.4,0.0,6.4,0.0,4.8,0.0,68.9
