wave,breakdown,Industry/Size Band,Both exported and imported,Exported only,Imported only,Business did not export or import,Not sure
102,Currently trading,,5.3,3.8,4.1,81.1,5.7
102,Not permanently stopped trading,,5.1,3.6,3.9,81.6,5.7
104,Currently trading,,4.0,4.7,3.2,82.0,6.0
104,Not permanently stopped trading,,3.9,4.5,3.1,82.4,6.1
106,Currently trading,,3.9,4.5,5.1,78.5,8.0
106,Not permanently stopped trading,,3.8,4.4,4.9,78.5,8.4
108,Currently trading,,4.7,4.7,4.6,79.2,6.8
108,Not permanently stopped trading,,4.6,4.6,4.6,79.3,6.9
110,Currently trading,,5.1,4.4,4.9,78.3,7.3
110,Not permanently stopped trading,,4.9,4.2,4.8,78.6,7.5
112,Currently trading,,4.5,4.1,5.2,79.2,7.1
112,Not permanently stopped trading,,4.3,3.9,5.1,79.5,7.2
114,Currently trading,,4.6,4.4,5.6,78.8,6.7
114,Not permanently stopped trading,,4.4,4.3,5.5,78.8,7.0
116,Currently trading,,4.8,3.6,5.0,80.4,6.2
116,Not permanently stopped trading,,4.6,3.5,4.9,80.1,6.9
118,Currently trading,,4.9,3.9,5.1,78.7,7.4
118,Not permanently stopped trading,,4.7,3.8,4.9,79.0,7.5
120,Currently trading,,5.2,3.6,5.3,78.7,7.1
120,Not permanently stopped trading,,5.0,3.5,5.2,78.8,7.4
122,Currently trading,,5.7,4.6,4.5,79.3,5.9
122,Not permanently stopped trading,,5.4,4.4,4.3,79.9,5.9
124,Currently trading,,4.7,5.5,4.3,78.4,7.1
124,Not permanently stopped trading,,4.5,5.3,4.1,79.1,7.1
126,Currently trading,,4.5,4.0,3.9,81.6,5.9
126,Not permanently stopped trading,,4.4,3.9,3.7,81.8,6.1
128,Currently trading,,5.2,3.6,4.6,80.1,6.4
128,Not permanently stopped trading,,5.0,3.5,4.5,80.7,6.3
130,Currently trading,,5.0,4.6,4.9,78.5,7.0
130,Not permanently stopped trading,,4.9,4.4,4.8,78.8,7.2
132,Currently trading,,4.4,4.1,4.5,80.4,6.5
132,Not permanently stopped trading,,4.3,4.0,4.5,80.8,6.5
134,Currently trading,,5.3,4.3,4.8,77.8,7.8
134,Not permanently stopped trading,,5.1,4.2,4.7,78.3,7.7
136,Currently trading,,5.4,4.1,4.8,77.2,8.5
136,Not permanently stopped trading,,5.2,4.0,4.7,77.1,8.8
138,Currently trading,,4.8,4.4,4.5,79.4,6.9
138,Not permanently stopped trading,,4.7,4.3,4.5,79.4,7.2
140,Currently trading,,5.1,4.0,5.6,78.5,6.9
140,Not permanently stopped trading,,4.9,3.9,5.5,78.4,7.2
142,Currently trading,,4.8,5.1,5.3,77.1,7.8
142,Not permanently stopped trading,,4.6,4.9,5.2,77.2,8.1
144,Currently trading,,5.1,4.9,4.9,78.5,6.6
144,Not permanently stopped trading,,4.9,4.7,4.8,79.0,6.7
146,Currently trading,,5.2,4.0,5.3,79.1,6.4
146,Not permanently stopped trading,,5.1,4.1,5.1,79.3,6.4
148,Currently trading,,5.1,4.2,4.8,79.7,6.2
148,Not permanently stopped trading,,4.9,4.0,4.7,79.6,6.8
150,Currently trading,,4.8,3.8,5.1,80.9,5.5
150,Not permanently stopped trading,,4.6,3.6,5.0,81.2,5.6
152,Currently trading,,5.4,4.5,5.3,77.8,7.0
152,Not permanently stopped trading,,5.2,4.4,5.1,78.0,7.3
154,Currently trading,,5.4,4.7,4.6,78.0,7.3
154,Not permanently stopped trading,,5.2,4.6,4.7,78.1,7.4
156,Currently trading,,4.7,4.3,6.2,79.4,5.4
156,Not permanently stopped trading,,4.6,4.2,6.2,79.8,5.3
158,Currently trading,,4.7,4.4,5.0,79.6,6.3
158,Not permanently stopped trading,,4.7,4.3,4.8,79.8,6.4
160,Currently trading,,4.8,5.0,5.4,78.9,6.0
160,Not permanently stopped trading,,4.5,4.8,5.4,79.2,6.0
162,Currently trading,,4.5,4.4,5.1,80.2,5.9
162,Not permanently stopped trading,,4.3,4.2,4.9,80.6,5.9
164,Currently trading,,5.4,4.4,5.0,79.1,6.1
164,Not permanently stopped trading,,5.2,4.3,4.9,79.5,6.0
