wave,breakdown,Adequate business knowledge for artificial intelligence,Artificial intelligence accuracy,Artificial intelligence affordability,Copyright compliance confidence,Data protection compliance confidence,Ease of artificial intelligence integration and use,Supportive and safe regulatory frameworks,Other,Not sure
147,0 - 9,22.2,21.6,20.0,4.5,11.0,34.8,6.8,2.4,43.2
147,10 - 49,24.0,22.3,16.4,6.2,13.4,28.6,6.5,1.4,44.9
147,100 - 249,25.7,20.6,15.2,4.1,14.8,28.3,9.1,1.7,49.0
147,250 +,23.2,17.3,12.6,4.5,14.2,23.4,7.6,1.3,55.5
147,50 - 99,27.9,20.2,15.7,4.7,15.7,29.6,7.5,1.1,46.0
147,Administrative and support service activities,16.2,13.8,12.5,2.7,11.4,30.2,5.8,,52.9
147,All businesses,22.5,21.7,19.5,4.7,11.3,34.0,6.8,2.3,43.5
147,All size bands excluding 0 - 9,24.6,21.9,16.2,5.9,13.8,28.6,6.8,1.4,45.5
147,"Arts, entertainment and recreation",2.5,6.8,2.4,,,7.9,,0.0,88.7
147,Construction,22.6,22.2,15.4,3.8,9.0,21.2,5.4,5.1,47.1
147,Education,18.0,18.2,10.6,1.2,24.3,26.0,,,25.3
147,Information and communication,36.5,42.3,35.3,12.5,18.9,54.1,10.6,4.0,24.1
147,Manufacturing,5.7,14.9,10.6,3.8,1.8,25.0,11.8,,50.1
147,"Professional, scientific and technical activities",33.3,28.5,21.5,5.5,16.5,49.2,8.2,3.3,25.0
147,Wholesale and retail trade; repair of motor vehicles and motorcycles,15.4,11.0,19.5,2.0,4.2,23.6,3.4,1.5,56.6
153,0 - 9,26.0,23.6,22.1,7.0,9.9,35.8,6.9,2.1,40.6
153,10 - 49,23.2,22.0,16.4,5.9,14.2,31.7,6.9,1.5,43.8
153,100 - 249,25.7,23.6,17.7,5.3,17.0,31.1,10.7,1.3,46.8
153,250 +,23.4,19.6,13.4,4.4,15.6,22.6,8.4,1.2,55.2
153,50 - 99,31.2,24.2,19.4,6.6,17.3,33.1,10.1,1.2,40.9
153,Administrative and support service activities,12.1,31.7,15.7,5.7,15.9,28.8,9.3,,43.0
153,All businesses,25.7,23.4,21.4,6.8,10.6,35.2,7.0,2.0,41.1
153,All size bands excluding 0 - 9,24.3,22.3,16.6,5.9,14.8,31.3,7.6,1.5,44.3
153,"Arts, entertainment and recreation",15.5,7.0,13.0,13.3,7.3,33.4,,0.0,52.5
153,Construction,5.4,5.5,9.3,,1.0,25.9,4.3,4.2,72.0
153,Information and communication,41.8,31.2,36.1,10.5,13.1,48.1,8.9,3.6,24.5
153,Manufacturing,16.2,16.1,16.3,4.9,3.8,28.6,9.6,,51.1
153,"Professional, scientific and technical activities",34.3,33.0,25.9,6.4,12.5,44.2,8.4,4.0,25.8
153,Transportation and storage,11.8,6.2,6.4,,5.1,11.5,9.9,0.0,76.5
153,Wholesale and retail trade; repair of motor vehicles and motorcycles,27.5,21.0,21.9,11.3,10.6,34.2,7.6,,38.8
159,0 - 9,24.8,23.8,26.2,5.8,10.1,41.3,6.1,3.4,39.5
159,10 - 49,20.8,21.8,15.9,6.2,14.6,30.8,6.9,1.9,44.9
159,100 - 249,25.3,22.9,16.8,6.5,20.1,28.9,11.3,1.0,47.4
159,250 +,23.4,18.9,14.8,5.4,17.8,26.5,9.2,,54.7
159,50 - 99,25.0,23.9,18.1,6.9,19.4,30.0,11.9,1.6,44.9
159,Accommodation and food service activities,2.8,9.5,9.8,1.4,7.2,34.9,1.1,7.0,52.8
159,Administrative and support service activities,30.7,32.9,20.8,10.0,19.6,40.0,5.0,,39.0
159,All businesses,24.3,23.5,24.8,5.8,10.9,39.7,6.4,3.1,40.4
159,All size bands excluding 0 - 9,21.7,21.9,16.2,6.2,15.7,30.4,7.8,1.8,45.6
159,Construction,17.0,1.2,4.8,,,16.2,13.0,,69.9
159,Information and communication,31.6,33.2,38.9,5.7,13.8,54.0,7.5,4.3,28.3
159,Manufacturing,19.8,14.6,16.2,1.5,5.0,30.3,1.9,,44.4
159,"Professional, scientific and technical activities",36.2,26.6,31.0,6.0,9.7,42.7,10.3,3.7,31.8
159,Wholesale and retail trade; repair of motor vehicles and motorcycles,20.5,17.6,18.6,4.9,4.7,39.5,2.5,,46.5
165,0 - 9,23.0,22.3,20.8,8.2,10.3,41.6,7.2,1.6,38.8
165,10 - 49,22.7,20.8,17.6,6.2,15.1,33.0,9.0,2.2,43.7
165,100 - 249,26.7,24.0,17.6,6.8,19.9,31.4,11.5,1.4,44.1
165,250 +,23.2,22.5,15.1,6.1,19.9,27.7,12.8,,52.2
165,50 - 99,26.0,24.8,18.0,6.2,18.7,32.9,10.3,1.1,42.7
165,Accommodation and food service activities,11.7,2.1,10.5,,2.1,25.5,1.5,1.2,62.1
165,Administrative and support service activities,21.6,25.6,21.1,10.1,19.4,36.6,9.1,,33.9
165,All businesses,23.1,22.2,20.3,7.9,11.2,40.2,7.6,1.6,39.6
165,All size bands excluding 0 - 9,23.4,21.6,17.5,6.2,16.1,32.7,9.5,1.9,44.0
165,"Arts, entertainment and recreation",12.1,28.3,22.1,15.6,10.3,24.5,5.3,,58.4
165,Construction,10.9,5.7,10.2,,1.0,19.0,4.2,0.0,68.3
165,Information and communication,37.2,29.1,22.8,9.0,11.5,54.4,12.3,,20.8
165,Manufacturing,22.5,15.6,14.5,6.1,11.4,19.4,3.3,5.2,46.1
165,"Professional, scientific and technical activities",33.6,33.1,28.7,7.9,16.1,51.3,10.5,4.4,30.1
165,Wholesale and retail trade; repair of motor vehicles and motorcycles,14.7,15.6,9.8,13.1,11.9,37.3,6.7,1.1,42.5
