wave,breakdown,Yes,No,Not Sure
123,0 - 9,,90.5,9.0
123,10 - 49,3.8,87.6,8.6
123,100 - 249,10.3,75.6,14.1
123,250 +,16.8,59.7,23.5
123,50 - 99,7.3,81.9,10.8
123,Accommodation and food service activities,1.2,90.1,8.7
123,Administrative and support service activities,2.5,89.1,8.4
123,All businesses,1.0,90.0,9.0
123,All size bands excluding 0 - 9,4.6,86.2,9.2
123,"Arts, entertainment and recreation",,82.7,17.1
123,Construction,,94.0,5.9
123,Education,,93.8,6.0
123,Human health and social work activities,1.2,97.1,1.7
123,Information and communication,,90.1,9.4
123,Manufacturing,1.3,90.0,8.7
123,Other service activities,3.0,87.4,9.7
123,"Professional, scientific and technical activities",,94.4,4.9
123,Real estate activities,4.7,94.4,
123,Transportation and storage,,71.1,28.6
123,Wholesale and retail trade; repair of motor vehicles and motorcycles,,87.2,11.9
127,0 - 9,,86.8,12.4
127,10 - 49,4.7,85.5,9.8
127,100 - 249,13.2,70.1,16.7
127,250 +,19.2,53.7,27.1
127,50 - 99,9.4,79.0,11.7
127,Accommodation and food service activities,1.1,88.4,10.5
127,Administrative and support service activities,4.2,88.0,7.8
127,All businesses,1.3,86.5,12.2
127,All size bands excluding 0 - 9,5.7,83.8,10.5
127,"Arts, entertainment and recreation",,84.0,15.3
127,Construction,,89.5,10.3
127,Education,,84.6,15.3
127,Human health and social work activities,8.1,83.1,8.7
127,Information and communication,,79.2,20.1
127,Manufacturing,1.2,91.1,7.6
127,Other service activities,,82.5,17.4
127,"Professional, scientific and technical activities",1.0,89.5,9.5
127,Real estate activities,4.6,86.1,9.4
127,Transportation and storage,,74.4,25.0
127,Wholesale and retail trade; repair of motor vehicles and motorcycles,1.2,86.4,12.4
129,0 - 9,1.4,80.7,17.9
129,10 - 49,7.5,72.9,19.6
129,100 - 249,14.3,64.2,21.6
129,250 +,21.8,48.8,29.4
129,50 - 99,12.2,71.3,16.5
129,Accommodation and food service activities,5.6,71.9,22.5
129,Administrative and support service activities,4.9,78.5,16.6
129,All businesses,2.2,79.8,18.0
129,All size bands excluding 0 - 9,8.4,72.1,19.5
129,"Arts, entertainment and recreation",3.9,78.3,17.8
129,Construction,1.7,80.6,17.7
129,Education,,87.8,11.7
129,Information and communication,,82.1,17.3
129,Manufacturing,2.1,80.6,17.3
129,Other service activities,,64.8,35.0
129,"Professional, scientific and technical activities",1.2,88.8,9.9
129,Real estate activities,7.9,75.8,16.3
129,Transportation and storage,,74.0,25.5
129,Wholesale and retail trade; repair of motor vehicles and motorcycles,1.5,78.4,20.2
133,0 - 9,1.4,85.9,12.7
133,10 - 49,5.3,83.9,10.8
133,100 - 249,14.6,68.6,16.8
133,250 +,21.8,53.9,24.3
133,50 - 99,9.9,78.4,11.7
133,Accommodation and food service activities,1.0,81.1,17.8
133,Administrative and support service activities,5.3,82.4,12.3
133,All businesses,1.9,85.5,12.6
133,All size bands excluding 0 - 9,6.3,82.4,11.3
133,"Arts, entertainment and recreation",2.9,74.0,23.1
133,Construction,,86.4,13.4
133,Education,,91.2,8.6
133,Human health and social work activities,11.5,76.3,12.2
133,Information and communication,1.2,88.1,10.7
133,Manufacturing,2.5,88.7,8.7
133,Other service activities,,72.3,27.6
133,"Professional, scientific and technical activities",,93.3,6.0
133,Real estate activities,7.2,81.0,11.8
133,Transportation and storage,2.1,83.4,14.5
133,Wholesale and retail trade; repair of motor vehicles and motorcycles,1.6,84.2,14.1
145,0 - 9,1.0,87.7,11.3
145,10 - 49,5.4,82.5,12.2
145,100 - 249,12.9,68.9,18.2
145,250 +,19.8,52.0,28.2
145,50 - 99,10.7,76.9,12.4
145,Accommodation and food service activities,1.9,87.5,10.6
145,Administrative and support service activities,2.6,82.7,14.7
145,All businesses,1.5,87.0,11.4
145,All size bands excluding 0 - 9,6.4,81.0,12.6
145,"Arts, entertainment and recreation",,77.7,21.6
145,Construction,,87.8,12.0
145,Education,,97.6,2.0
145,Human health and social work activities,10.7,78.1,11.3
145,Information and communication,,89.9,9.6
145,Manufacturing,1.2,87.0,11.7
145,Other service activities,4.7,69.9,25.4
145,"Professional, scientific and technical activities",1.0,90.5,8.4
145,Real estate activities,,84.0,15.3
145,Transportation and storage,1.9,89.2,8.9
145,Wholesale and retail trade; repair of motor vehicles and motorcycles,1.1,88.3,10.6
