wave,breakdown,Business will have to absorb additional costs,Business will explore new export markets,Business will have to pass additional costs to customers,Business will stop or pause exports to the United States,Increased competition,Increased demand,Reduced demand,Supply chain disruption,Other,Not sure,No impact expected for the business
131,0 - 9,2.9,,4.8,,,,5.1,3.4,,24.5,61.6
131,10 - 49,2.7,,6.6,,,,6.7,3.9,,32.4,51.4
131,100 - 249,5.5,1.9,7.3,1.3,,,7.4,5.0,,36.2,45.2
131,250 +,4.9,1.2,4.5,,,,5.9,3.7,1.2,42.3,42.8
131,50 - 99,5.8,1.8,8.1,1.7,1.1,,7.4,4.4,,32.1,47.6
131,Accommodation and food service activities,4.7,1.6,12.7,,,,7.1,8.5,0.0,25.0,55.0
131,Administrative and support service activities,2.4,,3.4,0.0,2.1,0.0,5.3,2.3,1.1,27.5,60.7
131,All businesses,2.9,,5.0,,,,5.3,3.5,,25.4,60.4
131,All size bands excluding 0 - 9,3.1,,6.8,,,,6.8,4.0,,32.7,50.6
131,"Arts, entertainment and recreation",,,2.4,2.1,0.0,0.0,4.6,,4.3,24.5,63.6
131,Construction,,0.0,1.1,0.0,,0.0,1.0,4.2,,31.2,64.2
131,Education,0.0,0.0,0.0,0.0,0.0,0.0,,0.0,0.0,9.2,89.9
131,Human health and social work activities,,0.0,,0.0,0.0,0.0,,,,30.2,68.4
131,Information and communication,6.3,,5.3,,,,4.1,3.0,1.5,24.5,57.1
131,Manufacturing,3.6,1.2,8.1,2.9,,,9.4,4.7,,30.8,47.2
131,Other service activities,3.5,0.0,10.2,0.0,0.0,0.0,2.9,2.8,0.0,29.3,56.8
131,"Professional, scientific and technical activities",3.0,1.4,3.1,,,0.0,6.2,1.7,,20.0,66.8
131,Real estate activities,0.0,0.0,3.8,0.0,0.0,0.0,15.5,0.0,,13.8,66.8
131,Transportation and storage,2.2,0.0,,0.0,0.0,0.0,5.0,,,20.2,72.2
131,Wholesale and retail trade; repair of motor vehicles and motorcycles,3.8,1.5,8.7,1.4,1.0,0.0,7.5,5.6,,27.0,49.8
133,0 - 9,2.8,1.2,3.4,,1.2,,4.8,2.5,,17.1,72.0
133,10 - 49,3.6,1.0,4.4,,,,3.9,3.4,,22.8,65.0
133,100 - 249,4.9,2.0,5.2,,,,4.8,3.5,,26.3,58.9
133,250 +,3.9,1.1,3.6,,,,4.0,2.5,,31.8,55.7
133,50 - 99,4.5,1.8,5.3,,,,5.2,3.6,,22.4,62.3
133,Accommodation and food service activities,4.0,1.7,5.6,1.6,3.1,1.6,1.2,5.5,0.0,16.4,73.8
133,Administrative and support service activities,2.9,,2.7,0.0,,1.1,3.6,4.3,1.4,17.9,71.6
133,All businesses,2.9,1.2,3.5,,1.2,,4.7,2.6,,17.8,71.2
133,All size bands excluding 0 - 9,3.8,1.1,4.5,,,,4.0,3.4,,23.0,64.4
133,"Arts, entertainment and recreation",,1.9,,0.0,1.9,0.0,2.0,,3.7,29.6,64.1
133,Construction,2.2,0.0,2.9,0.0,0.0,0.0,2.1,,0.0,15.9,78.8
133,Education,0.0,0.0,0.0,0.0,0.0,0.0,,0.0,,10.2,89.4
133,Human health and social work activities,,0.0,,0.0,0.0,0.0,0.0,1.2,0.0,15.4,83.3
133,Information and communication,3.9,2.0,2.3,1.3,0.0,1.0,2.5,,,20.6,70.3
133,Manufacturing,4.9,,5.8,2.0,,,10.8,7.2,,24.5,51.6
133,Other service activities,3.5,0.0,10.6,0.0,0.0,0.0,10.5,7.1,0.0,21.0,61.4
133,"Professional, scientific and technical activities",1.8,1.6,1.7,,,,4.8,1.8,,12.0,78.2
133,Real estate activities,,0.0,3.4,0.0,0.0,0.0,3.4,,0.0,18.4,74.6
133,Transportation and storage,3.3,0.0,0.0,0.0,5.8,,9.6,,0.0,13.2,72.3
133,Wholesale and retail trade; repair of motor vehicles and motorcycles,4.5,2.7,6.4,2.2,2.3,,7.9,3.8,0.0,22.5,60.5
135,0 - 9,2.4,,3.8,,,,3.6,1.8,,16.6,73.9
135,10 - 49,3.1,,4.8,,,,3.6,2.8,,20.6,67.2
135,100 - 249,5.0,1.2,6.0,,,,4.5,3.8,,23.7,60.9
135,250 +,4.2,1.1,3.1,,,,4.1,1.6,,32.3,56.4
135,50 - 99,4.4,1.7,5.7,1.0,,,5.3,3.3,,19.7,65.4
135,Accommodation and food service activities,3.6,1.7,2.1,1.5,1.7,1.5,2.2,1.9,,18.2,76.8
135,Administrative and support service activities,,0.0,2.5,0.0,1.3,0.0,1.7,,,20.9,73.6
135,All businesses,2.5,,3.9,,,,3.6,1.9,,17.0,73.2
135,All size bands excluding 0 - 9,3.3,,4.9,,,,3.8,2.9,,20.8,66.6
135,"Arts, entertainment and recreation",,0.0,,0.0,0.0,0.0,6.5,2.4,,34.8,57.8
135,Construction,,0.0,3.9,0.0,,0.0,,,0.0,16.8,76.3
135,Education,0.0,0.0,0.0,0.0,0.0,0.0,,,,9.0,90.6
135,Human health and social work activities,,0.0,5.1,0.0,0.0,0.0,0.0,5.6,0.0,4.9,89.4
135,Information and communication,6.3,,2.1,,1.6,0.0,4.1,1.8,2.1,21.3,64.3
135,Manufacturing,2.3,,7.4,3.0,,,8.5,5.8,,20.4,61.7
135,Other service activities,,,2.7,0.0,0.0,0.0,,0.0,0.0,19.1,77.8
135,"Professional, scientific and technical activities",2.0,1.0,1.4,,,0.0,4.8,1.1,,12.0,78.7
135,Real estate activities,0.0,0.0,0.0,0.0,0.0,,0.0,0.0,,12.6,87.1
135,Transportation and storage,4.0,0.0,2.4,0.0,0.0,0.0,4.2,4.1,0.0,15.7,77.4
135,Wholesale and retail trade; repair of motor vehicles and motorcycles,4.4,2.1,9.6,1.9,,0.0,6.1,2.6,0.0,17.4,64.8
137,0 - 9,2.0,1.0,3.2,,1.0,,3.6,1.5,,17.2,74.6
137,10 - 49,2.9,,3.8,,,,3.3,1.9,,21.9,68.3
137,100 - 249,4.2,1.1,4.8,,,,5.5,2.7,,27.2,59.4
137,250 +,3.2,,3.3,,,,3.7,1.6,,32.7,57.8
137,50 - 99,5.0,1.3,5.4,1.0,,,4.6,2.9,,23.6,62.9
137,Accommodation and food service activities,6.6,1.4,3.4,1.4,1.4,1.4,4.8,1.7,0.0,17.8,73.4
137,Administrative and support service activities,,,1.9,0.0,1.2,0.0,4.5,1.3,,15.7,76.9
137,All businesses,2.1,1.0,3.3,,,,3.6,1.6,,17.8,73.8
137,All size bands excluding 0 - 9,3.2,,4.0,,,,3.5,2.1,,22.4,67.3
137,"Arts, entertainment and recreation",,1.9,2.0,1.9,0.0,0.0,2.1,,,27.3,66.7
137,Construction,0.0,0.0,1.6,0.0,0.0,0.0,,,0.0,17.6,79.9
137,Education,0.0,0.0,0.0,0.0,0.0,0.0,0.0,,,16.7,82.7
137,Human health and social work activities,,0.0,0.0,0.0,0.0,0.0,0.0,,0.0,21.3,78.0
137,Information and communication,4.4,,5.0,,2.2,,3.3,1.0,0.0,19.5,69.8
137,Manufacturing,3.1,4.1,5.5,1.1,3.3,,9.9,2.0,1.0,22.0,59.5
137,Other service activities,,0.0,3.6,0.0,0.0,0.0,,,0.0,20.6,75.5
137,"Professional, scientific and technical activities",1.0,,1.3,,0.0,,2.5,,,17.5,77.5
137,Real estate activities,0.0,0.0,0.0,0.0,4.2,0.0,0.0,0.0,0.0,,94.9
137,Transportation and storage,3.4,0.0,3.9,0.0,,0.0,1.9,,0.0,14.8,75.8
137,Wholesale and retail trade; repair of motor vehicles and motorcycles,3.7,2.0,7.3,2.2,1.5,0.0,6.8,5.5,,17.4,65.9
139,0 - 9,1.8,1.0,3.8,,,,3.6,1.8,,18.8,71.2
139,10 - 49,3.1,,4.8,,,,2.7,2.7,,22.3,66.0
139,100 - 249,4.4,1.6,4.6,1.0,,,4.0,2.9,,28.6,59.3
139,250 +,3.9,1.0,3.1,,,,3.3,2.2,,34.8,54.8
139,50 - 99,4.0,1.2,5.0,,1.0,,3.9,2.7,,25.6,62.1
139,Accommodation and food service activities,4.0,1.9,6.2,1.7,2.1,1.7,3.9,2.1,,35.6,55.1
139,Administrative and support service activities,,,1.4,0.0,,0.0,3.0,,1.9,16.7,76.6
139,All businesses,2.0,1.0,3.9,,,,3.5,1.9,,19.3,70.6
139,All size bands excluding 0 - 9,3.3,,4.8,,,,2.9,2.7,,23.1,65.2
139,"Arts, entertainment and recreation",,0.0,,0.0,0.0,0.0,2.6,,0.0,26.2,70.7
139,Construction,1.5,0.0,2.7,0.0,0.0,0.0,1.9,2.1,0.0,18.8,75.5
139,Education,0.0,0.0,0.0,0.0,0.0,0.0,,0.0,0.0,19.2,80.5
139,Human health and social work activities,,,5.0,0.0,,0.0,0.0,5.3,,23.5,70.6
139,Information and communication,3.7,0.0,3.4,0.0,,1.2,2.9,2.2,1.1,16.8,69.7
139,Manufacturing,3.1,1.5,7.1,1.5,,,6.9,3.5,,19.5,63.1
139,Other service activities,,0.0,7.1,0.0,0.0,0.0,0.0,2.4,0.0,14.4,78.3
139,"Professional, scientific and technical activities",1.9,1.7,3.0,,,,2.8,,1.0,13.5,78.0
139,Real estate activities,,0.0,0.0,0.0,0.0,0.0,0.0,0.0,0.0,23.0,76.7
139,Transportation and storage,1.9,,,0.0,,,2.6,,,17.4,77.6
139,Wholesale and retail trade; repair of motor vehicles and motorcycles,2.8,2.4,6.9,2.8,,0.0,7.3,4.2,,19.4,60.4
141,0 - 9,1.8,,2.8,1.3,,,3.4,1.3,,17.7,74.2
141,10 - 49,3.3,,3.9,,,,2.3,2.0,,17.8,73.4
141,100 - 249,4.5,1.4,4.8,1.1,,,2.9,1.9,0.0,23.8,64.2
141,250 +,3.8,,3.2,,,0.0,2.5,1.2,,29.7,61.4
141,50 - 99,4.2,1.4,4.6,,,,3.3,2.0,,21.2,67.0
141,Accommodation and food service activities,5.1,1.5,4.7,1.4,1.6,1.4,3.1,1.6,0.0,28.9,62.8
141,Administrative and support service activities,1.7,,,0.0,1.0,0.0,2.4,1.7,,11.3,82.5
141,All businesses,2.0,,3.0,1.2,,,3.3,1.4,,17.8,74.0
141,All size bands excluding 0 - 9,3.4,,4.0,,,,2.4,2.0,,18.5,72.3
141,"Arts, entertainment and recreation",,0.0,1.6,0.0,0.0,0.0,5.1,,0.0,33.3,59.8
141,Construction,,0.0,2.6,0.0,0.0,0.0,,1.4,0.0,17.6,77.6
141,Education,0.0,0.0,,0.0,0.0,0.0,0.0,,0.0,12.8,86.8
141,Human health and social work activities,,0.0,,0.0,0.0,0.0,4.8,,0.0,23.8,70.7
141,Information and communication,2.6,,2.4,,,0.0,3.4,1.0,0.0,17.2,72.7
141,Manufacturing,1.9,,7.0,2.7,,,10.6,4.8,,26.1,55.4
141,Other service activities,4.0,0.0,1.9,0.0,0.0,0.0,0.0,0.0,0.0,18.3,75.8
141,"Professional, scientific and technical activities",1.2,,2.2,,,0.0,2.3,1.1,0.0,10.0,83.2
141,Real estate activities,0.0,0.0,,0.0,0.0,0.0,0.0,0.0,0.0,16.3,83.4
141,Transportation and storage,3.3,0.0,,0.0,,0.0,5.1,,0.0,8.4,83.0
141,Wholesale and retail trade; repair of motor vehicles and motorcycles,2.5,1.4,5.7,4.1,,,5.0,1.6,0.0,22.0,66.0
143,0 - 9,1.2,,3.6,1.1,,0.0,3.9,1.5,,15.7,76.6
143,10 - 49,3.3,,3.6,,,,3.2,1.8,,18.8,71.5
143,100 - 249,4.2,1.1,4.4,,,,4.0,1.7,,24.2,64.1
143,250 +,3.6,,2.5,,,,2.5,1.3,,31.5,59.9
143,50 - 99,4.1,,4.7,,,,4.7,2.1,,22.2,66.3
143,Accommodation and food service activities,1.6,,3.2,0.0,,0.0,,,,22.4,73.5
143,Administrative and support service activities,1.4,0.0,3.9,1.3,1.9,0.0,4.9,4.5,0.0,14.9,78.0
143,All businesses,1.4,,3.6,1.1,,,3.8,1.6,,16.1,76.0
143,All size bands excluding 0 - 9,3.4,,3.8,,,,3.4,1.8,,19.5,70.5
143,"Arts, entertainment and recreation",4.2,0.0,6.7,0.0,0.0,0.0,6.8,2.3,0.0,16.7,69.9
143,Construction,,0.0,1.0,0.0,0.0,0.0,1.9,1.1,0.0,15.3,82.6
143,Education,,0.0,,0.0,0.0,,,0.0,0.0,16.3,82.5
143,Human health and social work activities,,0.0,0.0,0.0,0.0,0.0,0.0,0.0,0.0,23.7,75.7
143,Information and communication,1.6,1.2,2.6,0.0,1.2,0.0,5.4,1.0,0.0,17.9,74.1
143,Manufacturing,1.9,1.4,12.7,3.4,,0.0,12.0,4.8,,23.0,59.8
143,Other service activities,,0.0,3.5,0.0,0.0,0.0,0.0,0.0,0.0,21.8,74.6
143,"Professional, scientific and technical activities",1.3,,2.2,,,,3.4,,,12.8,79.4
143,Real estate activities,0.0,0.0,0.0,0.0,0.0,0.0,0.0,3.8,0.0,13.1,83.0
143,Transportation and storage,1.7,,1.8,0.0,,0.0,4.8,,0.0,6.1,85.5
143,Wholesale and retail trade; repair of motor vehicles and motorcycles,2.4,2.0,6.4,3.6,,,4.6,2.0,0.0,16.2,69.6
145,0 - 9,1.8,,2.2,,,,3.3,2.0,,14.5,77.3
145,10 - 49,3.4,1.0,4.5,,,,3.2,2.2,,17.4,72.0
145,100 - 249,4.5,1.4,3.7,1.1,,,3.2,1.6,,22.6,65.9
145,250 +,3.5,,2.4,,,,2.8,1.2,,29.8,62.0
145,50 - 99,4.1,1.1,4.2,,,,3.6,1.9,,20.9,68.3
145,Accommodation and food service activities,4.4,,1.6,0.0,1.7,,,,1.7,23.5,68.5
145,Administrative and support service activities,1.6,,2.9,,,0.0,3.4,,0.0,10.8,81.8
145,All businesses,2.0,,2.4,,,,3.3,2.0,,14.9,76.7
145,All size bands excluding 0 - 9,3.5,1.0,4.4,,,,3.2,2.1,,18.1,71.3
145,"Arts, entertainment and recreation",,0.0,2.5,0.0,0.0,2.3,4.7,2.4,2.4,27.4,62.9
145,Construction,,,1.1,0.0,,0.0,1.7,,0.0,18.5,78.6
145,Education,,0.0,,0.0,0.0,0.0,0.0,0.0,0.0,11.9,87.8
145,Human health and social work activities,0.0,0.0,,0.0,0.0,0.0,0.0,4.6,,16.2,78.6
145,Information and communication,4.8,,1.8,,1.4,0.0,5.1,,1.2,11.3,78.0
145,Manufacturing,3.3,1.0,5.2,4.7,,,8.7,5.9,,22.9,58.3
145,Other service activities,0.0,0.0,4.8,0.0,0.0,0.0,0.0,0.0,0.0,13.6,81.7
145,"Professional, scientific and technical activities",1.2,,1.1,,0.0,0.0,2.6,1.3,,8.1,86.9
145,Real estate activities,0.0,0.0,0.0,0.0,0.0,0.0,0.0,0.0,0.0,6.2,93.8
145,Transportation and storage,1.7,0.0,,0.0,2.7,0.0,4.3,8.7,0.0,11.8,74.8
145,Wholesale and retail trade; repair of motor vehicles and motorcycles,3.3,1.3,5.7,2.5,,1.1,5.2,2.8,0.0,16.8,68.8
147,0 - 9,1.6,,2.0,1.1,,,3.8,1.3,,16.1,76.0
147,10 - 49,3.2,,4.4,,,,2.6,1.9,,18.9,71.4
147,100 - 249,4.1,1.2,4.4,,,,2.7,1.9,,22.6,66.5
147,250 +,2.9,,2.5,,,,2.1,1.3,,28.1,64.5
147,50 - 99,3.9,,4.1,,,,3.6,1.9,,18.6,70.4
147,Accommodation and food service activities,4.8,,2.6,0.0,2.9,0.0,1.8,1.6,0.0,17.6,73.9
147,Administrative and support service activities,1.4,1.4,1.4,0.0,,0.0,3.6,2.0,0.0,16.8,76.6
147,All businesses,1.8,,2.3,1.0,,,3.7,1.4,,16.5,75.4
147,All size bands excluding 0 - 9,3.3,,4.4,,,,2.7,1.9,,19.1,71.0
147,"Arts, entertainment and recreation",,0.0,,0.0,0.0,0.0,5.5,,0.0,27.6,66.5
147,Construction,,0.0,3.0,0.0,0.0,0.0,0.0,1.1,0.0,18.7,78.1
147,Education,0.0,0.0,,0.0,4.0,0.0,0.0,0.0,0.0,5.6,90.1
147,Human health and social work activities,,0.0,,0.0,0.0,0.0,0.0,,0.0,9.4,89.6
147,Information and communication,2.3,0.0,2.4,1.0,,,3.4,2.2,0.0,13.7,77.2
147,Manufacturing,4.7,,5.0,1.3,1.4,,7.8,1.7,,19.1,65.3
147,Other service activities,,0.0,,0.0,0.0,0.0,0.0,0.0,0.0,16.4,83.1
147,"Professional, scientific and technical activities",,0.0,,,0.0,0.0,4.8,1.0,,8.7,82.7
147,Real estate activities,,0.0,0.0,0.0,0.0,0.0,3.8,0.0,0.0,9.6,86.3
147,Transportation and storage,1.0,0.0,,0.0,0.0,,5.1,,0.0,20.9,72.0
147,Wholesale and retail trade; repair of motor vehicles and motorcycles,3.4,1.8,4.5,3.8,,0.0,6.4,2.2,0.0,22.6,63.4
149,0 - 9,1.9,,3.2,,,,3.5,1.2,,18.8,72.4
149,10 - 49,2.5,,4.2,,,,3.4,2.5,,22.2,67.7
149,100 - 249,4.5,1.1,4.4,,,,3.3,2.4,,26.8,62.0
149,250 +,3.8,,2.8,,,,2.9,1.6,,32.4,58.7
149,50 - 99,3.8,1.1,4.8,,,,4.7,1.8,,23.9,64.0
149,Accommodation and food service activities,5.0,1.6,2.8,0.0,0.0,1.6,2.3,3.5,0.0,24.8,65.8
149,Administrative and support service activities,1.6,0.0,3.4,0.0,,0.0,2.6,,,10.7,83.5
149,All businesses,2.0,,3.3,,,,3.5,1.4,,19.3,71.8
149,All size bands excluding 0 - 9,2.7,,4.2,,,,3.6,2.5,,22.7,67.0
149,"Arts, entertainment and recreation",,2.1,1.9,3.7,0.0,0.0,2.3,,,28.1,67.2
149,Construction,,,3.0,0.0,0.0,0.0,,,0.0,26.6,68.6
149,Education,4.0,,,,0.0,0.0,0.0,,0.0,5.2,90.1
149,Human health and social work activities,,0.0,4.6,0.0,0.0,0.0,0.0,,0.0,13.5,81.3
149,Information and communication,2.4,,1.8,0.0,1.4,,4.7,2.3,,12.5,76.8
149,Manufacturing,4.7,,8.3,3.3,,,8.0,4.3,,19.3,62.0
149,Other service activities,3.5,0.0,11.7,0.0,0.0,0.0,3.5,0.0,,23.3,61.3
149,"Professional, scientific and technical activities",,1.1,1.3,,,0.0,6.1,1.3,,10.5,81.2
149,Real estate activities,3.4,0.0,3.2,0.0,0.0,0.0,0.0,0.0,0.0,23.5,69.9
149,Transportation and storage,2.2,0.0,1.6,0.0,,0.0,4.1,,,20.1,72.5
149,Wholesale and retail trade; repair of motor vehicles and motorcycles,2.1,,4.6,1.5,1.1,0.0,4.2,2.1,0.0,25.7,62.1
151,0 - 9,2.3,,2.9,1.5,,,2.3,1.0,,14.8,77.5
151,10 - 49,2.7,,4.0,,,,2.9,2.3,,18.6,71.6
151,100 - 249,4.0,1.6,4.2,,,,2.9,2.4,,22.7,65.7
151,250 +,3.9,1.1,2.8,,,0.0,2.0,1.5,,27.3,64.2
151,50 - 99,3.6,1.2,3.6,,,,3.6,1.9,,21.6,67.9
151,Accommodation and food service activities,2.3,,4.0,,,,1.9,1.9,0.0,11.4,82.0
151,Administrative and support service activities,,,3.2,,,0.0,4.3,1.0,,12.4,80.8
151,All businesses,2.3,,3.1,1.4,,,2.3,1.1,,15.3,76.8
151,All size bands excluding 0 - 9,2.9,,4.0,,,,2.9,2.3,,19.1,70.9
151,"Arts, entertainment and recreation",,2.3,,4.6,0.0,0.0,4.5,,1.7,24.7,68.7
151,Construction,1.6,0.0,2.4,0.0,0.0,0.0,,,0.0,16.2,79.7
151,Education,6.3,0.0,6.6,0.0,0.0,0.0,0.0,0.0,0.0,8.3,78.7
151,Human health and social work activities,,0.0,,0.0,0.0,0.0,0.0,,,17.0,82.0
151,Information and communication,3.4,,2.5,0.0,,,3.4,1.9,0.0,13.1,77.0
151,Manufacturing,4.3,1.8,6.5,3.7,,1.0,2.9,2.1,,22.3,64.0
151,Other service activities,0.0,0.0,,0.0,0.0,0.0,0.0,,0.0,18.3,81.4
151,"Professional, scientific and technical activities",1.5,0.0,2.2,1.0,,,2.7,2.0,0.0,9.9,83.0
151,Real estate activities,0.0,0.0,0.0,0.0,0.0,0.0,0.0,,0.0,5.6,94.1
151,Transportation and storage,2.0,,2.2,0.0,0.0,2.8,2.4,,0.0,19.0,75.4
151,Wholesale and retail trade; repair of motor vehicles and motorcycles,4.6,2.3,5.0,4.2,,,3.5,,0.0,19.7,65.9
153,0 - 9,3.8,,3.5,1.2,,0.0,4.0,2.9,,16.5,72.4
153,10 - 49,4.1,1.0,5.5,,,,3.0,2.7,,21.2,65.9
153,100 - 249,5.2,1.1,4.7,,,,3.5,2.5,,24.6,62.7
153,250 +,4.2,,3.2,,,,2.8,1.8,,26.6,63.5
153,50 - 99,4.7,,5.1,,,,4.0,2.7,,20.5,66.5
153,Accommodation and food service activities,8.1,,3.1,0.0,,,5.8,2.3,,29.1,55.1
153,Administrative and support service activities,2.7,,2.1,,0.0,0.0,3.7,1.0,,14.0,77.1
153,All businesses,3.8,,3.7,1.2,,0.0,3.9,2.9,,17.1,71.7
153,All size bands excluding 0 - 9,4.2,,5.3,,,,3.1,2.6,,21.5,65.8
153,"Arts, entertainment and recreation",,0.0,,3.3,0.0,0.0,11.7,,,32.9,54.7
153,Construction,1.6,1.7,3.7,0.0,0.0,0.0,,4.5,0.0,21.1,69.9
153,Education,,0.0,,4.9,0.0,0.0,0.0,0.0,0.0,15.8,78.9
153,Human health and social work activities,6.4,0.0,6.4,0.0,0.0,0.0,,,0.0,9.9,77.3
153,Information and communication,4.2,,1.1,,,0.0,3.8,1.6,0.0,11.1,78.6
153,Manufacturing,10.4,3.0,4.2,4.0,,0.0,3.6,6.6,1.0,15.6,64.4
153,Other service activities,9.3,0.0,2.4,6.9,0.0,0.0,2.4,9.4,0.0,27.3,60.9
153,"Professional, scientific and technical activities",1.3,,2.3,,,0.0,1.9,1.6,0.0,10.5,83.4
153,Real estate activities,4.4,0.0,4.4,0.0,0.0,0.0,0.0,4.2,0.0,5.5,85.7
153,Transportation and storage,,0.0,2.2,,0.0,0.0,5.2,1.9,,17.5,76.5
153,Wholesale and retail trade; repair of motor vehicles and motorcycles,5.5,1.6,8.1,2.1,,0.0,7.9,3.2,0.0,17.8,65.2
155,0 - 9,3.1,,3.8,,,,3.6,2.3,,20.3,69.1
155,10 - 49,4.7,,6.5,,,,3.4,3.2,,24.6,62.2
155,100 - 249,5.7,1.1,5.6,,1.0,,3.3,2.8,,28.3,58.6
155,250 +,5.0,,4.3,,,,2.7,2.3,,33.4,55.3
155,50 - 99,5.3,1.1,5.8,,1.0,,4.0,2.7,,25.1,60.6
155,Accommodation and food service activities,1.5,0.0,4.4,0.0,,0.0,2.8,4.6,0.0,40.3,52.0
155,Administrative and support service activities,3.6,,3.4,0.0,1.0,0.0,4.5,1.9,,15.4,74.0
155,All businesses,3.3,,4.1,,,,3.6,2.4,,20.8,68.3
155,All size bands excluding 0 - 9,4.8,,6.3,,,,3.4,3.1,,25.0,61.7
155,"Arts, entertainment and recreation",,3.9,4.4,0.0,0.0,0.0,4.1,,0.0,10.0,84.8
155,Construction,1.9,0.0,5.1,0.0,0.0,0.0,1.7,4.1,,28.5,62.1
155,Education,,0.0,5.2,0.0,0.0,0.0,0.0,0.0,0.0,23.1,71.5
155,Human health and social work activities,5.5,0.0,,0.0,0.0,0.0,,,,10.5,83.3
155,Information and communication,4.0,,1.1,,,,4.0,1.5,,19.0,71.6
155,Manufacturing,7.8,,12.0,2.7,2.1,,8.4,4.4,,16.9,61.5
155,Other service activities,2.6,2.6,11.6,0.0,0.0,0.0,2.5,0.0,0.0,19.6,61.1
155,"Professional, scientific and technical activities",2.2,,1.4,,,0.0,4.2,1.2,,11.6,79.7
155,Real estate activities,8.4,0.0,,0.0,0.0,0.0,0.0,4.2,0.0,5.9,81.2
155,Transportation and storage,2.1,,,,0.0,0.0,3.9,,0.0,18.6,74.9
155,Wholesale and retail trade; repair of motor vehicles and motorcycles,4.9,,6.1,1.9,1.3,,4.2,3.0,1.4,26.3,58.2
157,0 - 9,2.1,,3.7,,,,2.8,1.7,,18.0,74.3
157,10 - 49,5.4,,4.9,,,,3.1,2.4,,21.4,66.9
157,100 - 249,5.6,,4.7,,,,2.8,1.9,,25.7,62.3
157,250 +,4.5,,2.9,,,0.0,1.9,1.3,,29.9,61.2
157,50 - 99,5.1,1.4,4.8,,,,3.8,2.0,,22.2,65.7
157,Accommodation and food service activities,5.0,,2.3,0.0,,0.0,2.5,2.3,0.0,29.1,65.4
157,Administrative and support service activities,1.9,,2.6,0.0,0.0,0.0,2.6,1.2,0.0,14.5,81.4
157,All businesses,2.4,,3.8,,,,2.8,1.8,,18.4,73.4
157,All size bands excluding 0 - 9,5.4,,4.9,,,,3.1,2.3,,21.9,66.5
157,"Arts, entertainment and recreation",,0.0,3.3,0.0,0.0,0.0,,3.1,0.0,8.1,85.1
157,Construction,1.2,0.0,5.0,0.0,0.0,0.0,1.6,2.2,0.0,15.8,77.4
157,Education,,0.0,,0.0,0.0,0.0,4.9,0.0,0.0,17.0,77.4
157,Human health and social work activities,1.0,,,0.0,0.0,0.0,0.0,,0.0,33.5,64.8
157,Information and communication,1.9,0.0,2.6,,1.1,,7.9,1.6,0.0,15.0,71.2
157,Manufacturing,7.3,,7.7,1.9,,0.0,6.8,3.8,,18.0,65.3
157,Other service activities,2.3,8.8,11.1,0.0,0.0,0.0,0.0,0.0,0.0,24.4,64.5
157,"Professional, scientific and technical activities",2.5,,3.0,,1.5,,3.7,1.5,,11.7,78.8
157,Real estate activities,0.0,0.0,0.0,0.0,0.0,0.0,0.0,0.0,0.0,8.8,91.2
157,Transportation and storage,,0.0,2.1,,0.0,0.0,1.9,,,24.1,71.6
157,Wholesale and retail trade; repair of motor vehicles and motorcycles,3.1,1.2,5.0,,,,1.4,2.5,0.0,25.2,66.0
159,0 - 9,2.9,,4.2,,1.0,,4.1,2.4,,15.1,73.8
159,10 - 49,4.0,,5.6,,,,3.7,2.9,,21.1,66.9
159,100 - 249,4.7,,4.4,,,,2.8,1.9,,23.8,65.1
159,250 +,3.4,,2.6,,,,2.0,1.5,,28.3,63.5
159,50 - 99,5.1,,3.6,,,,3.1,2.6,,22.2,66.2
159,Accommodation and food service activities,5.4,1.9,2.6,,,0.0,1.0,4.1,0.0,28.4,59.8
159,Administrative and support service activities,1.6,,3.6,,0.0,0.0,2.8,2.7,0.0,11.7,80.8
159,All businesses,3.1,,4.3,,1.0,,4.1,2.4,,15.8,73.1
159,All size bands excluding 0 - 9,4.2,,5.2,,,,3.6,2.8,,21.5,66.7
159,"Arts, entertainment and recreation",,3.7,7.2,3.7,0.0,0.0,3.5,4.0,0.0,22.1,70.2
159,Construction,3.6,,6.5,0.0,,0.0,1.9,2.2,0.0,19.6,69.8
159,Education,0.0,0.0,,0.0,0.0,0.0,,0.0,0.0,18.4,81.1
159,Human health and social work activities,1.2,,0.0,0.0,0.0,0.0,,,0.0,10.7,87.4
159,Information and communication,1.9,0.0,1.8,0.0,2.0,0.0,3.9,,0.0,14.3,78.1
159,Manufacturing,5.2,,5.4,4.0,,0.0,8.1,6.0,1.0,14.0,62.8
159,Other service activities,4.8,2.3,2.5,0.0,6.4,0.0,0.0,0.0,0.0,23.1,65.5
159,"Professional, scientific and technical activities",,,3.6,0.0,,,2.5,,,6.8,85.4
159,Real estate activities,0.0,0.0,0.0,0.0,0.0,0.0,3.9,0.0,0.0,5.6,90.5
159,Transportation and storage,5.2,0.0,4.3,0.0,6.8,4.9,2.5,2.4,0.0,23.8,60.6
159,Wholesale and retail trade; repair of motor vehicles and motorcycles,5.5,1.3,6.8,1.7,,,10.7,4.0,,16.6,65.7
161,0 - 9,2.1,,3.1,,,,2.1,1.7,0.0,18.1,74.8
161,10 - 49,3.4,,4.5,,,,3.0,2.2,,24.8,64.7
161,100 - 249,5.0,,4.2,,1.0,,2.9,1.2,,26.4,62.4
161,250 +,4.0,,2.9,,,,2.3,1.4,,30.1,61.0
161,50 - 99,4.8,,3.7,,,,3.4,2.4,,23.4,64.9
161,Accommodation and food service activities,,0.0,2.6,0.0,0.0,0.0,,,0.0,33.8,62.2
161,Administrative and support service activities,1.2,,2.2,,0.0,0.0,,,0.0,15.5,80.8
161,All businesses,2.3,,3.2,,,,2.2,1.8,0.0,18.8,73.7
161,All size bands excluding 0 - 9,3.6,,4.3,,,,3.0,2.1,,24.9,64.5
161,"Arts, entertainment and recreation",3.8,0.0,2.2,1.9,0.0,0.0,2.0,,0.0,12.0,83.7
161,Construction,2.3,,2.3,,,0.0,1.5,2.3,0.0,22.6,71.3
161,Education,,0.0,,0.0,0.0,0.0,,0.0,0.0,17.2,82.2
161,Human health and social work activities,,0.0,,0.0,0.0,0.0,,5.5,0.0,5.5,88.6
161,Information and communication,1.1,0.0,5.9,0.0,1.3,0.0,3.0,1.7,,13.4,75.9
161,Manufacturing,3.2,,5.2,,,,1.7,1.0,,15.3,74.7
161,Other service activities,5.1,0.0,,0.0,0.0,0.0,0.0,5.0,0.0,15.9,73.9
161,"Professional, scientific and technical activities",1.1,,2.6,1.1,,,2.9,,0.0,11.3,82.2
161,Real estate activities,0.0,0.0,0.0,0.0,0.0,0.0,0.0,0.0,0.0,13.1,86.8
161,Transportation and storage,5.8,,1.6,0.0,0.0,0.0,2.1,4.0,,28.9,61.6
161,Wholesale and retail trade; repair of motor vehicles and motorcycles,4.1,1.0,5.6,,1.4,,4.8,3.1,,24.7,63.3
163,0 - 9,2.5,,4.5,,,,1.7,2.1,,14.3,76.7
163,10 - 49,4.1,1.0,4.1,,,,2.8,2.3,0.0,21.1,68.7
163,100 - 249,4.5,1.0,3.7,,,,2.4,1.6,0.0,25.0,64.7
163,250 +,4.5,,2.9,,,,2.0,1.3,,28.8,62.4
163,50 - 99,4.4,,3.9,,,,2.6,2.2,,22.9,66.6
163,Accommodation and food service activities,,1.7,3.6,0.0,,0.0,1.8,3.3,0.0,18.7,75.1
163,Administrative and support service activities,1.8,,2.4,0.0,,0.0,4.5,,0.0,15.2,75.9
163,All businesses,2.7,,4.5,,,,1.8,2.1,,15.1,75.8
163,All size bands excluding 0 - 9,4.1,1.0,4.0,,,,2.7,2.2,,21.6,68.1
163,"Arts, entertainment and recreation",4.1,0.0,0.0,3.5,0.0,0.0,,0.0,0.0,24.1,68.2
163,Construction,2.5,0.0,6.4,0.0,1.3,,,5.0,0.0,17.4,73.2
163,Education,8.1,0.0,16.0,0.0,0.0,0.0,0.0,0.0,0.0,9.1,74.7
163,Human health and social work activities,5.4,0.0,,0.0,0.0,0.0,0.0,0.0,0.0,9.9,84.6
163,Information and communication,2.9,,,,0.0,0.0,,1.8,0.0,8.8,85.1
163,Manufacturing,2.1,2.7,7.4,2.5,,,5.2,2.5,1.7,23.0,60.7
163,Other service activities,0.0,0.0,5.5,0.0,0.0,0.0,,,0.0,19.6,74.7
163,"Professional, scientific and technical activities",2.4,,3.1,0.0,,,1.6,1.2,,9.1,84.0
163,Real estate activities,0.0,0.0,0.0,0.0,0.0,0.0,0.0,0.0,0.0,8.4,91.6
163,Transportation and storage,,0.0,2.1,0.0,,0.0,,2.5,0.0,22.3,72.6
163,Wholesale and retail trade; repair of motor vehicles and motorcycles,4.6,,8.2,2.4,,,3.5,1.9,1.3,16.4,68.6
