wave,breakdown,3 months or less,4 to 6 months,7 to 9 months,10 to 12 months,More than 12 months,Not sure
117,0 - 9,64.8,31.7,,1.5,1.1,
117,10 - 49,62.5,35.3,,,,
117,100 - 249,50.5,46.8,,,,1.0
117,250 +,50.7,46.4,,,,1.6
117,50 - 99,59.3,39.0,,,,
117,Administrative and support service activities,52.4,42.5,,3.1,1.9,0.0
117,All businesses,63.8,33.0,,1.4,,
117,All size bands excluding 0 - 9,61.3,36.5,,,,
117,Construction,63.8,35.5,,,0.0,
117,Information and communication,53.7,43.0,0.0,0.0,0.0,3.2
117,Manufacturing,64.7,29.6,2.8,,2.1,
117,"Professional, scientific and technical activities",54.8,42.4,,1.5,,1.3
117,Real estate activities,67.5,32.5,0.0,0.0,0.0,0.0
117,Wholesale and retail trade; repair of motor vehicles and motorcycles,77.6,16.6,,3.1,2.4,
121,0 - 9,62.6,31.3,,2.7,,1.7
121,10 - 49,60.8,35.4,,1.7,,1.2
121,100 - 249,50.3,46.2,,1.1,,1.4
121,250 +,46.5,48.9,,1.0,,2.3
121,50 - 99,55.0,41.2,,1.3,,1.3
121,Accommodation and food service activities,89.0,6.1,0.0,,,4.4
121,Administrative and support service activities,57.4,37.2,,2.3,1.4,1.7
121,All businesses,61.9,32.5,,2.5,,1.6
121,All size bands excluding 0 - 9,59.5,36.7,,1.6,,1.2
121,"Arts, entertainment and recreation",55.3,44.2,0.0,,0.0,0.0
121,Construction,72.7,24.1,,,0.0,2.6
121,Information and communication,51.2,40.1,0.0,8.3,0.0,
121,Manufacturing,55.1,38.7,1.1,4.6,,
121,Other service activities,64.3,35.6,0.0,,0.0,0.0
121,"Professional, scientific and technical activities",51.7,40.0,2.2,4.9,1.2,
121,Transportation and storage,65.7,32.9,0.0,,0.0,
121,Wholesale and retail trade; repair of motor vehicles and motorcycles,71.0,21.8,1.6,2.0,1.5,2.1
127,0 - 9,59.9,36.5,,1.7,,
127,10 - 49,59.5,36.4,,2.1,,
127,100 - 249,50.0,46.1,,1.3,,1.7
127,250 +,45.8,49.8,,1.0,,2.5
127,50 - 99,52.1,44.5,,1.2,,1.0
127,Accommodation and food service activities,80.1,19.7,0.0,,0.0,0.0
127,Administrative and support service activities,66.4,31.4,1.3,,,
127,All businesses,59.5,36.8,,1.7,,
127,All size bands excluding 0 - 9,58.1,37.9,,1.9,,
127,Construction,76.1,23.5,,,0.0,
127,Information and communication,45.4,51.5,0.0,,0.0,2.6
127,Manufacturing,52.8,41.4,1.2,4.1,,
127,Other service activities,71.2,28.5,0.0,,0.0,0.0
127,"Professional, scientific and technical activities",48.4,40.7,2.6,5.0,,3.1
127,Transportation and storage,37.9,57.2,0.0,,4.4,
127,Wholesale and retail trade; repair of motor vehicles and motorcycles,63.7,33.4,,1.8,,
133,0 - 9,64.6,31.8,,1.7,,1.0
133,10 - 49,59.5,36.4,1.0,1.5,,1.2
133,100 - 249,47.4,48.4,,1.2,,1.9
133,250 +,45.5,50.1,,,,2.7
133,50 - 99,50.9,46.0,,1.3,,
133,Accommodation and food service activities,83.7,12.2,,3.8,0.0,
133,Administrative and support service activities,69.9,29.6,,,0.0,
133,All businesses,63.0,33.3,,1.7,,1.1
133,All size bands excluding 0 - 9,57.9,38.1,,1.4,,1.2
133,Construction,73.1,22.8,,,1.8,2.0
133,Information and communication,44.9,47.2,0.0,4.1,0.0,3.8
133,Manufacturing,55.1,36.0,1.5,3.9,2.5,
133,"Professional, scientific and technical activities",52.0,46.1,,,0.0,
133,Transportation and storage,82.4,16.9,0.0,,,
133,Wholesale and retail trade; repair of motor vehicles and motorcycles,65.7,31.4,,2.0,,
139,0 - 9,63.3,32.4,,1.6,1.8,
139,10 - 49,57.7,38.0,,1.6,,1.3
139,100 - 249,49.7,46.4,,1.5,,1.4
139,250 +,45.8,49.6,,1.3,,2.5
139,50 - 99,50.5,45.8,1.0,1.3,,1.1
139,Accommodation and food service activities,87.8,11.2,0.0,,0.0,
139,Administrative and support service activities,60.5,37.2,,,,1.8
139,All businesses,61.8,34.0,,1.6,1.5,
139,All size bands excluding 0 - 9,56.4,39.4,,1.6,,1.3
139,Construction,67.8,26.1,0.0,4.0,1.9,
139,Information and communication,59.7,39.8,,,0.0,
139,Manufacturing,56.3,35.5,2.1,,4.9,
139,"Professional, scientific and technical activities",51.6,42.6,,1.7,2.8,1.0
139,Real estate activities,29.5,70.4,0.0,,0.0,0.0
139,Wholesale and retail trade; repair of motor vehicles and motorcycles,59.7,34.4,,1.7,2.3,1.7
145,0 - 9,57.9,36.3,,1.9,2.0,1.4
145,10 - 49,57.1,38.9,,1.6,,
145,100 - 249,49.9,46.5,,,,1.5
145,250 +,44.0,51.1,,1.1,,3.0
145,50 - 99,49.2,47.3,,1.5,,1.0
145,Accommodation and food service activities,72.8,19.1,0.0,4.2,0.0,3.9
145,Administrative and support service activities,53.8,41.3,2.3,2.2,,
145,All businesses,57.4,37.2,,1.8,1.7,1.2
145,All size bands excluding 0 - 9,55.8,40.3,,1.6,,
145,Construction,64.9,34.6,0.0,,0.0,
145,Information and communication,54.4,43.5,0.0,1.9,,0.0
145,Manufacturing,43.2,52.3,1.1,2.9,,
145,"Professional, scientific and technical activities",50.9,42.1,1.2,1.8,,3.0
145,Transportation and storage,59.5,17.9,,,20.7,
145,Wholesale and retail trade; repair of motor vehicles and motorcycles,63.8,29.5,,1.6,3.4,1.4
