wave,breakdown,High confidence,Moderate confidence,Low confidence,No confidence,Not sure,Business does not have any debt obligations
27,0 - 9,45.4,25.3,4.4,1.5,23.3,
27,10 - 49,49.2,32.0,3.6,,14.3,
27,100 - 249,66.1,20.8,1.8,,10.9,
27,250 +,62.8,21.5,2.2,,13.2,
27,50 - 99,64.2,22.8,2.3,,10.3,
27,Accommodation and food service activities,23.7,41.0,10.9,1.8,22.5,
27,Administrative and support service activities,48.0,23.6,1.7,,26.0,
27,All businesses,46.1,25.8,4.3,1.5,22.3,
27,All size bands excluding 0 - 9,51.8,30.3,3.4,,13.8,
27,"Arts, entertainment and recreation",46.0,25.0,2.8,1.3,24.8,
27,Construction,44.1,27.0,3.0,1.8,24.2,
27,Education,54.5,10.7,8.4,3.9,22.5,
27,Human health and social work activities,53.7,16.5,3.3,0.0,26.5,
27,Information and communication,56.0,22.8,3.1,,17.3,
27,Manufacturing,51.1,24.9,3.6,,19.8,
27,Other service activities,24.6,37.5,9.2,7.0,21.8,
27,"Professional, scientific and technical activities",55.9,21.6,4.1,,17.6,
27,Real estate activities,70.5,17.1,3.9,0.0,8.4,
27,Transportation and storage,27.0,30.7,8.4,4.0,29.9,
27,Wholesale and retail trade; repair of motor vehicles and motorcycles,43.1,26.8,2.9,1.5,25.6,
29,0 - 9,46.2,25.8,3.9,1.3,22.7,
29,10 - 49,51.9,30.4,3.1,,14.1,
29,100 - 249,69.9,17.0,1.4,,11.2,
29,250 +,64.5,19.7,1.6,,13.9,
29,50 - 99,67.1,21.3,1.6,,9.9,
29,Accommodation and food service activities,27.2,38.3,9.0,,25.0,
29,Administrative and support service activities,47.6,25.2,3.6,1.6,22.0,
29,All businesses,47.1,26.1,3.8,1.2,21.8,
29,All size bands excluding 0 - 9,54.5,28.6,2.9,,13.6,
29,"Arts, entertainment and recreation",40.9,22.7,,,35.9,
29,Construction,33.7,31.6,6.4,1.4,26.9,
29,Education,43.5,8.3,,8.2,39.4,
29,Human health and social work activities,57.7,11.4,4.1,0.0,26.9,
29,Information and communication,62.8,21.8,1.5,,13.3,
29,Manufacturing,54.9,24.5,1.5,0.0,19.1,
29,Other service activities,35.5,27.6,11.2,0.0,25.6,
29,"Professional, scientific and technical activities",59.6,19.8,2.1,,18.2,
29,Real estate activities,72.0,13.9,,0.0,13.8,
29,Transportation and storage,26.3,30.6,2.2,8.0,32.9,
29,Wholesale and retail trade; repair of motor vehicles and motorcycles,47.1,30.1,4.0,,17.9,
31,0 - 9,47.2,27.3,3.6,,21.1,
31,10 - 49,53.8,30.6,2.0,,13.3,
31,100 - 249,70.4,17.7,1.2,,10.7,
31,250 +,65.7,19.4,1.4,,13.3,
31,50 - 99,68.0,20.6,1.8,,9.4,
31,Accommodation and food service activities,34.0,38.9,9.8,,16.9,
31,Administrative and support service activities,50.0,30.1,2.7,1.7,15.5,
31,All businesses,48.1,27.4,3.4,,20.3,
31,All size bands excluding 0 - 9,56.2,28.7,1.9,,12.8,
31,"Arts, entertainment and recreation",49.9,16.4,2.3,0.0,31.4,
31,Construction,34.7,33.7,3.9,1.5,26.2,
31,Education,38.8,26.3,16.8,0.0,18.1,
31,Human health and social work activities,42.6,12.6,0.0,0.0,44.8,
31,Information and communication,62.2,21.5,1.6,1.9,12.8,
31,Manufacturing,52.0,23.4,1.3,,22.4,
31,Other service activities,42.6,28.1,8.0,0.0,21.3,
31,"Professional, scientific and technical activities",60.6,20.4,2.4,0.0,16.6,
31,Real estate activities,63.8,29.6,0.0,0.0,6.6,
31,Transportation and storage,32.9,38.4,,2.2,26.2,
31,Wholesale and retail trade; repair of motor vehicles and motorcycles,47.0,28.4,3.8,0.0,20.9,
33,0 - 9,46.4,26.8,4.3,1.0,21.5,
33,10 - 49,55.7,28.3,3.0,,12.7,
33,100 - 249,71.0,18.0,1.2,,9.5,
33,250 +,65.9,20.3,1.7,,12.0,
33,50 - 99,66.2,21.9,1.5,,10.1,
33,Accommodation and food service activities,25.6,36.7,13.3,,24.2,
33,Administrative and support service activities,42.7,28.6,2.7,0.0,26.0,
33,All businesses,47.6,26.9,4.1,,20.6,
33,All size bands excluding 0 - 9,57.7,27.0,2.8,,12.3,
33,"Arts, entertainment and recreation",43.2,24.0,,0.0,32.1,
33,Construction,36.9,34.5,3.0,2.4,23.2,
33,Education,41.4,32.2,6.4,0.0,20.0,
33,Human health and social work activities,68.6,6.8,,0.0,24.3,
33,Information and communication,63.7,19.5,2.2,0.0,14.5,
33,Manufacturing,55.0,28.7,3.7,0.0,12.7,
33,Other service activities,40.9,28.6,8.7,0.0,21.8,
33,"Professional, scientific and technical activities",63.2,20.3,2.8,,12.9,
33,Real estate activities,76.0,10.6,0.0,0.0,13.4,
33,Transportation and storage,28.1,21.9,8.8,4.2,37.1,
33,Wholesale and retail trade; repair of motor vehicles and motorcycles,43.0,31.6,3.6,1.1,20.7,
35,0 - 9,52.7,23.4,2.5,1.2,20.2,
35,10 - 49,57.8,26.7,2.2,,13.0,
35,100 - 249,72.1,17.4,,,9.7,
35,250 +,67.5,19.0,1.1,,12.1,
35,50 - 99,68.2,20.4,1.5,,9.7,
35,Accommodation and food service activities,42.1,36.5,3.1,1.8,16.6,
35,Administrative and support service activities,50.6,24.0,1.0,0.0,24.4,
35,All businesses,53.4,23.6,2.4,1.1,19.5,
35,All size bands excluding 0 - 9,59.8,25.4,2.0,,12.5,
35,"Arts, entertainment and recreation",54.8,20.7,3.1,0.0,21.3,
35,Construction,45.2,29.9,3.7,2.5,18.7,
35,Education,48.7,29.0,5.4,5.1,11.8,
35,Human health and social work activities,61.5,7.8,4.0,3.9,22.7,
35,Information and communication,64.8,17.8,3.5,2.5,11.4,
35,Manufacturing,57.2,22.7,1.0,,18.9,
35,Other service activities,53.1,27.1,4.7,0.0,15.2,
35,"Professional, scientific and technical activities",67.5,12.3,1.8,1.3,17.0,
35,Real estate activities,72.9,16.4,0.0,0.0,10.7,
35,Transportation and storage,29.9,30.9,,0.0,38.8,
35,Wholesale and retail trade; repair of motor vehicles and motorcycles,48.9,28.0,2.6,0.0,20.5,
37,0 - 9,52.4,22.7,4.3,,19.8,
37,10 - 49,57.8,25.7,2.3,,14.0,
37,100 - 249,72.9,15.6,,,10.8,
37,250 +,68.6,17.5,1.2,,12.5,
37,50 - 99,69.2,19.6,1.1,,9.8,
37,Accommodation and food service activities,34.6,33.3,7.4,,24.5,
37,Administrative and support service activities,53.9,24.4,1.2,1.3,19.3,
37,All businesses,53.2,22.9,4.1,,19.1,
37,All size bands excluding 0 - 9,59.9,24.4,2.1,,13.5,
37,"Arts, entertainment and recreation",52.1,16.0,2.8,0.0,29.0,
37,Construction,41.1,26.9,6.5,,24.7,
37,Human health and social work activities,60.8,16.1,0.0,0.0,23.0,
37,Information and communication,66.4,17.1,4.0,1.4,11.1,
37,Manufacturing,64.9,21.2,3.7,0.0,10.2,
37,Other service activities,55.6,22.9,0.0,0.0,21.4,
37,"Professional, scientific and technical activities",66.9,14.0,4.1,,14.7,
37,Real estate activities,72.1,16.7,0.0,0.0,11.2,
37,Transportation and storage,24.4,32.2,3.1,3.7,36.6,
37,Wholesale and retail trade; repair of motor vehicles and motorcycles,51.6,26.0,3.5,,18.3,
39,0 - 9,51.9,21.6,3.2,1.2,22.1,
39,10 - 49,57.3,26.3,1.9,,14.1,
39,100 - 249,72.4,17.1,,,9.8,
39,250 +,67.9,18.4,,,12.7,
39,50 - 99,68.3,20.2,1.2,,10.1,
39,Accommodation and food service activities,32.9,41.4,4.0,,21.5,
39,Administrative and support service activities,43.6,30.9,2.4,,23.1,
39,All businesses,52.6,22.0,3.1,1.1,21.2,
39,All size bands excluding 0 - 9,59.4,25.0,1.7,,13.5,
39,"Arts, entertainment and recreation",51.5,16.8,2.9,0.0,28.7,
39,Construction,44.7,24.3,3.2,1.7,26.0,
39,Education,64.3,19.0,7.5,0.0,9.2,
39,Human health and social work activities,59.9,10.1,4.2,0.0,25.8,
39,Information and communication,66.9,14.6,4.0,1.5,13.1,
39,Manufacturing,60.8,20.4,3.6,0.0,15.1,
39,"Professional, scientific and technical activities",69.1,11.3,2.9,,16.3,
39,Real estate activities,65.6,20.1,0.0,0.0,14.2,
39,Transportation and storage,25.0,41.9,,2.4,30.6,
39,Wholesale and retail trade; repair of motor vehicles and motorcycles,49.9,22.2,3.7,0.0,24.2,
41,0 - 9,27.5,19.2,2.1,,8.2,42.5
41,10 - 49,40.2,25.0,2.3,,7.8,24.6
41,100 - 249,52.0,14.2,,0.0,8.4,25.0
41,250 +,49.1,16.4,1.1,,8.3,25.0
41,50 - 99,50.0,18.1,1.4,,6.3,24.1
41,Accommodation and food service activities,22.5,30.3,2.4,,11.1,33.5
41,Administrative and support service activities,25.0,19.2,,1.9,7.7,45.9
41,All businesses,28.9,19.7,2.1,,8.1,40.6
41,All size bands excluding 0 - 9,41.9,23.6,2.1,,7.7,24.6
41,"Arts, entertainment and recreation",32.3,12.6,,0.0,2.2,52.8
41,Construction,33.2,22.0,2.9,0.0,11.5,30.3
41,Education,26.5,24.5,,0.0,,48.0
41,Human health and social work activities,27.4,13.3,1.1,0.0,5.2,53.0
41,Information and communication,26.5,14.3,1.2,0.0,4.2,53.7
41,Manufacturing,41.0,18.4,3.3,0.0,7.4,29.9
41,Other service activities,18.7,28.7,0.0,13.2,11.4,28.1
41,"Professional, scientific and technical activities",25.0,14.4,2.5,0.0,4.0,54.1
41,Real estate activities,39.0,11.1,0.0,0.0,0.0,49.8
41,Transportation and storage,16.0,25.6,,,19.3,38.7
41,Wholesale and retail trade; repair of motor vehicles and motorcycles,35.6,22.3,3.4,0.0,10.0,28.7
43,0 - 9,26.8,17.6,3.3,1.0,7.7,43.5
43,10 - 49,40.5,24.6,1.8,,7.5,25.4
43,100 - 249,52.1,13.4,,,7.8,26.0
43,250 +,52.4,12.7,,,9.9,24.0
43,50 - 99,52.2,16.9,1.1,,5.9,23.7
43,Accommodation and food service activities,26.7,33.2,5.5,0.0,6.5,28.1
43,Administrative and support service activities,27.3,15.9,3.1,1.1,6.8,45.8
43,All businesses,28.5,18.2,3.1,,7.7,41.6
43,All size bands excluding 0 - 9,42.5,23.0,1.7,,7.4,25.3
43,"Arts, entertainment and recreation",28.5,16.7,2.0,2.4,2.9,47.5
43,Construction,29.6,22.3,2.8,,12.7,31.8
43,Education,26.8,24.3,5.4,0.0,,43.1
43,Human health and social work activities,27.9,10.6,0.0,0.0,6.4,55.1
43,Information and communication,17.6,8.0,1.2,1.7,4.6,67.0
43,Manufacturing,34.2,20.4,3.7,1.3,5.2,35.2
43,Other service activities,29.1,8.4,13.2,0.0,13.8,35.5
43,"Professional, scientific and technical activities",24.6,15.5,1.4,,4.3,53.8
43,Real estate activities,25.2,16.0,3.4,0.0,10.6,44.8
43,Transportation and storage,22.6,13.9,2.4,2.4,17.7,40.9
43,Wholesale and retail trade; repair of motor vehicles and motorcycles,38.1,21.2,3.8,1.2,8.4,27.3
47,0 - 9,26.8,19.2,4.0,,7.1,41.9
47,10 - 49,40.0,23.2,3.1,,6.3,26.5
47,100 - 249,53.7,11.8,,,7.6,26.1
47,250 +,50.9,12.9,1.1,,8.5,26.5
47,50 - 99,52.0,16.5,1.3,,5.3,24.7
47,Accommodation and food service activities,19.1,30.2,16.4,1.4,12.1,20.8
47,Administrative and support service activities,23.7,16.0,7.9,0.0,6.5,45.9
47,All businesses,28.4,19.5,3.9,,7.0,40.3
47,All size bands excluding 0 - 9,42.0,21.8,2.8,,6.3,26.3
47,"Arts, entertainment and recreation",14.8,23.8,5.9,0.0,5.7,49.8
47,Construction,33.4,25.1,3.7,1.6,8.2,28.1
47,Education,15.2,18.8,0.0,5.5,1.7,58.8
47,Human health and social work activities,32.5,13.2,3.7,0.0,4.8,45.7
47,Information and communication,19.8,8.9,2.4,2.0,4.2,62.7
47,Manufacturing,41.0,17.8,1.6,1.0,6.4,32.2
47,Other service activities,20.7,21.3,,0.0,,57.1
47,"Professional, scientific and technical activities",27.1,13.6,3.0,,3.5,52.3
47,Real estate activities,46.9,19.3,0.0,0.0,,33.7
47,Transportation and storage,23.8,29.8,2.9,0.0,18.8,24.7
47,Wholesale and retail trade; repair of motor vehicles and motorcycles,35.5,20.6,,,8.4,33.9
49,0 - 9,24.6,20.3,3.2,1.2,8.3,42.4
49,10 - 49,42.6,22.9,2.7,,7.6,23.6
49,100 - 249,52.5,12.6,1.0,0.0,7.0,27.0
49,250 +,51.3,11.9,,,9.1,27.1
49,50 - 99,51.9,17.4,,,5.9,23.4
49,Accommodation and food service activities,16.6,30.9,7.7,4.8,21.2,18.8
49,Administrative and support service activities,27.9,17.5,2.5,,4.2,47.3
49,All businesses,26.6,20.5,3.1,1.1,8.2,40.4
49,All size bands excluding 0 - 9,44.1,21.6,2.4,,7.5,23.8
49,"Arts, entertainment and recreation",33.8,14.4,2.1,4.7,16.2,28.7
49,Construction,31.5,26.2,4.8,0.0,5.5,32.0
49,Education,20.9,17.6,5.8,0.0,5.5,50.3
49,Human health and social work activities,35.6,11.0,0.0,0.0,6.0,47.3
49,Information and communication,20.3,9.6,2.1,1.1,4.4,62.5
49,Manufacturing,42.2,9.6,2.0,2.6,7.8,35.8
49,Other service activities,11.9,38.7,,0.0,6.0,43.0
49,"Professional, scientific and technical activities",26.3,14.5,3.6,,4.9,50.4
49,Real estate activities,35.2,19.7,0.0,0.0,4.8,40.4
49,Transportation and storage,9.3,27.6,,,21.6,40.5
49,Wholesale and retail trade; repair of motor vehicles and motorcycles,29.6,24.7,2.5,1.2,7.6,34.4
51,0 - 9,26.1,19.6,2.9,,7.7,43.3
51,10 - 49,41.5,22.1,2.6,,7.5,25.9
51,100 - 249,53.0,11.7,,,6.1,28.6
51,250 +,50.4,11.3,,,9.7,27.8
51,50 - 99,53.2,15.8,,,6.4,23.7
51,Accommodation and food service activities,22.6,32.8,7.8,,15.2,21.4
51,Administrative and support service activities,27.6,17.0,1.5,,6.6,46.5
51,All businesses,28.0,19.7,2.8,,7.6,41.4
51,All size bands excluding 0 - 9,43.3,20.7,2.3,,7.4,25.9
51,"Arts, entertainment and recreation",16.3,13.2,0.0,3.1,22.6,44.9
51,Construction,29.5,25.5,,0.0,7.6,36.6
51,Education,25.5,23.2,0.0,0.0,,50.6
51,Human health and social work activities,19.8,7.8,0.0,0.0,1.6,70.9
51,Information and communication,24.3,5.6,3.4,1.4,7.7,57.5
51,Manufacturing,32.6,14.6,3.2,0.0,5.3,44.2
51,Other service activities,21.3,20.3,6.1,,12.6,39.4
51,"Professional, scientific and technical activities",28.7,11.5,1.5,,3.2,54.6
51,Real estate activities,34.7,24.9,0.0,0.0,1.1,39.2
51,Transportation and storage,14.8,40.5,4.2,,16.2,24.1
51,Wholesale and retail trade; repair of motor vehicles and motorcycles,35.0,24.8,4.6,,7.4,28.2
53,0 - 9,26.7,19.4,3.0,,7.4,42.9
53,10 - 49,42.3,22.4,2.9,,7.2,25.0
53,100 - 249,54.7,10.8,,0.0,6.1,27.5
53,250 +,51.9,10.9,,,9.6,26.8
53,50 - 99,52.9,15.1,1.3,,5.6,25.0
53,Accommodation and food service activities,22.4,27.5,13.1,2.3,10.8,23.8
53,Administrative and support service activities,31.8,15.0,,0.0,5.7,47.0
53,All businesses,28.6,19.5,2.9,,7.3,41.1
53,All size bands excluding 0 - 9,44.1,20.9,2.6,,7.1,25.2
53,"Arts, entertainment and recreation",25.2,16.1,0.0,0.0,12.7,45.9
53,Construction,29.4,29.1,2.8,0.0,11.0,27.6
53,Education,29.7,27.3,,0.0,,42.0
53,Human health and social work activities,18.5,17.1,4.7,0.0,6.6,53.2
53,Information and communication,22.8,8.9,1.7,,7.2,58.6
53,Manufacturing,29.7,15.7,2.8,1.2,6.7,43.9
53,Other service activities,33.5,23.3,,0.0,4.8,38.1
53,"Professional, scientific and technical activities",26.9,11.7,2.2,,2.6,55.7
53,Real estate activities,33.8,12.0,3.7,0.0,,49.5
53,Transportation and storage,9.6,31.0,,0.0,14.8,44.4
53,Wholesale and retail trade; repair of motor vehicles and motorcycles,38.2,21.9,2.8,,7.3,29.0
57,0 - 9,23.1,17.7,4.1,1.2,10.2,43.7
57,10 - 49,38.7,23.7,3.3,,8.3,25.6
57,100 - 249,49.5,14.4,1.1,,6.7,28.2
57,250 +,49.7,13.2,,0.0,9.4,27.2
57,50 - 99,49.1,16.9,1.3,,7.0,25.5
57,Accommodation and food service activities,19.3,30.2,8.6,,19.9,21.5
57,Administrative and support service activities,26.6,11.2,1.9,,10.3,49.1
57,All businesses,24.9,18.2,3.9,1.1,10.0,41.8
57,All size bands excluding 0 - 9,40.4,22.4,2.9,,8.1,25.7
57,"Arts, entertainment and recreation",26.7,9.8,,0.0,15.4,48.0
57,Construction,27.3,22.2,3.2,0.0,15.0,32.2
57,Education,27.5,23.8,7.5,0.0,,40.9
57,Human health and social work activities,27.0,8.0,,0.0,7.7,57.0
57,Information and communication,16.2,7.9,2.8,2.4,6.0,64.7
57,Manufacturing,24.8,18.8,1.5,3.0,10.0,42.0
57,Other service activities,36.6,14.6,,0.0,,48.0
57,"Professional, scientific and technical activities",22.0,10.8,4.4,,5.9,56.4
57,Real estate activities,42.2,26.1,4.2,0.0,,26.9
57,Transportation and storage,21.3,29.4,14.5,3.5,15.9,15.4
57,Wholesale and retail trade; repair of motor vehicles and motorcycles,28.0,24.8,3.1,2.0,8.9,33.1
63,0 - 9,23.7,17.4,4.3,,10.3,43.9
63,10 - 49,38.9,21.6,2.9,,8.7,27.1
63,100 - 249,50.8,12.6,1.4,,8.5,26.7
63,250 +,51.0,13.1,,,9.4,25.7
63,50 - 99,48.7,15.8,1.7,,7.2,26.5
63,Accommodation and food service activities,17.7,22.7,13.4,,10.9,34.7
63,Administrative and support service activities,29.5,14.0,2.6,0.0,9.8,44.1
63,All businesses,25.5,17.7,4.1,,10.1,42.1
63,All size bands excluding 0 - 9,40.7,20.5,2.7,,8.6,27.0
63,"Arts, entertainment and recreation",28.9,11.0,0.0,0.0,3.1,57.0
63,Construction,22.8,25.3,2.4,0.0,15.2,34.3
63,Education,31.5,16.8,,0.0,,50.5
63,Human health and social work activities,25.4,8.7,,4.9,2.5,58.4
63,Information and communication,20.6,5.5,1.0,1.3,5.7,65.9
63,Manufacturing,27.7,15.5,1.3,0.0,12.2,43.2
63,Other service activities,30.3,23.6,7.7,0.0,8.3,30.0
63,"Professional, scientific and technical activities",24.1,14.3,4.7,,6.6,49.5
63,Real estate activities,37.8,17.3,,0.0,9.0,35.5
63,Transportation and storage,16.7,37.2,,0.0,22.8,23.1
63,Wholesale and retail trade; repair of motor vehicles and motorcycles,31.0,16.9,6.7,,9.3,35.4
69,0 - 9,21.3,15.7,5.2,,10.8,46.2
69,10 - 49,36.6,20.6,4.1,,8.2,29.8
69,100 - 249,48.9,12.9,1.6,,8.1,28.3
69,250 +,48.3,12.9,,0.0,11.4,26.4
69,50 - 99,44.6,16.9,2.5,,8.1,27.6
69,Accommodation and food service activities,14.0,19.2,18.7,2.5,18.0,27.4
69,Administrative and support service activities,20.6,13.9,3.3,0.0,8.7,53.5
69,All businesses,23.1,16.1,5.0,,10.5,44.4
69,All size bands excluding 0 - 9,38.2,19.7,3.8,,8.3,29.4
69,"Arts, entertainment and recreation",13.9,21.8,,0.0,6.2,57.9
69,Construction,22.8,17.2,1.0,1.7,16.5,40.8
69,Education,9.6,7.7,11.0,0.0,11.4,60.3
69,Human health and social work activities,17.7,8.0,4.5,4.4,5.5,59.9
69,Information and communication,22.4,8.0,3.2,1.0,5.4,59.9
69,Manufacturing,35.1,16.7,4.7,,5.6,37.4
69,Other service activities,13.0,22.2,5.7,0.0,20.9,38.3
69,"Professional, scientific and technical activities",24.3,11.9,2.4,,5.7,55.4
69,Real estate activities,18.8,15.2,11.5,0.0,5.8,48.7
69,Transportation and storage,22.5,20.4,7.2,0.0,7.9,41.9
69,Wholesale and retail trade; repair of motor vehicles and motorcycles,29.0,22.0,6.3,,13.3,28.7
71,0 - 9,19.5,14.7,4.1,,11.2,49.7
71,10 - 49,35.3,19.0,3.5,,9.7,31.9
71,100 - 249,46.3,12.7,2.0,,9.5,29.3
71,250 +,46.0,13.5,1.3,,12.4,26.7
71,50 - 99,44.7,14.3,1.5,,9.5,29.6
71,Accommodation and food service activities,14.8,19.1,9.1,4.8,14.2,38.0
71,Administrative and support service activities,21.2,11.6,2.8,0.0,6.9,57.6
71,All businesses,21.3,15.0,4.0,,11.1,47.7
71,All size bands excluding 0 - 9,36.9,18.1,3.2,,9.7,31.4
71,"Arts, entertainment and recreation",15.2,11.8,2.0,0.0,22.0,48.9
71,Construction,23.5,18.6,4.4,0.0,16.5,37.1
71,Education,16.0,14.1,6.1,0.0,1.1,62.8
71,Human health and social work activities,12.8,3.2,0.0,,10.4,73.4
71,Information and communication,12.4,8.0,2.4,,7.8,68.4
71,Manufacturing,30.7,15.9,2.0,,8.7,42.6
71,Other service activities,33.0,19.1,9.6,4.5,13.9,19.9
71,"Professional, scientific and technical activities",19.2,12.5,2.4,0.0,3.3,62.6
71,Real estate activities,41.1,11.6,3.9,3.7,7.7,32.0
71,Transportation and storage,22.9,19.6,8.0,0.0,19.6,29.9
71,Wholesale and retail trade; repair of motor vehicles and motorcycles,23.5,17.7,4.2,1.3,15.1,38.3
74,0 - 9,23.0,16.2,4.6,,10.1,45.7
74,10 - 49,37.7,19.4,3.6,1.0,9.0,29.3
74,100 - 249,47.5,12.3,1.6,,8.7,29.6
74,250 +,47.9,13.6,,,11.0,26.3
74,50 - 99,46.4,15.0,1.9,,7.4,29.0
74,Accommodation and food service activities,22.3,28.4,12.4,,12.2,23.8
74,Administrative and support service activities,23.6,10.5,2.0,,10.0,53.9
74,All businesses,24.8,16.5,4.4,,9.9,43.9
74,All size bands excluding 0 - 9,39.2,18.5,3.3,,8.9,29.2
74,"Arts, entertainment and recreation",9.2,10.9,2.5,,16.7,60.4
74,Construction,27.4,21.7,3.9,,10.3,36.0
74,Education,10.6,21.1,,0.0,7.3,60.4
74,Human health and social work activities,12.4,8.3,5.6,,12.6,60.9
74,Information and communication,16.9,8.8,3.2,0.0,9.5,61.6
74,Manufacturing,33.6,16.8,5.5,2.2,7.1,34.8
74,Other service activities,19.7,22.5,13.4,0.0,22.2,22.2
74,"Professional, scientific and technical activities",25.4,10.2,2.5,,4.2,57.1
74,Real estate activities,27.1,23.9,0.0,0.0,11.9,37.1
74,Transportation and storage,23.8,30.6,,0.0,5.9,39.5
74,Wholesale and retail trade; repair of motor vehicles and motorcycles,30.1,15.6,5.7,0.0,13.2,35.3
76,0 - 9,24.1,13.4,4.1,1.1,9.2,48.1
76,10 - 49,39.0,20.0,4.7,,9.1,26.6
76,100 - 249,46.6,14.3,1.5,,8.7,28.7
76,250 +,48.3,13.3,1.2,,10.9,26.3
76,50 - 99,46.6,16.4,2.4,,7.4,27.0
76,Accommodation and food service activities,18.4,24.4,6.6,5.1,15.7,29.8
76,Administrative and support service activities,28.5,9.3,2.0,0.0,10.4,49.8
76,All businesses,25.9,14.1,4.1,1.0,9.2,45.7
76,All size bands excluding 0 - 9,40.3,19.3,4.2,,9.0,26.7
76,"Arts, entertainment and recreation",25.8,9.9,4.6,,14.3,45.3
76,Construction,29.6,17.9,2.3,,12.6,36.6
76,Education,35.2,11.4,4.9,0.0,,47.8
76,Human health and social work activities,6.0,7.7,1.3,5.0,13.8,66.2
76,Information and communication,21.1,3.5,6.3,1.1,6.1,62.0
76,Manufacturing,35.1,14.6,4.0,,4.8,41.5
76,Other service activities,26.0,23.8,12.4,0.0,12.9,25.0
76,"Professional, scientific and technical activities",26.2,10.0,3.3,,3.8,56.4
76,Real estate activities,25.8,15.2,0.0,0.0,16.8,42.2
76,Transportation and storage,10.6,19.2,3.3,0.0,4.2,62.6
76,Wholesale and retail trade; repair of motor vehicles and motorcycles,29.5,15.9,5.0,1.2,10.5,37.9
78,0 - 9,20.0,16.7,4.2,1.3,10.7,47.2
78,10 - 49,36.6,22.1,4.0,,8.5,28.4
78,100 - 249,45.5,15.6,1.4,,8.3,29.1
78,250 +,46.8,13.2,,,11.3,27.5
78,50 - 99,44.5,16.6,1.5,,7.4,29.7
78,Accommodation and food service activities,14.0,22.4,11.1,3.6,17.1,31.8
78,Administrative and support service activities,17.0,15.7,3.6,1.2,13.9,48.6
78,All businesses,22.0,17.2,4.1,1.2,10.4,45.1
78,All size bands excluding 0 - 9,38.0,21.1,3.6,,8.5,28.5
78,"Arts, entertainment and recreation",20.8,22.4,,0.0,13.2,43.4
78,Construction,25.8,22.0,4.3,1.4,12.4,34.0
78,Education,22.4,9.3,,0.0,6.7,61.4
78,Human health and social work activities,9.3,4.9,1.0,0.0,23.7,61.0
78,Information and communication,15.6,12.0,4.8,1.9,4.3,61.5
78,Manufacturing,37.0,10.0,5.5,,7.7,39.2
78,Other service activities,11.6,35.8,4.9,0.0,18.9,28.7
78,"Professional, scientific and technical activities",23.6,13.9,1.4,,4.5,56.4
78,Real estate activities,19.6,14.5,4.2,0.0,13.0,48.8
78,Transportation and storage,30.8,19.0,3.2,2.8,6.7,37.6
78,Wholesale and retail trade; repair of motor vehicles and motorcycles,22.0,18.6,4.5,1.1,10.8,43.0
80,0 - 9,21.6,15.6,3.2,1.1,10.0,48.5
80,10 - 49,37.4,20.1,4.5,,8.6,29.1
80,100 - 249,47.2,13.0,1.4,,7.8,30.4
80,250 +,45.8,13.7,,,10.7,28.8
80,50 - 99,45.5,16.9,1.3,,7.0,29.1
80,Accommodation and food service activities,13.1,33.4,7.7,2.0,8.2,35.6
80,Administrative and support service activities,26.1,11.5,1.5,,13.5,46.8
80,All businesses,23.5,16.0,3.3,1.0,9.8,46.3
80,All size bands excluding 0 - 9,38.8,19.3,3.9,,8.5,29.2
80,"Arts, entertainment and recreation",29.9,12.9,6.4,0.0,1.1,49.7
80,Construction,24.0,19.0,2.3,0.0,13.6,41.1
80,Education,11.4,23.5,,0.0,1.6,62.7
80,Human health and social work activities,17.3,14.4,6.6,0.0,14.3,47.3
80,Information and communication,16.3,10.6,4.2,1.9,5.6,61.3
80,Manufacturing,30.8,16.0,,0.0,8.6,44.2
80,Other service activities,19.7,8.9,9.1,0.0,13.9,48.3
80,"Professional, scientific and technical activities",27.1,11.6,2.2,0.0,5.4,53.7
80,Real estate activities,25.7,14.3,0.0,0.0,5.0,55.1
80,Transportation and storage,23.0,13.3,,2.5,15.7,45.1
80,Wholesale and retail trade; repair of motor vehicles and motorcycles,25.1,17.7,3.8,2.7,12.5,38.3
82,0 - 9,21.0,16.0,3.3,,9.2,49.6
82,10 - 49,38.3,20.7,3.6,,7.6,29.0
82,100 - 249,46.9,14.2,1.7,,8.2,28.7
82,250 +,46.1,13.8,,,11.1,28.0
82,50 - 99,43.5,17.8,1.8,,6.6,30.3
82,Accommodation and food service activities,14.7,27.5,9.5,,17.3,30.4
82,Administrative and support service activities,23.3,15.4,3.4,0.0,9.4,48.4
82,All businesses,23.1,16.5,3.3,,9.0,47.3
82,All size bands excluding 0 - 9,39.4,20.0,3.3,,7.6,29.0
82,"Arts, entertainment and recreation",31.8,12.7,,0.0,4.8,50.3
82,Construction,21.0,23.6,4.1,0.0,12.7,38.6
82,Education,13.5,15.6,9.6,0.0,5.2,56.2
82,Human health and social work activities,9.1,14.7,1.0,4.1,13.7,57.3
82,Information and communication,16.2,7.6,2.5,1.9,6.7,65.1
82,Manufacturing,35.4,12.8,1.2,,9.8,40.6
82,Other service activities,22.4,4.9,8.3,0.0,23.7,40.7
82,"Professional, scientific and technical activities",24.0,13.8,1.8,,3.3,56.7
82,Real estate activities,22.0,5.4,0.0,0.0,14.6,58.0
82,Transportation and storage,20.3,19.9,,5.9,,53.1
82,Wholesale and retail trade; repair of motor vehicles and motorcycles,28.7,17.5,2.6,1.1,8.8,41.4
84,0 - 9,20.7,15.3,3.6,,9.5,50.3
84,10 - 49,36.9,21.0,4.1,,7.7,29.8
84,100 - 249,44.8,14.3,1.1,,9.2,30.4
84,250 +,43.5,13.7,,,12.4,29.3
84,50 - 99,43.2,17.6,1.9,,7.2,29.8
84,Accommodation and food service activities,13.4,30.0,5.7,3.4,10.7,36.8
84,Administrative and support service activities,28.8,12.3,1.9,0.0,6.9,50.1
84,All businesses,22.6,15.8,3.6,,9.3,48.0
84,All size bands excluding 0 - 9,38.0,20.2,3.7,,7.8,29.8
84,"Arts, entertainment and recreation",14.6,15.2,2.6,,17.7,49.7
84,Construction,27.3,18.0,4.4,0.0,11.0,39.4
84,Education,16.4,12.3,,0.0,12.1,58.7
84,Human health and social work activities,25.9,12.9,,0.0,13.0,47.8
84,Information and communication,14.4,8.6,3.6,0.0,9.6,63.9
84,Manufacturing,34.5,16.3,2.5,,6.9,39.6
84,Other service activities,26.8,5.6,8.5,,21.3,37.6
84,"Professional, scientific and technical activities",20.5,14.5,1.8,0.0,4.1,59.1
84,Real estate activities,14.7,13.1,0.0,0.0,12.0,60.2
84,Transportation and storage,15.5,14.5,3.7,1.9,13.8,50.7
84,Wholesale and retail trade; repair of motor vehicles and motorcycles,25.3,17.3,5.3,1.4,9.3,41.5
86,0 - 9,19.2,15.5,2.8,1.2,8.5,52.8
86,10 - 49,38.1,21.4,3.5,,7.8,28.7
86,100 - 249,45.0,14.7,1.3,,7.9,30.9
86,250 +,45.5,14.2,,,11.8,27.8
86,50 - 99,44.2,17.2,1.6,,6.8,30.0
86,Accommodation and food service activities,13.7,26.1,9.9,3.3,9.2,37.9
86,Administrative and support service activities,20.9,14.9,3.8,,8.1,51.7
86,All businesses,21.5,16.0,2.9,1.1,8.4,50.1
86,All size bands excluding 0 - 9,39.1,20.6,3.2,,7.8,28.9
86,"Arts, entertainment and recreation",9.9,15.6,2.5,1.9,18.5,51.7
86,Construction,19.4,21.6,1.2,,7.4,49.5
86,Education,16.5,1.4,11.1,5.9,12.1,53.0
86,Human health and social work activities,32.5,9.2,0.0,0.0,13.6,44.6
86,Information and communication,11.7,7.9,4.3,1.3,7.0,67.7
86,Manufacturing,39.9,16.0,1.4,,5.5,37.1
86,Other service activities,32.7,8.6,7.7,0.0,15.8,35.3
86,"Professional, scientific and technical activities",21.6,10.8,,0.0,3.2,63.4
86,Real estate activities,19.3,20.9,0.0,0.0,12.9,46.9
86,Transportation and storage,20.2,18.0,2.3,2.0,8.4,49.0
86,Wholesale and retail trade; repair of motor vehicles and motorcycles,24.5,19.4,1.9,1.7,11.4,41.1
89,0 - 9,23.0,14.7,4.0,,7.9,49.5
89,10 - 49,36.4,20.4,4.0,1.1,8.2,30.0
89,100 - 249,47.0,14.9,1.1,,8.2,28.6
89,250 +,44.6,14.5,,,11.5,28.4
89,50 - 99,46.2,16.5,1.4,,7.2,28.4
89,Accommodation and food service activities,15.1,28.3,11.0,2.1,12.2,31.5
89,Administrative and support service activities,23.3,13.4,5.2,,7.7,50.3
89,All businesses,24.7,15.3,4.0,,8.0,47.3
89,All size bands excluding 0 - 9,38.0,19.6,3.5,,8.2,29.7
89,"Arts, entertainment and recreation",15.9,8.2,2.0,,20.1,53.6
89,Construction,26.4,20.5,6.9,0.0,10.9,35.3
89,Education,14.7,12.7,,0.0,12.0,59.9
89,Human health and social work activities,14.5,14.4,0.0,,2.8,68.0
89,Information and communication,15.6,14.3,3.4,1.2,8.5,57.1
89,Manufacturing,33.9,13.0,1.9,1.2,4.1,45.9
89,Other service activities,32.2,9.8,4.9,8.3,9.2,35.7
89,"Professional, scientific and technical activities",24.2,9.8,2.9,,3.1,59.7
89,Real estate activities,17.4,11.6,0.0,,10.3,60.4
89,Transportation and storage,31.7,17.1,2.4,2.0,3.6,43.2
89,Wholesale and retail trade; repair of motor vehicles and motorcycles,31.2,15.8,1.9,,9.1,41.4
91,0 - 9,22.1,16.3,3.5,,7.6,49.6
91,10 - 49,36.3,21.6,3.4,,7.5,30.4
91,100 - 249,45.1,14.3,1.3,0.0,7.7,31.5
91,250 +,45.5,14.4,,,11.8,27.8
91,50 - 99,43.6,17.1,1.5,,6.8,30.7
91,Accommodation and food service activities,19.9,24.2,10.3,1.9,10.4,33.2
91,Administrative and support service activities,22.2,13.3,5.2,,5.7,53.0
91,All businesses,23.8,16.8,3.5,,7.6,47.5
91,All size bands excluding 0 - 9,37.7,20.7,3.1,,7.6,30.4
91,"Arts, entertainment and recreation",13.8,7.1,,2.3,19.4,57.3
91,Construction,30.2,23.5,4.5,,11.4,29.6
91,Education,21.6,11.6,,0.0,5.8,60.6
91,Human health and social work activities,25.5,8.2,,0.0,5.5,60.6
91,Information and communication,13.9,13.0,1.9,1.3,8.8,61.2
91,Manufacturing,29.0,14.9,3.3,,5.1,47.7
91,Other service activities,24.7,26.6,3.9,,,44.4
91,"Professional, scientific and technical activities",24.9,12.0,2.3,,2.8,57.4
91,Real estate activities,10.8,8.4,,,15.7,64.2
91,Transportation and storage,21.9,23.3,2.5,2.4,3.0,46.9
91,Wholesale and retail trade; repair of motor vehicles and motorcycles,25.0,18.8,2.8,,9.3,43.4
93,0 - 9,23.3,16.1,2.8,,8.5,48.7
93,10 - 49,37.2,19.0,4.1,,8.0,31.2
93,100 - 249,45.4,13.3,1.5,,8.7,31.0
93,250 +,44.6,13.5,,,12.1,29.0
93,50 - 99,44.0,16.3,1.8,,7.1,30.5
93,Accommodation and food service activities,24.8,21.3,8.6,5.0,14.2,26.1
93,Administrative and support service activities,25.5,14.3,1.4,,9.0,49.7
93,All businesses,25.0,16.3,2.9,,8.4,46.8
93,All size bands excluding 0 - 9,38.4,18.3,3.7,,8.1,31.1
93,"Arts, entertainment and recreation",18.6,13.5,0.0,,18.0,49.7
93,Construction,26.0,23.3,4.1,0.0,10.3,36.3
93,Education,12.8,2.0,4.2,,8.5,72.4
93,Human health and social work activities,26.5,7.2,7.2,0.0,5.5,53.6
93,Information and communication,13.6,12.4,1.7,0.0,8.9,63.4
93,Manufacturing,34.6,17.6,2.8,1.5,6.6,36.9
93,Other service activities,40.8,17.6,,0.0,6.8,34.6
93,"Professional, scientific and technical activities",23.6,11.5,2.1,,4.2,58.1
93,Real estate activities,12.1,7.3,9.7,0.0,16.6,54.3
93,Transportation and storage,27.0,12.1,1.4,0.0,6.9,52.7
93,Wholesale and retail trade; repair of motor vehicles and motorcycles,27.5,21.3,1.7,,7.6,41.4
95,0 - 9,24.2,13.8,3.7,,8.5,49.3
95,10 - 49,38.0,19.6,4.3,,8.1,29.3
95,100 - 249,45.5,15.2,,,7.6,30.7
95,250 +,44.8,14.2,,,12.2,27.9
95,50 - 99,45.0,15.9,1.7,,7.1,30.1
95,Accommodation and food service activities,17.2,25.3,8.3,1.9,12.9,34.4
95,Administrative and support service activities,21.1,12.5,5.3,0.0,7.1,54.0
95,All businesses,25.8,14.4,3.7,,8.4,47.1
95,All size bands excluding 0 - 9,39.2,19.0,3.8,,8.1,29.4
95,"Arts, entertainment and recreation",24.5,14.2,,0.0,19.7,41.4
95,Construction,29.1,17.1,6.7,,11.0,35.2
95,Education,18.9,16.0,4.6,,5.6,54.7
95,Human health and social work activities,23.9,11.2,1.3,3.6,6.7,53.3
95,Information and communication,16.7,9.3,2.2,0.0,8.1,63.6
95,Manufacturing,31.1,16.4,1.2,,9.1,42.1
95,Other service activities,31.1,20.5,,0.0,8.6,39.6
95,"Professional, scientific and technical activities",23.5,8.6,1.4,0.0,5.9,60.5
95,Real estate activities,16.8,18.4,4.1,0.0,7.5,53.2
95,Transportation and storage,24.7,18.1,,,6.1,50.6
95,Wholesale and retail trade; repair of motor vehicles and motorcycles,35.3,14.7,4.5,1.1,7.4,37.1
97,0 - 9,22.9,15.6,2.8,,7.3,50.5
97,10 - 49,35.9,20.9,4.3,,7.6,30.7
97,100 - 249,45.8,14.2,1.3,,7.5,31.1
97,250 +,44.1,13.4,,,12.5,29.0
97,50 - 99,42.9,17.8,1.6,,7.3,30.1
97,Accommodation and food service activities,20.7,21.6,8.9,2.3,12.8,33.7
97,Administrative and support service activities,20.0,16.6,4.0,,7.4,51.8
97,All businesses,24.5,16.1,2.9,,7.4,48.3
97,All size bands excluding 0 - 9,37.3,20.1,3.8,,7.7,30.7
97,"Arts, entertainment and recreation",13.4,12.9,,0.0,14.7,58.6
97,Construction,34.2,19.9,3.3,1.4,7.2,34.0
97,Education,5.5,20.2,0.0,0.0,7.7,66.5
97,Human health and social work activities,27.3,11.3,5.0,0.0,2.6,53.9
97,Information and communication,23.1,8.0,2.3,0.0,7.4,59.1
97,Manufacturing,27.2,19.2,1.8,1.5,6.2,44.1
97,Other service activities,24.6,15.2,,3.0,11.1,45.6
97,"Professional, scientific and technical activities",22.2,12.5,1.2,,3.3,60.0
97,Real estate activities,19.9,4.6,3.5,0.0,7.2,64.8
97,Transportation and storage,18.8,19.2,2.1,0.0,11.8,48.1
97,Wholesale and retail trade; repair of motor vehicles and motorcycles,27.6,18.6,3.1,,7.9,42.2
100,0 - 9,25.0,16.1,2.6,,5.7,50.1
100,10 - 49,38.0,19.5,3.8,,7.9,30.4
100,100 - 249,45.1,13.3,1.1,,8.5,31.6
100,250 +,45.0,12.0,,,13.6,28.5
100,50 - 99,43.6,15.8,1.3,,7.1,31.9
100,Accommodation and food service activities,20.2,23.6,9.8,,10.3,35.8
100,Administrative and support service activities,24.8,16.1,4.3,1.0,3.2,50.6
100,All businesses,26.6,16.4,2.6,,6.0,48.0
100,All size bands excluding 0 - 9,39.0,18.6,3.4,,8.0,30.5
100,"Arts, entertainment and recreation",17.7,7.9,,0.0,17.0,57.1
100,Construction,30.8,18.5,3.3,,5.7,40.9
100,Education,10.0,21.1,5.4,0.0,10.7,52.9
100,Human health and social work activities,36.0,3.1,0.0,0.0,13.1,47.8
100,Information and communication,22.2,8.3,,0.0,5.3,64.0
100,Manufacturing,34.9,23.1,1.4,,5.2,34.8
100,Other service activities,29.5,15.7,,0.0,3.4,51.2
100,"Professional, scientific and technical activities",20.8,11.4,1.6,0.0,3.6,62.6
100,Real estate activities,13.2,21.8,,0.0,4.4,60.4
100,Transportation and storage,35.0,18.3,,1.4,6.5,38.4
100,Wholesale and retail trade; repair of motor vehicles and motorcycles,31.3,21.2,2.9,,5.4,38.7
103,0 - 9,32.1,17.6,3.1,1.2,5.7,40.3
103,10 - 49,44.5,23.2,4.7,,6.0,21.0
103,100 - 249,55.4,15.1,1.2,,7.5,20.5
103,250 +,50.5,14.5,,,11.1,22.9
103,50 - 99,51.8,18.8,2.0,,6.1,21.1
103,Accommodation and food service activities,21.8,26.0,11.3,3.5,8.7,28.7
103,Administrative and support service activities,34.0,18.0,3.0,1.2,7.2,36.7
103,All businesses,33.6,18.1,3.2,1.1,5.8,38.2
103,All size bands excluding 0 - 9,45.8,22.1,4.2,,6.2,21.1
103,"Arts, entertainment and recreation",21.4,11.0,,,22.0,45.3
103,Construction,31.9,23.5,5.3,,5.8,32.7
103,Education,29.3,19.9,,0.0,5.7,44.8
103,Human health and social work activities,44.1,10.6,,0.0,2.7,42.0
103,Information and communication,33.4,11.3,1.2,,4.3,49.2
103,Manufacturing,41.5,26.6,1.6,,8.4,21.8
103,Other service activities,31.5,20.8,3.9,3.2,,40.4
103,"Professional, scientific and technical activities",35.3,15.2,,,2.8,45.6
103,Real estate activities,34.5,15.0,,0.0,4.1,46.1
103,Transportation and storage,30.3,11.8,,1.4,7.8,48.5
103,Wholesale and retail trade; repair of motor vehicles and motorcycles,37.2,17.9,4.6,1.7,4.8,33.7
109,0 - 9,31.4,17.2,3.3,,7.4,39.8
109,10 - 49,46.0,22.7,3.9,,6.5,20.4
109,100 - 249,56.7,16.6,1.3,,6.6,18.6
109,250 +,53.3,14.5,1.0,,10.9,20.1
109,50 - 99,54.1,19.8,2.3,,5.6,17.8
109,Accommodation and food service activities,20.8,27.5,11.6,3.5,8.0,28.7
109,Administrative and support service activities,30.3,14.9,2.5,,6.2,45.1
109,All businesses,33.2,17.7,3.4,,7.3,37.7
109,All size bands excluding 0 - 9,47.4,22.1,3.6,,6.5,20.0
109,"Arts, entertainment and recreation",26.8,12.9,3.1,2.9,4.1,50.1
109,Construction,34.8,21.7,1.8,0.0,7.0,34.8
109,Education,20.8,27.3,,0.0,1.2,50.4
109,Human health and social work activities,53.3,2.1,,0.0,1.5,42.4
109,Information and communication,31.7,15.6,2.8,0.0,8.2,41.6
109,Manufacturing,41.0,25.5,7.0,,6.8,19.0
109,Other service activities,40.8,8.2,11.3,0.0,4.1,35.6
109,"Professional, scientific and technical activities",36.3,13.3,1.9,,5.2,42.9
109,Real estate activities,25.4,11.8,0.0,0.0,5.4,57.3
109,Transportation and storage,32.8,18.4,2.0,1.7,17.4,27.7
109,Wholesale and retail trade; repair of motor vehicles and motorcycles,31.9,19.4,2.4,,9.7,35.7
115,0 - 9,33.5,18.3,3.8,,7.3,36.7
115,10 - 49,48.3,22.2,4.2,,6.3,18.3
115,100 - 249,58.5,14.7,1.6,0.0,7.0,18.2
115,250 +,54.7,13.1,1.0,,12.2,18.7
115,50 - 99,55.3,19.1,2.5,,6.0,17.0
115,Accommodation and food service activities,26.4,22.0,13.4,2.2,9.1,26.9
115,Administrative and support service activities,32.2,17.4,5.6,,6.7,37.6
115,All businesses,35.2,18.6,3.8,,7.2,34.7
115,All size bands excluding 0 - 9,49.5,21.5,3.9,,6.3,18.2
115,"Arts, entertainment and recreation",32.1,12.4,2.6,0.0,20.5,32.5
115,Construction,37.7,26.5,4.4,,7.3,23.5
115,Education,27.5,29.3,5.7,0.0,1.6,36.0
115,Human health and social work activities,67.0,5.5,,0.0,1.5,25.4
115,Information and communication,30.0,19.2,1.4,0.0,7.0,42.4
115,Manufacturing,33.5,22.8,7.0,,12.1,24.0
115,Other service activities,32.8,12.3,,0.0,7.8,46.5
115,"Professional, scientific and technical activities",39.2,12.5,1.0,0.0,3.0,44.2
115,Real estate activities,20.0,28.2,0.0,0.0,7.9,43.8
115,Transportation and storage,29.3,18.5,1.8,0.0,6.3,44.2
115,Wholesale and retail trade; repair of motor vehicles and motorcycles,38.0,18.5,3.6,,8.5,30.7
123,0 - 9,38.7,17.8,1.7,,8.2,32.8
123,10 - 49,51.7,23.6,3.2,,8.1,12.8
123,100 - 249,63.6,16.1,1.2,,6.5,12.5
123,250 +,57.0,14.6,,,12.2,15.5
123,50 - 99,59.9,19.2,1.8,,7.0,11.8
123,Accommodation and food service activities,27.1,25.0,8.2,1.8,6.5,31.4
123,Administrative and support service activities,41.1,14.3,1.5,1.9,6.4,34.8
123,All businesses,40.3,18.4,1.9,,8.2,30.6
123,All size bands excluding 0 - 9,53.1,22.8,3.0,,8.0,12.7
123,"Arts, entertainment and recreation",24.9,18.6,0.0,2.3,20.9,33.2
123,Construction,38.8,23.1,2.3,,6.6,28.4
123,Education,36.5,33.6,5.7,0.0,6.1,18.1
123,Human health and social work activities,36.1,13.1,0.0,0.0,6.7,44.1
123,Information and communication,43.5,9.5,0.0,0.0,8.3,38.7
123,Manufacturing,44.2,24.7,2.1,,7.0,21.5
123,Other service activities,20.9,23.1,,2.9,17.7,34.8
123,"Professional, scientific and technical activities",51.9,12.1,,0.0,3.3,32.0
123,Real estate activities,34.2,22.2,0.0,0.0,4.5,39.1
123,Transportation and storage,38.7,20.6,,,19.2,21.3
123,Wholesale and retail trade; repair of motor vehicles and motorcycles,39.6,19.7,2.1,,10.7,27.5
129,0 - 9,37.9,19.4,2.0,,10.5,29.4
129,10 - 49,51.1,24.7,3.5,,8.6,11.7
129,100 - 249,60.8,15.7,1.4,,8.2,13.8
129,250 +,55.6,14.1,,,13.1,16.2
129,50 - 99,59.4,19.1,1.8,,6.6,13.0
129,Accommodation and food service activities,28.9,27.6,6.2,2.8,11.7,22.7
129,Administrative and support service activities,41.9,19.0,2.7,1.1,6.6,28.7
129,All businesses,39.5,19.9,2.1,,10.3,27.5
129,All size bands excluding 0 - 9,52.4,23.7,3.2,,8.4,12.0
129,"Arts, entertainment and recreation",31.4,11.3,,0.0,17.0,40.0
129,Construction,45.2,19.5,1.6,,11.9,21.2
129,Education,37.0,39.3,,,,22.8
129,Information and communication,34.0,15.2,1.6,0.0,12.8,36.4
129,Manufacturing,43.4,17.2,4.4,,10.0,24.1
129,Other service activities,9.6,21.4,7.2,0.0,31.2,30.6
129,"Professional, scientific and technical activities",45.4,15.8,1.6,0.0,5.3,31.8
129,Real estate activities,35.6,26.9,,0.0,7.8,29.6
129,Transportation and storage,31.8,24.7,,2.9,15.0,25.4
129,Wholesale and retail trade; repair of motor vehicles and motorcycles,40.6,24.3,1.3,,9.3,23.7
135,0 - 9,40.3,17.2,1.9,,9.7,30.2
135,10 - 49,53.0,21.9,2.6,,8.2,13.7
135,100 - 249,63.0,14.6,1.0,,7.6,13.6
135,250 +,58.4,13.6,1.0,,12.3,14.5
135,50 - 99,61.0,18.0,1.3,,6.6,12.9
135,Accommodation and food service activities,30.3,26.5,4.4,2.0,10.9,25.9
135,Administrative and support service activities,33.0,20.8,4.1,,6.2,35.8
135,All businesses,41.8,17.6,2.0,,9.5,28.4
135,All size bands excluding 0 - 9,54.3,21.1,2.4,,8.1,13.6
135,"Arts, entertainment and recreation",29.0,9.2,2.3,0.0,23.2,36.3
135,Construction,46.5,17.5,1.6,0.0,10.5,23.9
135,Education,43.5,21.1,1.0,6.2,,27.8
135,Human health and social work activities,50.1,2.6,5.1,0.0,7.7,34.4
135,Information and communication,45.0,10.1,1.0,0.0,11.1,32.9
135,Manufacturing,45.6,22.4,3.3,,6.9,21.4
135,Other service activities,19.5,24.1,2.8,0.0,24.4,29.1
135,"Professional, scientific and technical activities",47.0,15.4,0.0,,6.1,31.2
135,Real estate activities,46.3,5.1,0.0,3.8,8.8,35.9
135,Transportation and storage,34.3,24.8,,1.5,13.1,26.2
135,Wholesale and retail trade; repair of motor vehicles and motorcycles,45.7,19.0,2.5,,9.0,23.0
141,0 - 9,40.3,17.8,2.3,,11.7,27.0
141,10 - 49,52.5,23.0,2.5,,8.2,13.1
141,100 - 249,62.9,16.0,1.2,0.0,7.8,12.0
141,250 +,57.9,14.5,1.0,,12.5,14.1
141,50 - 99,59.5,18.8,1.8,,7.5,12.2
141,Accommodation and food service activities,32.6,24.3,7.3,,15.4,20.0
141,Administrative and support service activities,39.8,18.5,2.2,3.6,10.5,25.3
141,All businesses,41.7,18.3,2.3,,11.3,25.5
141,All size bands excluding 0 - 9,53.7,22.2,2.4,,8.2,13.0
141,"Arts, entertainment and recreation",39.2,8.5,2.6,0.0,23.7,26.0
141,Construction,37.1,26.3,,,8.7,26.2
141,Education,70.4,21.1,,0.0,,7.5
141,Human health and social work activities,47.5,7.8,0.0,0.0,7.2,37.5
141,Information and communication,49.9,14.9,,,10.8,23.0
141,Manufacturing,41.3,17.4,2.9,0.0,9.2,29.1
141,Other service activities,17.7,26.3,4.0,1.9,8.1,41.9
141,"Professional, scientific and technical activities",48.2,16.5,,,5.9,28.4
141,Real estate activities,39.8,16.5,,0.0,12.6,30.8
141,Transportation and storage,33.5,3.5,1.9,,24.4,36.7
141,Wholesale and retail trade; repair of motor vehicles and motorcycles,43.4,18.6,4.4,,15.2,17.6
147,0 - 9,37.4,19.1,2.5,,11.3,29.0
147,10 - 49,50.1,23.6,3.0,,9.3,13.7
147,100 - 249,62.4,15.2,1.3,,8.0,12.9
147,250 +,59.5,12.6,,,13.0,13.9
147,50 - 99,59.4,18.4,1.7,,7.5,12.8
147,Accommodation and food service activities,29.9,29.2,6.2,1.4,11.7,21.6
147,Administrative and support service activities,43.7,15.8,,1.1,10.0,28.6
147,All businesses,39.0,19.5,2.6,,11.0,27.3
147,All size bands excluding 0 - 9,51.6,22.6,2.7,,9.1,13.6
147,"Arts, entertainment and recreation",29.4,17.5,3.1,0.0,23.7,26.4
147,Construction,32.1,21.7,1.9,0.0,11.5,32.8
147,Education,52.6,10.6,,0.0,8.6,27.9
147,Human health and social work activities,37.5,15.2,,0.0,7.8,39.2
147,Information and communication,45.4,13.7,3.8,0.0,9.1,28.0
147,Manufacturing,48.8,23.7,3.1,,8.1,15.9
147,Other service activities,36.9,16.3,,,15.3,31.2
147,"Professional, scientific and technical activities",45.9,14.2,1.6,0.0,6.3,32.1
147,Real estate activities,49.9,17.0,0.0,0.0,9.3,23.8
147,Transportation and storage,31.9,19.1,,3.4,18.3,26.4
147,Wholesale and retail trade; repair of motor vehicles and motorcycles,34.4,25.5,4.4,1.6,13.6,20.6
154,0 - 9,33.8,18.9,3.0,,11.5,32.6
154,10 - 49,47.1,23.1,2.7,,11.2,15.5
154,100 - 249,56.1,15.2,1.1,,12.3,15.2
154,250 +,53.8,13.7,,,15.9,15.7
154,50 - 99,54.6,19.0,1.7,,9.7,14.8
154,Accommodation and food service activities,21.9,32.8,7.6,,17.6,19.9
154,Administrative and support service activities,36.9,15.4,1.7,0.0,13.1,32.9
154,All businesses,35.4,19.3,3.0,,11.5,30.7
154,All size bands excluding 0 - 9,48.4,22.1,2.5,,11.2,15.4
154,"Arts, entertainment and recreation",48.2,11.9,,0.0,,38.7
154,Construction,29.8,20.9,2.4,0.0,10.9,36.1
154,Education,33.9,16.8,5.2,0.0,6.8,37.3
154,Information and communication,29.1,15.0,2.3,,10.3,42.6
154,Manufacturing,50.6,17.0,2.6,,11.0,18.7
154,Other service activities,31.3,15.7,11.5,0.0,14.9,26.6
154,"Professional, scientific and technical activities",41.2,14.5,1.9,0.0,5.1,37.3
154,Real estate activities,39.2,25.0,,4.0,9.8,21.4
154,Transportation and storage,29.1,15.1,,0.0,31.1,24.6
154,Wholesale and retail trade; repair of motor vehicles and motorcycles,36.4,26.7,3.9,,11.2,21.7
156,0 - 9,33.5,17.7,3.4,,9.1,35.4
156,10 - 49,48.3,20.9,3.2,,10.8,16.1
156,100 - 249,56.8,14.4,1.1,,11.1,16.3
156,250 +,52.6,13.0,1.0,,16.3,17.0
156,50 - 99,52.6,19.4,1.6,,9.6,16.5
156,Accommodation and food service activities,19.4,30.7,7.5,,16.8,25.2
156,Administrative and support service activities,31.2,16.8,2.4,,9.5,40.0
156,All businesses,35.3,18.0,3.3,,9.3,33.3
156,All size bands excluding 0 - 9,49.2,20.2,2.9,,10.9,16.2
156,"Arts, entertainment and recreation",39.2,19.5,4.5,,5.0,31.8
156,Construction,33.2,21.3,2.4,,9.4,32.9
156,Education,35.3,25.0,6.2,,13.1,20.0
156,Human health and social work activities,47.0,12.6,,0.0,2.4,37.6
156,Information and communication,35.3,14.9,1.7,0.0,7.4,40.7
156,Manufacturing,41.3,19.3,1.8,,7.4,29.4
156,Other service activities,33.3,19.3,7.7,,13.0,26.6
156,"Professional, scientific and technical activities",38.3,10.8,2.8,,5.7,41.7
156,Real estate activities,51.1,21.7,,4.0,5.7,17.2
156,Transportation and storage,27.1,9.0,1.7,1.8,20.4,39.9
156,Wholesale and retail trade; repair of motor vehicles and motorcycles,38.3,20.5,4.6,1.6,9.6,25.4
158,0 - 9,33.2,18.9,2.4,1.0,8.6,36.0
158,10 - 49,47.2,22.7,3.9,,10.1,15.3
158,100 - 249,55.4,16.4,,,10.7,16.6
158,250 +,53.1,13.6,,,16.1,16.4
158,50 - 99,53.4,19.0,1.5,,9.1,16.8
158,Accommodation and food service activities,21.7,31.6,7.6,4.2,11.7,23.1
158,Administrative and support service activities,30.8,13.2,3.8,,7.6,44.5
158,All businesses,34.9,19.2,2.6,,8.8,33.7
158,All size bands excluding 0 - 9,48.3,21.8,3.5,,10.2,15.5
158,"Arts, entertainment and recreation",37.0,25.0,4.3,,4.8,28.8
158,Construction,34.2,23.1,2.1,,8.3,31.4
158,Education,38.8,21.0,,5.0,10.1,24.7
158,Information and communication,36.6,16.2,,,6.8,39.5
158,Manufacturing,37.8,22.4,1.5,,8.9,29.4
158,Other service activities,25.0,15.5,3.0,,20.1,36.3
158,"Professional, scientific and technical activities",40.8,8.8,2.7,1.0,5.2,41.4
158,Real estate activities,43.8,23.1,0.0,5.1,1.5,26.5
158,Transportation and storage,29.5,21.4,,0.0,15.2,33.6
158,Wholesale and retail trade; repair of motor vehicles and motorcycles,38.5,21.0,2.7,0.0,9.1,28.8
160,0 - 9,33.2,18.9,2.8,,9.0,35.5
160,10 - 49,49.5,20.7,3.4,1.1,10.1,15.1
160,100 - 249,54.9,16.5,,,10.3,17.1
160,250 +,53.8,14.7,,,15.6,15.0
160,50 - 99,54.1,18.4,1.1,,9.5,16.7
160,Accommodation and food service activities,17.6,41.4,8.7,2.6,7.1,22.7
160,Administrative and support service activities,36.2,16.0,1.0,,9.1,37.2
160,All businesses,35.1,19.1,2.8,,9.2,33.3
160,All size bands excluding 0 - 9,50.3,20.1,3.0,,10.2,15.4
160,"Arts, entertainment and recreation",45.6,22.6,,,3.2,28.2
160,Construction,32.6,21.1,2.5,,12.6,30.4
160,Education,45.8,12.5,5.5,,11.4,24.5
160,Human health and social work activities,37.5,15.6,,0.0,10.1,36.5
160,Information and communication,37.7,12.6,1.0,,5.7,42.0
160,Manufacturing,45.9,18.4,1.7,,4.9,28.8
160,Other service activities,20.3,9.3,5.1,,18.3,46.7
160,"Professional, scientific and technical activities",39.6,12.0,2.0,,6.4,39.7
160,Real estate activities,35.7,17.6,,0.0,,45.6
160,Transportation and storage,34.3,26.7,1.6,0.0,12.5,25.0
160,Wholesale and retail trade; repair of motor vehicles and motorcycles,34.9,19.9,3.1,,12.3,29.2
162,0 - 9,34.8,16.8,2.5,1.3,8.4,36.2
162,10 - 49,48.1,22.6,2.8,,9.7,16.0
162,100 - 249,53.0,16.3,1.3,,10.9,18.2
162,250 +,54.4,13.0,,,16.0,15.6
162,50 - 99,52.1,20.1,1.4,,8.9,17.2
162,Accommodation and food service activities,25.9,28.1,6.4,2.3,13.0,24.4
162,Administrative and support service activities,31.1,18.1,2.3,1.3,5.2,42.0
162,All businesses,36.3,17.4,2.5,1.2,8.6,34.0
162,All size bands excluding 0 - 9,48.9,21.8,2.5,,9.8,16.2
162,"Arts, entertainment and recreation",39.3,25.2,3.4,0.0,8.6,23.5
162,Construction,35.7,20.9,2.4,,10.9,29.4
162,Education,45.0,15.8,,,8.3,30.4
162,Human health and social work activities,27.0,9.3,,0.0,9.8,53.6
162,Information and communication,37.2,8.7,1.5,1.3,7.4,43.9
162,Manufacturing,42.2,17.1,1.6,0.0,4.6,34.5
162,Other service activities,17.7,20.6,4.4,2.0,12.3,43.0
162,"Professional, scientific and technical activities",40.7,11.1,1.4,1.3,6.4,39.1
162,Real estate activities,69.1,20.5,0.0,0.0,2.2,8.1
162,Transportation and storage,27.3,15.4,5.1,1.7,8.3,42.2
162,Wholesale and retail trade; repair of motor vehicles and motorcycles,38.5,19.7,2.5,1.8,10.5,27.0
164,0 - 9,34.4,16.7,3.0,,9.6,35.4
164,10 - 49,46.6,24.0,3.1,,9.1,16.4
164,100 - 249,53.6,15.8,1.2,,10.4,18.7
164,250 +,54.7,13.5,,,15.9,14.9
164,50 - 99,52.1,19.8,1.5,,9.0,17.4
164,Accommodation and food service activities,24.3,23.5,11.2,3.4,12.6,25.1
164,Administrative and support service activities,34.3,15.5,1.7,,4.4,43.2
164,All businesses,35.8,17.4,3.0,,9.5,33.4
164,All size bands excluding 0 - 9,47.6,23.1,2.8,,9.2,16.6
164,"Arts, entertainment and recreation",36.5,11.8,,0.0,21.1,30.2
164,Construction,34.7,25.1,1.4,1.7,9.9,27.2
164,Education,49.1,8.9,,,,40.3
164,Human health and social work activities,12.9,13.3,,0.0,23.2,50.6
164,Information and communication,37.9,10.9,,,3.9,46.3
164,Manufacturing,35.2,21.5,2.7,,7.0,33.6
164,Other service activities,13.9,20.0,2.9,2.6,14.3,46.2
164,"Professional, scientific and technical activities",43.6,14.5,3.1,0.0,5.4,33.4
164,Real estate activities,55.8,8.2,,0.0,7.3,28.1
164,Transportation and storage,28.3,16.7,1.8,,13.0,40.1
164,Wholesale and retail trade; repair of motor vehicles and motorcycles,40.1,17.3,4.6,,12.9,24.7
