wave,breakdown,Administrative and secretarial occupations,Associate professional occupations,"Caring, leisure and other service occupations",Elementary occupations,"Managers, directors and senior officials","Process, plant and machine operatives",Professional occupations,Sales and customer service occupations,Skilled trades occupations,Other,Prefer not to say,Directors and chief executives,Managers and senior officials,Associate professional and technical occupations
55,0 - 9,9.9,,,,,,9.5,,,6.7,18.4,47.2,5.9,2.3
55,100 -249,9.9,,,,,,33.0,,,3.4,6.9,19.5,23.4,3.8
55,18172,18.2,,,,,,13.3,,,5.4,9.3,33.4,18.4,1.9
55,250 +,8.4,,,,,,40.5,,,4.7,10.7,16.1,15.1,4.5
55,50 - 99,11.6,,,,,,26.6,,,3.0,8.4,26.5,21.0,3.0
55,Accommodation and food service activities,11.9,,,,,,8.7,,,4.1,18.4,43.8,12.6,
55,Administrative and support service activities,7.9,,,,,,6.6,,,2.8,18.9,50.3,10.0,3.6
55,All businesses,10.6,,,,,,10.2,,,6.5,17.4,45.6,7.3,2.3
55,All size bands excluding 0 - 9,16.9,,,,,,16.1,,,5.1,9.2,31.7,18.8,2.2
55,"Arts, entertainment and recreation",16.3,,,,,,16.7,,,7.2,19.3,28.3,12.0,
55,Construction,16.5,,,,,,7.9,,,8.5,26.3,35.2,3.3,2.2
55,Education,12.2,,,,,,24.5,,,6.1,6.5,31.1,13.7,5.9
55,Human health and social work activities,11.9,,,,,,23.6,,,1.2,7.8,40.5,9.6,5.3
55,Information and communication,6.7,,,,,,7.3,,,6.6,13.0,57.8,6.1,2.5
55,Manufacturing,15.3,,,,,,14.6,,,1.7,10.3,45.0,8.8,4.4
55,Other service activities,5.5,,,,,,,,,11.8,21.2,53.5,7.1,0.0
55,"Professional, scientific and technical activities",7.5,,,,,,15.1,,,6.9,7.4,54.4,5.9,2.8
55,Real estate activities,17.5,,,,,,14.2,,,0.0,13.0,46.6,8.6,
55,Transportation and storage,8.9,,,,,,1.0,,,8.7,50.8,28.9,1.7,
55,Wholesale and retail trade; repair of motor vehicles and motorcycles,9.9,,,,,,8.8,,,8.8,15.8,46.7,8.4,1.6
121,0 - 9,8.7,3.1,2.2,,35.0,,9.9,5.5,11.1,7.5,15.7,,,
121,10 - 49,13.6,2.1,3.7,,41.6,1.2,7.7,6.2,4.5,7.2,11.8,,,
121,100 - 249,13.1,2.3,3.0,,40.4,1.9,13.7,3.0,2.3,8.3,11.9,,,
121,250 +,12.6,2.9,2.3,0.0,32.4,1.0,17.0,2.9,1.2,9.9,17.7,,,
121,50 - 99,11.5,2.3,3.3,,46.7,2.1,9.8,3.1,2.2,7.5,11.3,,,
121,Accommodation and food service activities,12.5,,9.1,1.9,27.2,0.0,2.2,15.9,3.6,17.5,10.0,,,
121,Administrative and support service activities,9.5,2.5,2.6,,45.6,,8.2,4.1,4.2,7.1,15.5,,,
121,All businesses,9.2,3.0,2.3,,35.7,1.0,9.7,5.5,10.4,7.5,15.3,,,
121,All size bands excluding 0 - 9,13.3,2.1,3.7,,42.0,1.3,8.3,5.7,4.2,7.3,11.8,,,
121,"Arts, entertainment and recreation",6.2,4.0,3.5,0.0,26.5,0.0,4.9,2.0,4.1,18.0,30.8,,,
121,Construction,13.9,,0.0,0.0,16.6,2.7,2.1,,43.5,4.2,16.2,,,
121,Education,11.2,,5.2,0.0,46.7,,18.2,0.0,0.0,11.0,6.8,,,
121,Human health and social work activities,1.0,20.2,4.8,0.0,20.7,0.0,37.3,0.0,4.5,5.5,6.0,,,
121,Information and communication,7.5,3.7,,0.0,46.4,0.0,21.9,,1.2,4.7,13.8,,,
121,Manufacturing,16.1,1.1,0.0,0.0,36.4,2.6,8.1,2.8,19.7,4.0,9.3,,,
121,Other service activities,4.2,3.1,23.4,,23.4,,,2.9,6.9,9.3,26.2,,,
121,"Professional, scientific and technical activities",6.9,7.7,,0.0,43.8,0.0,21.6,1.8,1.6,5.8,10.4,,,
121,Real estate activities,10.9,0.0,,0.0,59.1,0.0,,15.6,0.0,1.0,12.0,,,
121,Transportation and storage,6.3,0.0,3.4,4.1,32.7,4.5,1.9,1.7,,14.2,30.9,,,
121,Wholesale and retail trade; repair of motor vehicles and motorcycles,7.9,,,,38.3,,2.4,15.6,7.9,7.2,18.4,,,
157,0 - 9,8.8,3.2,1.5,,34.6,1.3,9.2,4.2,10.5,7.0,19.5,,,
157,10 - 49,16.9,2.4,3.0,,41.9,,6.9,3.8,3.8,6.0,14.6,,,
157,100 - 249,13.5,2.2,1.9,,41.5,1.3,11.5,2.8,1.4,7.7,16.1,,,
157,250 +,12.1,2.9,2.1,,31.4,,15.7,2.3,,10.6,21.0,,,
157,50 - 99,13.9,2.2,2.1,,45.9,1.2,9.2,3.3,2.6,6.2,13.3,,,
157,Accommodation and food service activities,7.1,,7.8,0.0,30.0,0.0,2.3,7.0,,16.3,28.9,,,
157,Administrative and support service activities,7.7,2.6,1.1,0.0,24.3,1.8,8.9,5.6,8.8,14.3,24.9,,,
157,All businesses,9.7,3.1,1.6,,35.4,1.2,9.1,4.1,9.8,6.9,19.0,,,
157,All size bands excluding 0 - 9,16.3,2.4,2.9,,42.0,,7.5,3.7,3.5,6.2,14.7,,,
157,"Arts, entertainment and recreation",17.5,6.5,7.3,0.0,22.7,0.0,4.0,0.0,0.0,13.0,29.0,,,
157,Construction,12.2,,,0.0,27.0,1.1,2.1,,40.1,2.5,13.3,,,
157,Education,11.5,5.2,,,39.3,0.0,16.5,,4.9,5.7,16.6,,,
157,Human health and social work activities,1.8,22.2,,0.0,18.8,0.0,39.1,0.0,0.0,,17.3,,,
157,Information and communication,7.4,6.1,,0.0,43.7,0.0,20.9,1.9,0.0,2.6,17.3,,,
157,Manufacturing,15.0,4.0,0.0,0.0,35.2,3.9,7.4,3.5,11.3,3.9,15.7,,,
157,Other service activities,9.3,,10.3,0.0,30.3,0.0,,8.4,4.6,14.9,21.5,,,
157,"Professional, scientific and technical activities",8.4,5.5,0.0,0.0,46.5,0.0,18.6,,2.6,6.0,11.8,,,
157,Real estate activities,24.1,,0.0,0.0,53.1,0.0,,4.9,0.0,8.1,9.0,,,
157,Transportation and storage,6.7,0.0,3.3,1.7,22.1,8.5,2.1,3.4,7.4,13.6,31.0,,,
157,Wholesale and retail trade; repair of motor vehicles and motorcycles,9.2,,,0.0,43.2,1.0,2.8,11.0,6.2,3.4,22.1,,,
