wave,breakdown,Prices increased,Prices stayed the same,Prices decreased,Not sure,Not applicable
120,10: manufacture of food products,13.6,75.4,3.3,7.0,
120,11: manufacture of beverages,0.0,98.0,0.0,2.0,0.0
120,13: manufacture of textiles,9.9,90.0,0.0,,0.0
120,14: manufacture of wearing apparel,0.0,97.6,0.0,,1.6
120,"16: manufacture of wood and of products of wood and cork, except furniture; manufacture of articles of straw and plaiting materials",0.0,86.2,1.1,8.5,4.2
120,17: manufacture of paper and paper products,2.6,96.0,0.0,1.4,0.0
120,18: printing and reproduction of recorded media,6.7,81.1,5.6,6.6,0.0
120,20: manufacture of chemicals and chemical products,10.6,86.0,,2.2,
120,21: manufacture of basic pharmaceutical products and pharmaceutical preparations,0.0,91.4,0.0,8.6,0.0
120,22: manufacture of rubber and plastic products,8.2,90.0,,1.5,0.0
120,23: manufacture of other non-metallic mineral products,13.9,85.5,0.0,,0.0
120,24: manufacture of basic metals,0.0,97.0,3.0,0.0,0.0
120,"25: manufacture of fabricated metal products, except machinery and equipment",5.4,85.0,3.1,6.4,
120,"26: manufacture of computer, electronic and optical products",12.9,72.9,,13.1,
120,27: manufacture of electrical equipment,14.6,75.9,,8.9,0.0
120,28: manufacture of machinery and equipment n.e.c.,1.1,86.3,5.5,6.5,
120,"29: manufacture of motor vehicles, trailers and semi-trailers",1.0,71.9,2.5,13.2,11.3
120,30: manufacture of other transport equipment,0.0,85.3,0.0,14.7,0.0
120,31: manufacture of furniture,17.3,66.3,,15.7,0.0
120,32: other manufacturing,1.0,97.5,0.0,,
120,33: repair and installation of machinery and equipment,,88.0,0.0,11.1,
120,"36: water collection, treatment and supply",0.0,73.7,0.0,23.7,2.6
120,"38: waste collection, treatment and disposal activities; materials recovery",15.2,76.0,,,7.7
120,41: construction of buildings,8.1,70.5,3.3,6.1,12.1
120,42: civil engineering,8.7,84.1,,5.5,1.1
120,43: specialised construction activities,8.5,80.0,2.1,5.6,3.8
120,45: wholesale and retail trade and repair of motor vehicles and motorcycles,11.7,79.1,1.4,4.7,3.2
120,"46: wholesale trade, except of motor vehicles and motorcycles",10.9,78.7,4.0,4.8,1.6
120,"47: retail trade, except of motor vehicles and motorcycles",14.7,69.6,5.2,5.5,5.0
120,49: land transport and transport via pipelines,12.8,71.5,5.1,5.7,4.8
120,52: warehousing and support activities for transportation,1.6,87.9,,5.8,4.5
120,53: postal and courier activities,21.0,56.6,0.0,0.0,22.4
120,55: accommodation,5.5,66.4,14.2,6.7,7.0
120,56: food and beverage service activities,15.3,77.9,,3.8,2.5
120,58: publishing activities,1.2,97.4,0.0,,
120,"59: motion picture, video and television programme production, sound recording and music publishing activities",0.0,51.4,,8.8,39.7
120,61: telecommunications,8.5,82.2,0.0,1.0,8.3
120,"62: computer programming, consultancy and related activities",7.9,76.0,2.2,3.2,10.7
120,63: information service activities,1.2,74.3,0.0,20.7,3.8
120,68: real estate activities,,75.4,0.0,,24.1
120,69: legal and accounting activities,11.3,73.9,,4.2,9.7
120,70: activities of head offices; management consultancy activities,1.6,78.7,,6.8,12.7
120,71: architectural and engineering activities; technical testing and analysis,6.2,78.4,1.5,3.1,10.8
120,72: scientific research and development,,61.3,,13.3,24.2
120,73: advertising and market research,3.1,89.3,0.0,2.7,4.9
120,"74: other professional, scientific and technical activities",7.5,76.5,2.4,3.1,10.5
120,75: veterinary activities,16.2,83.1,0.0,0.0,
120,77: rental and leasing activities,9.1,72.4,2.5,8.0,8.0
120,78: employment activities,3.7,69.7,2.0,5.8,18.9
120,"79: travel agency, tour operator and other reservation service and related activities",6.9,67.3,1.6,12.1,12.1
120,80: security and investigation activities,6.4,83.7,,5.7,3.6
120,81: services to buildings and landscape activities,11.0,84.4,,1.2,3.2
120,"82: office administrative, office support and other business support activities",4.7,73.5,1.4,5.3,15.1
120,85: education,2.7,82.7,0.0,1.3,13.3
120,86: human health activities,7.2,46.6,,2.9,43.1
120,"90: creative, arts and entertainment activities",8.0,64.8,0.0,16.8,10.4
120,"91: libraries, archives, museums and other cultural activities",20.0,77.4,0.0,2.6,0.0
120,93: sports activities and amusement and recreation activities,8.5,78.5,3.0,1.8,8.2
120,95: repair of computers and personal and household goods,0.0,73.7,0.0,26.3,0.0
120,96: other personal service activities,4.1,83.7,4.0,4.2,4.0
120,All businesses,9.2,75.7,2.2,4.8,8.2
122,10: manufacture of food products,15.1,71.4,3.5,9.7,
122,11: manufacture of beverages,,98.1,0.0,1.7,0.0
122,13: manufacture of textiles,10.0,90.0,0.0,0.0,0.0
122,14: manufacture of wearing apparel,0.0,98.3,0.0,,1.1
122,"16: manufacture of wood and of products of wood and cork, except furniture; manufacture of articles of straw and plaiting materials",,89.8,,8.9,0.0
122,17: manufacture of paper and paper products,67.2,30.0,0.0,1.7,1.1
122,18: printing and reproduction of recorded media,,93.1,,6.1,0.0
122,20: manufacture of chemicals and chemical products,,94.1,1.5,1.3,2.6
122,21: manufacture of basic pharmaceutical products and pharmaceutical preparations,7.0,84.5,0.0,8.6,0.0
122,22: manufacture of rubber and plastic products,9.5,88.6,,1.4,0.0
122,23: manufacture of other non-metallic mineral products,23.7,75.0,,,0.0
122,24: manufacture of basic metals,0.0,99.3,0.0,,0.0
122,"25: manufacture of fabricated metal products, except machinery and equipment",6.8,87.3,,3.9,1.8
122,"26: manufacture of computer, electronic and optical products",10.4,89.4,0.0,,0.0
122,27: manufacture of electrical equipment,6.8,85.6,,6.3,
122,28: manufacture of machinery and equipment n.e.c.,5.4,88.4,4.1,2.1,0.0
122,"29: manufacture of motor vehicles, trailers and semi-trailers",0.0,85.3,0.0,14.7,0.0
122,30: manufacture of other transport equipment,5.0,80.3,0.0,,14.4
122,31: manufacture of furniture,15.8,83.1,0.0,1.1,0.0
122,32: other manufacturing,13.2,85.0,0.0,1.8,0.0
122,33: repair and installation of machinery and equipment,8.8,82.1,0.0,9.0,
122,"36: water collection, treatment and supply",0.0,86.8,0.0,10.5,2.6
122,"38: waste collection, treatment and disposal activities; materials recovery",19.6,78.1,1.0,,
122,41: construction of buildings,3.6,85.7,,3.3,6.9
122,42: civil engineering,3.7,84.3,,8.9,2.4
122,43: specialised construction activities,9.5,79.1,2.0,3.8,5.7
122,45: wholesale and retail trade and repair of motor vehicles and motorcycles,11.3,78.3,4.4,3.8,2.2
122,"46: wholesale trade, except of motor vehicles and motorcycles",8.3,79.1,4.5,5.6,2.6
122,"47: retail trade, except of motor vehicles and motorcycles",20.1,68.2,4.1,5.3,2.3
122,49: land transport and transport via pipelines,8.8,74.0,2.8,4.8,9.6
122,52: warehousing and support activities for transportation,3.6,87.2,1.1,1.4,6.6
122,53: postal and courier activities,15.0,53.9,1.1,28.9,1.1
122,55: accommodation,19.8,61.9,11.1,3.2,4.0
122,56: food and beverage service activities,15.1,75.6,,5.2,3.5
122,58: publishing activities,1.3,97.7,0.0,,
122,"59: motion picture, video and television programme production, sound recording and music publishing activities",8.8,41.8,0.0,9.7,39.6
122,61: telecommunications,3.0,76.3,6.0,13.6,1.1
122,"62: computer programming, consultancy and related activities",11.2,77.5,4.5,1.3,5.6
122,63: information service activities,57.1,39.1,0.0,1.6,2.3
122,68: real estate activities,5.1,73.9,0.0,,20.6
122,69: legal and accounting activities,9.6,75.8,0.0,3.5,11.1
122,70: activities of head offices; management consultancy activities,6.2,77.8,,6.1,9.8
122,71: architectural and engineering activities; technical testing and analysis,9.6,72.9,1.7,8.9,6.8
122,72: scientific research and development,0.0,52.0,,7.9,39.4
122,73: advertising and market research,3.7,87.4,2.8,4.8,1.4
122,"74: other professional, scientific and technical activities",3.1,84.6,0.0,0.0,12.3
122,75: veterinary activities,29.5,69.6,0.0,0.0,
122,77: rental and leasing activities,9.5,76.0,8.4,3.1,3.0
122,78: employment activities,5.4,75.2,,4.0,15.0
122,"79: travel agency, tour operator and other reservation service and related activities",7.5,70.8,1.5,7.5,12.7
122,80: security and investigation activities,21.0,75.3,0.0,,2.9
122,81: services to buildings and landscape activities,15.6,73.1,0.0,5.4,5.8
122,"82: office administrative, office support and other business support activities",7.7,74.7,0.0,2.4,15.1
122,85: education,7.0,79.6,0.0,3.6,9.8
122,86: human health activities,2.8,42.5,,3.0,51.5
122,"90: creative, arts and entertainment activities",,88.5,0.0,9.6,1.8
122,"91: libraries, archives, museums and other cultural activities",22.9,33.5,2.2,20.7,20.7
122,93: sports activities and amusement and recreation activities,8.7,80.2,1.8,2.0,7.3
122,95: repair of computers and personal and household goods,0.0,88.4,0.0,11.6,0.0
122,96: other personal service activities,17.7,74.5,,3.8,3.7
122,All businesses,10.8,74.8,1.9,4.4,8.0
124,10: manufacture of food products,15.6,80.0,3.7,,0.0
124,11: manufacture of beverages,0.0,96.5,0.0,3.5,0.0
124,13: manufacture of textiles,7.4,92.0,0.0,,0.0
124,14: manufacture of wearing apparel,1.5,98.2,0.0,,0.0
124,"16: manufacture of wood and of products of wood and cork, except furniture; manufacture of articles of straw and plaiting materials",1.1,91.2,0.0,3.9,3.8
124,17: manufacture of paper and paper products,1.5,95.6,1.3,1.7,0.0
124,18: printing and reproduction of recorded media,6.8,86.8,0.0,6.5,0.0
124,20: manufacture of chemicals and chemical products,,73.0,23.4,1.9,1.1
124,21: manufacture of basic pharmaceutical products and pharmaceutical preparations,12.2,81.8,0.0,6.0,0.0
124,22: manufacture of rubber and plastic products,5.0,93.2,0.0,1.8,0.0
124,23: manufacture of other non-metallic mineral products,10.5,88.6,,,0.0
124,24: manufacture of basic metals,0.0,99.6,0.0,,0.0
124,"25: manufacture of fabricated metal products, except machinery and equipment",10.4,82.7,1.6,4.9,
124,"26: manufacture of computer, electronic and optical products",12.4,81.0,5.4,1.1,0.0
124,27: manufacture of electrical equipment,16.7,76.6,0.0,6.0,
124,28: manufacture of machinery and equipment n.e.c.,9.8,88.8,0.0,1.4,0.0
124,"29: manufacture of motor vehicles, trailers and semi-trailers",13.7,83.2,,2.2,0.0
124,30: manufacture of other transport equipment,,81.4,0.0,,17.7
124,31: manufacture of furniture,21.3,71.7,6.1,,0.0
124,32: other manufacturing,,98.8,0.0,,0.0
124,33: repair and installation of machinery and equipment,26.7,65.1,0.0,1.6,6.5
124,"36: water collection, treatment and supply",0.0,58.7,0.0,18.0,23.3
124,"38: waste collection, treatment and disposal activities; materials recovery",,96.6,,1.6,
124,41: construction of buildings,5.3,79.1,,3.2,11.6
124,42: civil engineering,10.3,82.1,,,6.5
124,43: specialised construction activities,8.0,82.1,2.2,2.2,5.5
124,45: wholesale and retail trade and repair of motor vehicles and motorcycles,13.5,74.7,4.7,6.0,1.1
124,"46: wholesale trade, except of motor vehicles and motorcycles",11.3,77.3,3.1,5.6,2.6
124,"47: retail trade, except of motor vehicles and motorcycles",21.7,67.3,4.3,6.0,
124,49: land transport and transport via pipelines,14.6,72.7,1.7,6.7,4.2
124,52: warehousing and support activities for transportation,3.5,84.4,,5.1,6.4
124,53: postal and courier activities,28.1,69.4,0.0,1.3,1.3
124,55: accommodation,13.7,65.8,8.7,6.8,5.1
124,56: food and beverage service activities,18.4,73.0,1.1,5.2,2.3
124,58: publishing activities,10.2,82.6,,1.1,5.6
124,"59: motion picture, video and television programme production, sound recording and music publishing activities",10.6,69.5,0.0,13.7,6.2
124,60: programming and broadcasting activities,1.9,87.6,0.0,3.9,6.7
124,61: telecommunications,2.7,73.4,4.8,18.2,1.0
124,"62: computer programming, consultancy and related activities",9.1,80.7,1.1,7.1,2.0
124,63: information service activities,,94.3,0.0,3.1,1.8
124,68: real estate activities,,69.8,2.6,2.8,24.3
124,69: legal and accounting activities,11.0,75.1,0.0,2.6,11.3
124,70: activities of head offices; management consultancy activities,2.0,71.9,3.1,5.2,17.8
124,71: architectural and engineering activities; technical testing and analysis,18.0,64.7,3.0,4.1,10.1
124,72: scientific research and development,,48.9,0.0,15.6,34.8
124,73: advertising and market research,5.7,83.8,0.0,1.9,8.6
124,"74: other professional, scientific and technical activities",7.6,83.8,0.0,,8.1
124,75: veterinary activities,18.4,81.0,0.0,0.0,
124,77: rental and leasing activities,5.3,86.3,,2.8,5.3
124,78: employment activities,5.6,68.9,,4.7,20.6
124,"79: travel agency, tour operator and other reservation service and related activities",8.7,77.2,1.4,6.7,5.9
124,80: security and investigation activities,14.3,74.8,,7.5,2.7
124,81: services to buildings and landscape activities,8.8,79.7,,3.1,8.2
124,"82: office administrative, office support and other business support activities",6.1,71.8,2.9,4.6,14.7
124,85: education,6.7,80.9,,5.0,7.0
124,86: human health activities,3.9,46.7,,3.9,45.5
124,"90: creative, arts and entertainment activities",0.0,75.1,0.0,6.2,18.6
124,"91: libraries, archives, museums and other cultural activities",19.7,62.5,1.9,15.8,0.0
124,93: sports activities and amusement and recreation activities,8.4,87.1,,1.7,2.4
124,95: repair of computers and personal and household goods,12.6,74.7,0.0,12.6,0.0
124,96: other personal service activities,13.3,81.7,0.0,4.7,
124,All businesses,11.4,74.7,1.9,4.6,7.4
126,10: manufacture of food products,10.4,82.8,2.0,4.5,
126,11: manufacture of beverages,,94.5,1.6,3.3,0.0
126,13: manufacture of textiles,32.6,65.2,,,
126,14: manufacture of wearing apparel,20.1,64.8,14.8,,0.0
126,"16: manufacture of wood and of products of wood and cork, except furniture; manufacture of articles of straw and plaiting materials",10.0,77.2,4.9,3.7,4.2
126,17: manufacture of paper and paper products,12.5,59.0,1.6,14.3,12.5
126,18: printing and reproduction of recorded media,14.7,79.8,,5.0,0.0
126,20: manufacture of chemicals and chemical products,17.0,81.5,0.0,1.6,0.0
126,21: manufacture of basic pharmaceutical products and pharmaceutical preparations,,92.5,0.0,6.9,0.0
126,22: manufacture of rubber and plastic products,8.9,83.2,1.6,6.3,0.0
126,23: manufacture of other non-metallic mineral products,18.6,69.6,,,10.3
126,24: manufacture of basic metals,23.7,75.9,0.0,,0.0
126,"25: manufacture of fabricated metal products, except machinery and equipment",15.5,77.0,,5.7,1.5
126,"26: manufacture of computer, electronic and optical products",16.0,82.1,0.0,1.9,0.0
126,27: manufacture of electrical equipment,28.8,58.9,1.0,10.6,
126,28: manufacture of machinery and equipment n.e.c.,14.2,80.7,3.5,1.3,
126,"29: manufacture of motor vehicles, trailers and semi-trailers",21.2,60.8,1.8,9.3,6.9
126,30: manufacture of other transport equipment,20.5,61.6,2.4,,14.9
126,31: manufacture of furniture,11.3,79.5,0.0,8.7,
126,32: other manufacturing,29.9,68.2,0.0,1.9,0.0
126,33: repair and installation of machinery and equipment,7.8,69.9,,9.4,12.9
126,"36: water collection, treatment and supply",20.9,58.7,0.0,18.0,2.3
126,"38: waste collection, treatment and disposal activities; materials recovery",8.5,88.8,,1.9,
126,41: construction of buildings,7.4,66.0,4.2,5.0,17.4
126,42: civil engineering,8.0,70.8,,4.9,16.0
126,43: specialised construction activities,14.3,71.6,2.1,3.6,8.3
126,45: wholesale and retail trade and repair of motor vehicles and motorcycles,13.7,76.2,2.5,4.1,3.5
126,"46: wholesale trade, except of motor vehicles and motorcycles",21.9,66.7,3.0,7.0,1.4
126,"47: retail trade, except of motor vehicles and motorcycles",22.5,61.6,3.4,8.9,3.6
126,49: land transport and transport via pipelines,19.6,71.0,1.7,4.6,3.2
126,52: warehousing and support activities for transportation,23.7,64.6,,5.3,5.7
126,53: postal and courier activities,24.0,50.4,0.0,2.0,23.6
126,55: accommodation,11.6,58.2,13.8,4.2,12.2
126,56: food and beverage service activities,20.6,68.7,1.1,6.4,3.2
126,58: publishing activities,21.8,70.6,,1.3,5.8
126,"59: motion picture, video and television programme production, sound recording and music publishing activities",9.6,73.6,0.0,10.0,6.8
126,60: programming and broadcasting activities,0.0,54.8,0.0,39.1,6.1
126,61: telecommunications,9.4,77.2,5.2,6.5,1.7
126,"62: computer programming, consultancy and related activities",12.6,76.3,,6.1,4.6
126,63: information service activities,,68.5,0.0,17.7,13.7
126,68: real estate activities,7.0,68.6,,6.4,17.9
126,69: legal and accounting activities,12.4,74.1,1.1,2.6,9.9
126,70: activities of head offices; management consultancy activities,4.4,70.1,1.8,5.7,18.0
126,71: architectural and engineering activities; technical testing and analysis,12.2,77.4,,5.5,4.6
126,72: scientific research and development,7.7,38.2,,15.2,38.9
126,73: advertising and market research,8.8,76.7,4.7,6.4,3.4
126,"74: other professional, scientific and technical activities",3.5,85.2,0.0,,10.9
126,75: veterinary activities,69.7,30.3,0.0,0.0,0.0
126,77: rental and leasing activities,13.6,67.2,5.6,7.9,5.6
126,78: employment activities,2.5,63.5,2.1,7.0,24.8
126,"79: travel agency, tour operator and other reservation service and related activities",11.2,70.6,1.4,1.9,14.9
126,80: security and investigation activities,8.8,68.7,,13.4,8.9
126,81: services to buildings and landscape activities,9.5,75.3,,5.2,9.8
126,"82: office administrative, office support and other business support activities",7.7,71.2,2.1,4.5,14.4
126,85: education,14.3,71.5,0.0,5.7,8.4
126,86: human health activities,11.8,32.9,1.3,3.7,50.3
126,"90: creative, arts and entertainment activities",,70.1,4.4,10.4,14.2
126,"91: libraries, archives, museums and other cultural activities",16.8,60.8,0.0,14.7,7.7
126,93: sports activities and amusement and recreation activities,13.1,78.3,,3.0,5.2
126,95: repair of computers and personal and household goods,12.6,60.3,0.0,25.2,2.0
126,96: other personal service activities,21.0,61.6,10.5,3.5,3.4
126,All businesses,15.1,68.1,2.1,5.7,8.9
128,10: manufacture of food products,11.5,81.6,,3.5,3.0
128,11: manufacture of beverages,45.5,51.0,0.0,3.5,0.0
128,13: manufacture of textiles,8.1,82.9,8.9,,0.0
128,14: manufacture of wearing apparel,3.5,59.5,17.5,,19.3
128,"16: manufacture of wood and of products of wood and cork, except furniture; manufacture of articles of straw and plaiting materials",19.8,70.3,0.0,5.2,4.7
128,17: manufacture of paper and paper products,,69.5,5.9,3.6,20.8
128,18: printing and reproduction of recorded media,18.7,79.6,0.0,1.7,0.0
128,20: manufacture of chemicals and chemical products,18.3,78.5,0.0,2.6,
128,21: manufacture of basic pharmaceutical products and pharmaceutical preparations,4.2,94.6,0.0,1.2,0.0
128,22: manufacture of rubber and plastic products,8.6,86.2,1.3,,3.3
128,23: manufacture of other non-metallic mineral products,9.7,83.2,0.0,7.1,0.0
128,24: manufacture of basic metals,28.6,46.5,1.8,23.0,0.0
128,"25: manufacture of fabricated metal products, except machinery and equipment",17.8,72.1,3.2,3.8,3.1
128,"26: manufacture of computer, electronic and optical products",10.8,83.0,4.7,1.0,
128,27: manufacture of electrical equipment,15.2,74.4,0.0,10.4,0.0
128,28: manufacture of machinery and equipment n.e.c.,5.5,90.3,,3.8,0.0
128,"29: manufacture of motor vehicles, trailers and semi-trailers",9.2,87.6,,1.2,1.1
128,30: manufacture of other transport equipment,13.3,63.3,0.0,2.3,21.1
128,31: manufacture of furniture,18.2,80.6,0.0,0.0,1.2
128,32: other manufacturing,17.7,72.3,0.0,9.9,0.0
128,33: repair and installation of machinery and equipment,1.2,89.6,0.0,9.1,
128,"36: water collection, treatment and supply",0.0,75.6,0.0,22.1,2.3
128,"38: waste collection, treatment and disposal activities; materials recovery",8.4,90.3,,1.3,0.0
128,41: construction of buildings,11.4,69.9,,3.7,14.8
128,42: civil engineering,7.5,71.6,2.9,4.6,13.5
128,43: specialised construction activities,12.3,73.1,2.6,4.1,7.9
128,45: wholesale and retail trade and repair of motor vehicles and motorcycles,15.3,73.1,3.6,3.2,4.8
128,"46: wholesale trade, except of motor vehicles and motorcycles",15.3,75.8,1.7,5.1,2.1
128,"47: retail trade, except of motor vehicles and motorcycles",26.4,63.1,2.0,7.1,1.4
128,49: land transport and transport via pipelines,10.8,76.7,1.7,4.6,6.1
128,52: warehousing and support activities for transportation,1.4,69.5,8.8,15.7,4.6
128,53: postal and courier activities,29.4,64.1,1.2,1.4,3.8
128,55: accommodation,17.9,58.8,8.9,6.2,8.2
128,56: food and beverage service activities,25.8,63.2,1.5,5.7,3.7
128,58: publishing activities,9.5,83.9,,,5.3
128,"59: motion picture, video and television programme production, sound recording and music publishing activities",0.0,46.2,0.0,29.5,24.3
128,60: programming and broadcasting activities,0.0,92.3,0.0,2.1,5.6
128,61: telecommunications,13.2,74.8,,8.1,3.0
128,"62: computer programming, consultancy and related activities",7.7,84.9,,3.9,3.2
128,63: information service activities,,70.4,0.0,14.9,14.6
128,68: real estate activities,5.3,74.3,2.4,2.5,15.5
128,69: legal and accounting activities,15.6,68.2,1.1,3.0,12.2
128,70: activities of head offices; management consultancy activities,2.3,81.1,1.9,3.9,10.9
128,71: architectural and engineering activities; technical testing and analysis,7.1,78.1,2.7,5.7,6.4
128,72: scientific research and development,7.1,40.0,0.0,15.7,37.3
128,73: advertising and market research,5.4,75.1,0.0,9.6,10.0
128,"74: other professional, scientific and technical activities",10.6,71.8,0.0,3.8,13.9
128,75: veterinary activities,30.3,61.6,0.0,7.4,
128,77: rental and leasing activities,7.8,76.5,4.5,5.6,5.6
128,78: employment activities,3.4,71.1,,4.7,20.8
128,"79: travel agency, tour operator and other reservation service and related activities",8.3,80.5,7.7,2.2,1.3
128,80: security and investigation activities,11.7,67.8,0.0,6.3,14.1
128,81: services to buildings and landscape activities,20.6,60.8,2.1,3.2,13.3
128,"82: office administrative, office support and other business support activities",9.5,64.5,2.4,4.3,19.3
128,85: education,7.9,77.1,1.8,2.2,11.0
128,86: human health activities,5.5,48.6,1.3,4.6,40.0
128,"90: creative, arts and entertainment activities",5.6,68.9,0.0,10.9,14.5
128,"91: libraries, archives, museums and other cultural activities",20.3,64.0,0.0,12.9,2.8
128,93: sports activities and amusement and recreation activities,12.7,77.8,0.0,1.8,7.8
128,95: repair of computers and personal and household goods,11.2,65.4,0.0,23.3,0.0
128,96: other personal service activities,20.9,73.0,0.0,,5.8
128,All businesses,14.6,70.0,1.8,5.1,8.5
130,10: manufacture of food products,21.9,73.1,,3.9,
130,11: manufacture of beverages,43.8,53.8,0.0,2.3,0.0
130,13: manufacture of textiles,2.5,95.5,0.0,1.1,
130,14: manufacture of wearing apparel,26.5,51.4,21.8,,0.0
130,"16: manufacture of wood and of products of wood and cork, except furniture; manufacture of articles of straw and plaiting materials",11.8,66.2,,13.1,8.4
130,17: manufacture of paper and paper products,,64.9,,2.0,31.2
130,18: printing and reproduction of recorded media,21.2,67.8,4.9,6.1,0.0
130,20: manufacture of chemicals and chemical products,17.5,79.5,,2.5,0.0
130,21: manufacture of basic pharmaceutical products and pharmaceutical preparations,,91.1,0.0,8.3,0.0
130,22: manufacture of rubber and plastic products,8.7,88.5,,1.9,0.0
130,23: manufacture of other non-metallic mineral products,16.3,70.1,,13.0,0.0
130,24: manufacture of basic metals,3.0,97.0,0.0,0.0,0.0
130,"25: manufacture of fabricated metal products, except machinery and equipment",8.1,81.3,2.8,5.0,2.9
130,"26: manufacture of computer, electronic and optical products",15.4,83.2,0.0,1.4,0.0
130,27: manufacture of electrical equipment,13.4,75.8,,8.4,1.5
130,28: manufacture of machinery and equipment n.e.c.,8.7,85.7,3.2,2.0,
130,"29: manufacture of motor vehicles, trailers and semi-trailers",34.7,62.2,3.0,0.0,0.0
130,30: manufacture of other transport equipment,,82.8,0.0,2.4,14.5
130,31: manufacture of furniture,7.8,91.4,0.0,,0.0
130,32: other manufacturing,30.1,68.5,0.0,1.4,0.0
130,33: repair and installation of machinery and equipment,1.7,86.9,0.0,2.9,8.4
130,"36: water collection, treatment and supply",0.0,68.2,0.0,27.1,4.7
130,"38: waste collection, treatment and disposal activities; materials recovery",4.7,83.0,0.0,12.3,0.0
130,41: construction of buildings,8.2,73.5,,3.1,14.3
130,42: civil engineering,11.5,64.4,0.0,15.9,8.2
130,43: specialised construction activities,15.6,67.4,3.8,4.9,8.4
130,45: wholesale and retail trade and repair of motor vehicles and motorcycles,26.4,64.1,3.9,3.2,2.5
130,"46: wholesale trade, except of motor vehicles and motorcycles",17.2,73.2,2.1,6.1,1.4
130,"47: retail trade, except of motor vehicles and motorcycles",32.8,54.5,2.7,6.2,3.8
130,49: land transport and transport via pipelines,18.0,68.6,4.1,5.8,3.4
130,52: warehousing and support activities for transportation,9.4,70.3,10.1,2.7,7.5
130,53: postal and courier activities,43.2,55.5,0.0,0.0,1.3
130,55: accommodation,31.2,52.5,4.3,5.2,6.9
130,56: food and beverage service activities,37.1,51.6,0.0,6.8,4.5
130,58: publishing activities,10.2,74.8,0.0,4.9,10.1
130,"59: motion picture, video and television programme production, sound recording and music publishing activities",19.1,45.7,0.0,2.1,33.0
130,60: programming and broadcasting activities,5.1,86.3,0.0,0.0,8.6
130,61: telecommunications,13.4,62.8,6.2,9.4,8.2
130,"62: computer programming, consultancy and related activities",10.1,74.4,1.5,6.9,7.0
130,63: information service activities,1.1,77.1,0.0,18.7,3.1
130,68: real estate activities,3.2,76.8,,,19.6
130,69: legal and accounting activities,15.7,68.0,0.0,3.6,12.7
130,70: activities of head offices; management consultancy activities,11.4,66.4,1.8,6.3,14.1
130,71: architectural and engineering activities; technical testing and analysis,7.9,78.8,1.5,6.7,5.1
130,72: scientific research and development,1.2,50.5,,13.1,34.5
130,73: advertising and market research,5.9,74.9,7.3,5.5,6.3
130,"74: other professional, scientific and technical activities",13.2,69.4,6.5,,10.2
130,75: veterinary activities,29.1,61.8,0.0,8.2,
130,77: rental and leasing activities,18.5,68.4,4.7,2.7,5.7
130,78: employment activities,6.4,64.5,,5.3,23.5
130,"79: travel agency, tour operator and other reservation service and related activities",2.8,80.0,,1.6,14.9
130,80: security and investigation activities,22.5,66.1,0.0,10.4,1.0
130,81: services to buildings and landscape activities,11.6,75.4,0.0,3.3,9.6
130,"82: office administrative, office support and other business support activities",19.1,56.8,1.6,5.2,17.2
130,85: education,7.5,82.9,,3.0,6.4
130,86: human health activities,5.2,48.6,,5.5,40.6
130,"90: creative, arts and entertainment activities",4.6,69.4,,8.5,17.0
130,"91: libraries, archives, museums and other cultural activities",33.3,46.4,0.0,18.0,2.2
130,93: sports activities and amusement and recreation activities,16.3,73.8,,4.6,5.1
130,95: repair of computers and personal and household goods,23.2,52.8,0.0,24.0,0.0
130,96: other personal service activities,21.6,63.1,0.0,9.3,6.0
130,All businesses,18.9,65.2,1.7,5.6,8.6
132,10: manufacture of food products,24.6,67.6,1.4,6.1,
132,11: manufacture of beverages,44.8,54.6,0.0,,
132,13: manufacture of textiles,21.4,78.1,0.0,,0.0
132,14: manufacture of wearing apparel,94.4,1.7,1.7,2.2,0.0
132,"16: manufacture of wood and of products of wood and cork, except furniture; manufacture of articles of straw and plaiting materials",13.4,72.3,0.0,9.9,4.4
132,17: manufacture of paper and paper products,6.7,57.8,1.2,3.0,31.3
132,18: printing and reproduction of recorded media,26.9,67.0,,5.7,0.0
132,20: manufacture of chemicals and chemical products,17.2,73.2,7.6,2.0,
132,21: manufacture of basic pharmaceutical products and pharmaceutical preparations,2.3,91.9,0.0,5.8,0.0
132,22: manufacture of rubber and plastic products,13.3,80.7,1.2,4.5,
132,23: manufacture of other non-metallic mineral products,35.4,64.4,0.0,,0.0
132,24: manufacture of basic metals,9.8,72.8,0.0,17.4,0.0
132,"25: manufacture of fabricated metal products, except machinery and equipment",11.9,76.1,2.0,8.3,1.6
132,"26: manufacture of computer, electronic and optical products",14.8,84.6,0.0,,0.0
132,27: manufacture of electrical equipment,12.4,77.1,0.0,9.8,
132,28: manufacture of machinery and equipment n.e.c.,12.1,81.5,,2.2,3.9
132,"29: manufacture of motor vehicles, trailers and semi-trailers",42.7,54.2,1.5,1.6,0.0
132,30: manufacture of other transport equipment,19.2,48.4,0.0,1.3,31.2
132,31: manufacture of furniture,21.1,78.2,0.0,,
132,32: other manufacturing,11.4,71.7,0.0,8.9,8.0
132,33: repair and installation of machinery and equipment,11.8,85.9,0.0,1.8,
132,"36: water collection, treatment and supply",35.7,56.0,0.0,6.0,2.4
132,"38: waste collection, treatment and disposal activities; materials recovery",55.8,40.6,1.0,1.0,1.5
132,41: construction of buildings,17.9,66.5,,9.3,5.8
132,42: civil engineering,16.0,63.2,0.0,1.8,19.0
132,43: specialised construction activities,15.9,66.1,2.1,6.2,9.7
132,45: wholesale and retail trade and repair of motor vehicles and motorcycles,25.1,67.1,,6.3,1.2
132,"46: wholesale trade, except of motor vehicles and motorcycles",20.1,70.8,4.6,3.9,
132,"47: retail trade, except of motor vehicles and motorcycles",38.5,50.4,2.6,4.7,3.7
132,49: land transport and transport via pipelines,24.0,62.7,0.0,6.4,7.0
132,52: warehousing and support activities for transportation,17.6,68.4,,6.1,7.5
132,53: postal and courier activities,46.0,52.5,0.0,0.0,1.4
132,55: accommodation,31.5,52.6,6.6,3.2,6.1
132,56: food and beverage service activities,43.3,48.9,0.0,5.5,2.3
132,58: publishing activities,11.9,75.1,0.0,6.5,6.5
132,"59: motion picture, video and television programme production, sound recording and music publishing activities",7.3,49.2,0.0,16.5,27.0
132,60: programming and broadcasting activities,0.0,93.1,0.0,6.0,
132,61: telecommunications,25.9,55.9,6.0,10.0,2.2
132,"62: computer programming, consultancy and related activities",15.1,73.0,,5.4,6.1
132,63: information service activities,4.5,79.3,0.0,15.4,
132,68: real estate activities,15.6,56.1,0.0,2.6,25.7
132,69: legal and accounting activities,28.2,56.7,,1.4,12.8
132,70: activities of head offices; management consultancy activities,8.4,73.4,1.8,4.6,11.8
132,71: architectural and engineering activities; technical testing and analysis,9.0,74.0,1.8,7.4,7.8
132,72: scientific research and development,6.4,28.1,0.0,13.7,51.8
132,73: advertising and market research,6.9,71.9,5.6,6.9,8.7
132,"74: other professional, scientific and technical activities",24.5,58.3,3.2,,13.2
132,75: veterinary activities,43.3,48.3,0.0,6.8,1.6
132,77: rental and leasing activities,14.5,76.6,,5.4,3.1
132,78: employment activities,25.0,49.3,,3.6,21.4
132,"79: travel agency, tour operator and other reservation service and related activities",8.5,80.2,,2.3,8.4
132,80: security and investigation activities,42.6,41.7,0.0,5.8,9.9
132,81: services to buildings and landscape activities,51.6,44.4,,,3.0
132,"82: office administrative, office support and other business support activities",13.3,58.5,3.4,8.4,16.3
132,85: education,16.3,65.2,0.0,4.5,13.9
132,86: human health activities,15.9,31.7,0.0,4.2,48.2
132,"90: creative, arts and entertainment activities",1.4,67.5,4.7,11.0,15.4
132,"91: libraries, archives, museums and other cultural activities",58.1,20.5,0.0,0.0,21.4
132,93: sports activities and amusement and recreation activities,25.4,64.6,,2.8,6.8
132,95: repair of computers and personal and household goods,54.3,29.8,0.0,13.6,2.3
132,96: other personal service activities,34.0,54.2,2.9,2.9,6.0
132,All businesses,25.4,59.3,1.4,5.0,8.9
134,10: manufacture of food products,22.1,73.7,,3.6,
134,11: manufacture of beverages,20.2,79.2,0.0,,0.0
134,13: manufacture of textiles,2.9,96.5,0.0,,0.0
134,14: manufacture of wearing apparel,4.1,95.6,0.0,,0.0
134,"16: manufacture of wood and of products of wood and cork, except furniture; manufacture of articles of straw and plaiting materials",16.3,71.7,,11.4,0.0
134,17: manufacture of paper and paper products,11.3,52.9,,2.8,32.1
134,18: printing and reproduction of recorded media,25.0,68.7,,5.8,0.0
134,20: manufacture of chemicals and chemical products,4.2,91.6,1.4,2.1,
134,21: manufacture of basic pharmaceutical products and pharmaceutical preparations,50.0,45.4,0.0,4.6,0.0
134,22: manufacture of rubber and plastic products,3.5,80.8,4.6,7.6,3.5
134,23: manufacture of other non-metallic mineral products,15.0,69.5,14.0,1.5,0.0
134,24: manufacture of basic metals,5.1,58.3,19.2,17.4,0.0
134,"25: manufacture of fabricated metal products, except machinery and equipment",15.3,75.5,2.3,5.4,1.5
134,"26: manufacture of computer, electronic and optical products",7.4,85.6,1.0,1.2,4.9
134,27: manufacture of electrical equipment,15.8,78.9,,4.7,0.0
134,28: manufacture of machinery and equipment n.e.c.,12.5,82.6,0.0,5.0,0.0
134,"29: manufacture of motor vehicles, trailers and semi-trailers",24.7,59.6,1.1,2.6,12.0
134,30: manufacture of other transport equipment,28.8,59.5,0.0,,11.4
134,31: manufacture of furniture,3.1,96.5,,0.0,0.0
134,32: other manufacturing,2.0,85.4,1.0,11.6,0.0
134,33: repair and installation of machinery and equipment,10.7,78.7,0.0,1.5,9.2
134,"36: water collection, treatment and supply",2.4,61.9,0.0,35.7,0.0
134,"38: waste collection, treatment and disposal activities; materials recovery",1.5,95.7,1.6,1.1,0.0
134,41: construction of buildings,9.7,78.2,3.0,3.0,6.1
134,42: civil engineering,22.3,66.1,0.0,1.1,10.5
134,43: specialised construction activities,13.8,66.1,1.7,8.4,10.0
134,45: wholesale and retail trade and repair of motor vehicles and motorcycles,13.1,80.3,2.5,2.7,1.3
134,"46: wholesale trade, except of motor vehicles and motorcycles",15.9,75.2,3.4,4.5,
134,"47: retail trade, except of motor vehicles and motorcycles",29.0,58.2,3.2,7.7,1.9
134,49: land transport and transport via pipelines,9.6,72.3,3.1,8.7,6.2
134,52: warehousing and support activities for transportation,8.4,71.1,4.4,6.1,10.0
134,53: postal and courier activities,2.7,96.3,0.0,1.0,0.0
134,55: accommodation,24.3,65.2,1.9,4.1,4.5
134,56: food and beverage service activities,29.8,61.7,,5.3,2.6
134,58: publishing activities,5.2,86.8,0.0,6.3,1.7
134,"59: motion picture, video and television programme production, sound recording and music publishing activities",0.0,81.0,0.0,3.0,16.0
134,60: programming and broadcasting activities,0.0,94.8,0.0,4.3,
134,61: telecommunications,8.4,67.5,,9.6,14.3
134,"62: computer programming, consultancy and related activities",9.5,78.9,1.2,3.9,6.5
134,63: information service activities,1.0,82.9,0.0,15.0,1.1
134,68: real estate activities,13.1,61.0,0.0,,25.4
134,69: legal and accounting activities,22.3,62.7,,4.7,10.1
134,70: activities of head offices; management consultancy activities,8.9,70.1,,2.6,18.2
134,71: architectural and engineering activities; technical testing and analysis,6.6,74.2,1.6,5.7,12.0
134,72: scientific research and development,,38.2,0.0,16.6,45.1
134,73: advertising and market research,1.1,83.1,5.8,3.5,6.5
134,"74: other professional, scientific and technical activities",11.3,82.3,0.0,1.1,5.3
134,75: veterinary activities,12.6,81.4,0.0,6.0,0.0
134,77: rental and leasing activities,10.1,72.0,2.7,9.6,5.7
134,78: employment activities,3.9,58.7,1.9,7.0,28.6
134,"79: travel agency, tour operator and other reservation service and related activities",1.3,85.5,,3.6,8.9
134,80: security and investigation activities,13.3,73.3,,7.1,6.3
134,81: services to buildings and landscape activities,24.6,59.6,,5.4,10.3
134,"82: office administrative, office support and other business support activities",9.4,67.4,2.5,7.3,13.4
134,85: education,9.2,77.3,,1.0,12.4
134,86: human health activities,5.8,43.6,,5.1,45.4
134,"90: creative, arts and entertainment activities",15.5,68.3,0.0,9.8,6.4
134,"91: libraries, archives, museums and other cultural activities",0.0,96.7,0.0,1.7,1.7
134,93: sports activities and amusement and recreation activities,12.6,77.4,,,9.5
134,95: repair of computers and personal and household goods,,80.3,0.0,17.8,1.7
134,96: other personal service activities,19.1,67.0,5.5,5.5,2.8
134,All businesses,16.1,68.4,1.6,5.2,8.7
136,10: manufacture of food products,10.9,78.6,6.3,4.2,0.0
136,11: manufacture of beverages,0.0,99.8,0.0,,0.0
136,13: manufacture of textiles,11.4,87.0,,,0.0
136,"16: manufacture of wood and of products of wood and cork, except furniture; manufacture of articles of straw and plaiting materials",2.3,81.3,0.0,11.4,4.9
136,17: manufacture of paper and paper products,35.3,30.2,0.0,2.4,32.1
136,18: printing and reproduction of recorded media,18.1,71.9,9.2,,0.0
136,20: manufacture of chemicals and chemical products,12.1,79.0,6.6,,1.4
136,21: manufacture of basic pharmaceutical products and pharmaceutical preparations,0.0,90.3,0.0,9.7,0.0
136,22: manufacture of rubber and plastic products,10.3,74.7,7.2,7.5,
136,23: manufacture of other non-metallic mineral products,5.9,77.4,8.4,8.4,0.0
136,24: manufacture of basic metals,38.9,39.1,4.8,17.3,0.0
136,"25: manufacture of fabricated metal products, except machinery and equipment",6.9,82.9,3.2,3.8,3.2
136,"26: manufacture of computer, electronic and optical products",3.2,96.1,0.0,,0.0
136,27: manufacture of electrical equipment,14.9,75.1,0.0,4.5,5.5
136,28: manufacture of machinery and equipment n.e.c.,7.8,86.2,,2.0,3.1
136,"29: manufacture of motor vehicles, trailers and semi-trailers",15.9,78.9,,4.4,
136,30: manufacture of other transport equipment,3.0,94.5,0.0,2.2,
136,31: manufacture of furniture,9.0,90.2,,,0.0
136,32: other manufacturing,,68.7,,29.5,0.0
136,33: repair and installation of machinery and equipment,21.0,71.4,0.0,1.3,6.4
136,"36: water collection, treatment and supply",8.5,58.5,0.0,30.5,2.4
136,"38: waste collection, treatment and disposal activities; materials recovery",10.3,88.1,,,0.0
136,41: construction of buildings,5.1,76.4,2.6,3.3,12.6
136,42: civil engineering,10.8,76.2,,7.4,4.9
136,43: specialised construction activities,9.2,75.2,1.7,7.0,7.0
136,45: wholesale and retail trade and repair of motor vehicles and motorcycles,10.8,79.2,2.5,6.3,1.3
136,"46: wholesale trade, except of motor vehicles and motorcycles",15.1,73.1,4.3,6.6,
136,"47: retail trade, except of motor vehicles and motorcycles",23.8,67.5,1.5,5.4,1.9
136,49: land transport and transport via pipelines,12.2,73.0,2.4,7.1,5.3
136,52: warehousing and support activities for transportation,10.7,75.5,0.0,5.5,8.4
136,53: postal and courier activities,0.0,95.1,3.1,,
136,55: accommodation,13.2,70.2,3.3,6.6,6.7
136,56: food and beverage service activities,19.4,68.9,,8.4,2.7
136,58: publishing activities,17.3,79.8,0.0,1.3,1.7
136,"59: motion picture, video and television programme production, sound recording and music publishing activities",0.0,73.9,0.0,8.6,17.5
136,60: programming and broadcasting activities,0.0,88.3,0.0,4.3,7.3
136,61: telecommunications,3.7,72.9,0.0,23.2,
136,"62: computer programming, consultancy and related activities",10.4,73.4,1.2,3.9,11.1
136,63: information service activities,12.9,59.2,0.0,24.8,3.1
136,68: real estate activities,5.2,69.5,,8.3,16.8
136,69: legal and accounting activities,16.9,73.2,,,8.6
136,70: activities of head offices; management consultancy activities,8.6,69.2,,5.5,16.3
136,71: architectural and engineering activities; technical testing and analysis,,84.5,,7.9,6.6
136,72: scientific research and development,6.4,47.5,0.0,21.0,25.1
136,73: advertising and market research,2.7,83.7,4.9,3.9,4.9
136,"74: other professional, scientific and technical activities",4.8,81.4,2.7,1.1,9.9
136,75: veterinary activities,18.4,74.4,0.0,5.9,1.3
136,77: rental and leasing activities,8.6,83.1,0.0,2.6,5.7
136,78: employment activities,1.1,66.0,8.1,3.2,21.6
136,"79: travel agency, tour operator and other reservation service and related activities",3.5,70.0,1.7,4.0,20.8
136,80: security and investigation activities,7.0,73.3,0.0,6.2,13.5
136,81: services to buildings and landscape activities,3.7,77.5,9.9,3.5,5.3
136,"82: office administrative, office support and other business support activities",6.5,66.3,,10.0,17.0
136,85: education,6.7,80.7,2.0,2.2,8.4
136,86: human health activities,8.3,43.4,1.5,8.1,38.6
136,"90: creative, arts and entertainment activities",9.3,76.3,0.0,9.4,5.1
136,"91: libraries, archives, museums and other cultural activities",,96.2,0.0,1.8,1.8
136,93: sports activities and amusement and recreation activities,4.9,86.2,1.4,3.0,4.6
136,95: repair of computers and personal and household goods,11.2,55.7,0.0,33.1,0.0
136,96: other personal service activities,5.3,84.2,2.5,2.8,5.2
136,All businesses,11.8,72.3,2.0,6.1,7.7
138,10: manufacture of food products,7.2,80.9,1.6,10.3,0.0
138,11: manufacture of beverages,0.0,99.8,0.0,,0.0
138,13: manufacture of textiles,10.2,88.0,0.0,1.8,0.0
138,14: manufacture of wearing apparel,22.1,77.6,0.0,,0.0
138,15: manufacture of leather and related products,4.3,95.7,0.0,0.0,0.0
138,"16: manufacture of wood and of products of wood and cork, except furniture; manufacture of articles of straw and plaiting materials",7.3,85.1,,7.5,0.0
138,17: manufacture of paper and paper products,24.5,49.6,1.0,4.1,20.8
138,18: printing and reproduction of recorded media,11.4,78.0,3.5,7.0,
138,20: manufacture of chemicals and chemical products,7.9,88.6,,2.2,
138,21: manufacture of basic pharmaceutical products and pharmaceutical preparations,0.0,98.2,0.0,1.8,0.0
138,22: manufacture of rubber and plastic products,7.6,89.7,1.7,1.0,0.0
138,23: manufacture of other non-metallic mineral products,25.0,66.3,8.6,,0.0
138,24: manufacture of basic metals,6.6,23.8,35.7,33.9,0.0
138,"25: manufacture of fabricated metal products, except machinery and equipment",12.9,80.4,1.9,4.4,
138,"26: manufacture of computer, electronic and optical products",13.9,84.1,0.0,1.1,
138,27: manufacture of electrical equipment,13.2,85.5,,,0.0
138,28: manufacture of machinery and equipment n.e.c.,3.6,89.0,2.7,1.7,3.0
138,"29: manufacture of motor vehicles, trailers and semi-trailers",16.6,72.6,0.0,10.5,
138,30: manufacture of other transport equipment,0.0,80.9,0.0,2.8,16.3
138,31: manufacture of furniture,,83.9,7.6,7.6,0.0
138,32: other manufacturing,2.5,81.1,0.0,16.3,0.0
138,33: repair and installation of machinery and equipment,7.3,91.8,0.0,,
138,"38: waste collection, treatment and disposal activities; materials recovery",9.8,80.1,7.9,2.2,0.0
138,41: construction of buildings,7.5,81.3,1.0,3.9,6.3
138,42: civil engineering,6.9,86.9,,4.3,1.5
138,43: specialised construction activities,5.6,85.8,,4.1,4.3
138,45: wholesale and retail trade and repair of motor vehicles and motorcycles,14.8,74.4,2.6,5.6,2.5
138,"46: wholesale trade, except of motor vehicles and motorcycles",14.7,74.0,3.9,6.4,1.0
138,"47: retail trade, except of motor vehicles and motorcycles",23.4,67.2,1.0,5.9,2.5
138,49: land transport and transport via pipelines,11.1,73.1,4.3,9.6,1.8
138,52: warehousing and support activities for transportation,5.1,79.2,0.0,4.8,10.8
138,53: postal and courier activities,,55.0,0.0,2.0,42.1
138,55: accommodation,19.4,66.1,3.3,8.9,2.4
138,56: food and beverage service activities,20.4,68.7,,7.0,3.8
138,58: publishing activities,5.3,81.1,,7.2,5.9
138,"59: motion picture, video and television programme production, sound recording and music publishing activities",15.5,46.6,0.0,2.6,35.3
138,61: telecommunications,3.7,80.4,0.0,15.8,
138,"62: computer programming, consultancy and related activities",7.4,77.3,1.8,3.4,10.1
138,63: information service activities,0.0,83.8,0.0,14.6,1.6
138,68: real estate activities,7.8,69.7,2.5,3.1,16.9
138,69: legal and accounting activities,12.3,71.2,3.5,2.7,10.3
138,70: activities of head offices; management consultancy activities,2.5,80.0,2.0,4.8,10.8
138,71: architectural and engineering activities; technical testing and analysis,11.0,69.8,,7.0,11.8
138,72: scientific research and development,12.7,56.8,,,28.9
138,73: advertising and market research,5.4,80.3,2.7,2.1,9.5
138,"74: other professional, scientific and technical activities",9.6,80.5,0.0,5.3,4.6
138,75: veterinary activities,7.3,80.3,0.0,11.8,
138,77: rental and leasing activities,4.1,88.5,,2.8,3.9
138,78: employment activities,4.2,62.0,3.7,4.5,25.5
138,"79: travel agency, tour operator and other reservation service and related activities",18.1,54.8,1.1,3.6,22.3
138,80: security and investigation activities,2.8,74.4,0.0,5.6,17.2
138,81: services to buildings and landscape activities,8.2,77.6,0.0,3.4,10.8
138,"82: office administrative, office support and other business support activities",4.5,67.9,2.7,9.1,15.8
138,85: education,7.0,79.9,0.0,3.3,9.8
138,86: human health activities,3.1,52.1,,3.3,41.5
138,"90: creative, arts and entertainment activities",1.2,72.9,5.3,5.0,15.6
138,"91: libraries, archives, museums and other cultural activities",16.5,83.3,0.0,,0.0
138,93: sports activities and amusement and recreation activities,9.1,76.0,1.2,2.4,11.2
138,95: repair of computers and personal and household goods,25.4,49.4,0.0,25.2,0.0
138,96: other personal service activities,10.3,69.3,2.5,7.8,10.1
138,All businesses,11.8,73.0,1.6,5.4,8.2
140,10: manufacture of food products,7.4,81.9,3.5,7.1,0.0
140,11: manufacture of beverages,0.0,99.8,0.0,,0.0
140,13: manufacture of textiles,0.0,98.0,0.0,2.0,0.0
140,"16: manufacture of wood and of products of wood and cork, except furniture; manufacture of articles of straw and plaiting materials",12.2,69.9,,12.2,5.3
140,17: manufacture of paper and paper products,6.9,64.3,2.1,14.3,12.5
140,18: printing and reproduction of recorded media,17.9,67.5,5.3,8.9,
140,20: manufacture of chemicals and chemical products,1.9,80.5,7.7,9.2,
140,21: manufacture of basic pharmaceutical products and pharmaceutical preparations,0.0,95.8,0.0,4.2,0.0
140,22: manufacture of rubber and plastic products,4.8,89.4,4.8,,
140,23: manufacture of other non-metallic mineral products,3.2,96.7,0.0,,0.0
140,24: manufacture of basic metals,6.2,93.8,0.0,0.0,0.0
140,"25: manufacture of fabricated metal products, except machinery and equipment",5.1,84.4,,9.6,
140,"26: manufacture of computer, electronic and optical products",1.5,94.0,,3.9,
140,27: manufacture of electrical equipment,4.2,87.4,4.3,2.6,1.6
140,28: manufacture of machinery and equipment n.e.c.,8.5,89.3,,1.6,
140,"29: manufacture of motor vehicles, trailers and semi-trailers",2.8,94.3,0.0,1.7,1.2
140,30: manufacture of other transport equipment,2.6,91.3,0.0,3.6,2.6
140,31: manufacture of furniture,,85.5,6.6,7.2,0.0
140,32: other manufacturing,2.7,85.0,0.0,12.3,0.0
140,33: repair and installation of machinery and equipment,,92.1,0.0,7.3,
140,"36: water collection, treatment and supply",0.0,58.5,0.0,36.6,4.9
140,"38: waste collection, treatment and disposal activities; materials recovery",1.2,83.6,7.1,8.1,0.0
140,41: construction of buildings,7.5,73.6,,5.4,12.7
140,42: civil engineering,6.6,76.9,4.0,7.4,5.0
140,43: specialised construction activities,5.7,77.9,,9.3,6.3
140,45: wholesale and retail trade and repair of motor vehicles and motorcycles,8.9,81.0,4.3,3.7,2.1
140,"46: wholesale trade, except of motor vehicles and motorcycles",9.3,78.3,5.8,4.9,1.6
140,"47: retail trade, except of motor vehicles and motorcycles",21.9,65.4,3.3,7.9,1.4
140,49: land transport and transport via pipelines,3.4,79.6,2.7,7.3,7.1
140,52: warehousing and support activities for transportation,5.2,77.8,6.6,1.9,8.4
140,53: postal and courier activities,1.0,96.7,0.0,1.0,1.2
140,55: accommodation,12.3,73.9,6.7,4.6,2.5
140,56: food and beverage service activities,13.1,77.0,,5.1,4.1
140,58: publishing activities,1.3,76.7,0.0,10.8,11.2
140,"59: motion picture, video and television programme production, sound recording and music publishing activities",6.0,53.0,0.0,4.0,37.0
140,60: programming and broadcasting activities,0.0,87.3,0.0,5.4,7.2
140,61: telecommunications,8.1,65.2,0.0,18.5,8.2
140,"62: computer programming, consultancy and related activities",13.5,69.5,1.4,3.5,12.1
140,63: information service activities,,72.8,0.0,13.6,12.8
140,68: real estate activities,6.4,62.0,,9.6,21.8
140,69: legal and accounting activities,10.6,80.6,1.0,1.7,6.2
140,70: activities of head offices; management consultancy activities,9.1,68.5,,,21.5
140,71: architectural and engineering activities; technical testing and analysis,9.1,66.6,2.1,9.6,12.7
140,72: scientific research and development,0.0,64.6,0.0,12.1,23.3
140,73: advertising and market research,4.2,82.1,,3.9,9.4
140,"74: other professional, scientific and technical activities",4.7,85.3,0.0,5.3,4.6
140,75: veterinary activities,11.1,82.1,0.0,5.5,1.3
140,77: rental and leasing activities,3.9,87.1,,2.7,5.9
140,78: employment activities,1.7,68.7,4.4,4.1,21.0
140,"79: travel agency, tour operator and other reservation service and related activities",0.0,74.4,0.0,4.9,20.7
140,80: security and investigation activities,4.9,80.1,0.0,8.9,6.2
140,81: services to buildings and landscape activities,5.8,79.2,2.5,1.4,11.2
140,"82: office administrative, office support and other business support activities",3.9,64.2,3.0,7.5,21.4
140,85: education,3.7,80.7,1.9,4.5,9.1
140,86: human health activities,4.2,53.9,,4.3,37.4
140,"90: creative, arts and entertainment activities",5.0,70.1,4.7,4.7,15.5
140,"91: libraries, archives, museums and other cultural activities",0.0,94.9,0.0,0.0,5.1
140,93: sports activities and amusement and recreation activities,7.3,83.9,,3.0,5.6
140,95: repair of computers and personal and household goods,0.0,85.3,0.0,14.7,0.0
140,96: other personal service activities,13.3,73.2,0.0,8.2,5.3
140,All businesses,8.9,74.9,2.0,5.6,8.5
142,10: manufacture of food products,11.2,78.1,,6.8,3.1
142,11: manufacture of beverages,0.0,96.4,3.2,,0.0
142,13: manufacture of textiles,8.2,74.7,8.1,9.1,0.0
142,14: manufacture of wearing apparel,1.5,53.9,0.0,44.6,0.0
142,"16: manufacture of wood and of products of wood and cork, except furniture; manufacture of articles of straw and plaiting materials",15.2,83.7,0.0,1.1,0.0
142,17: manufacture of paper and paper products,3.0,62.7,2.3,0.0,32.0
142,18: printing and reproduction of recorded media,8.7,81.7,4.0,5.2,
142,20: manufacture of chemicals and chemical products,4.5,77.4,10.5,7.6,0.0
142,21: manufacture of basic pharmaceutical products and pharmaceutical preparations,0.0,90.0,1.1,8.9,0.0
142,22: manufacture of rubber and plastic products,5.7,79.6,9.4,5.0,
142,23: manufacture of other non-metallic mineral products,8.6,89.7,,1.1,0.0
142,24: manufacture of basic metals,3.5,59.4,0.0,33.6,3.5
142,"25: manufacture of fabricated metal products, except machinery and equipment",4.7,84.2,1.9,7.7,1.5
142,"26: manufacture of computer, electronic and optical products",,94.4,,,4.4
142,27: manufacture of electrical equipment,,96.9,0.0,2.1,0.0
142,28: manufacture of machinery and equipment n.e.c.,7.9,87.9,0.0,,3.7
142,"29: manufacture of motor vehicles, trailers and semi-trailers",23.0,72.4,,4.2,
142,30: manufacture of other transport equipment,2.2,64.6,,1.9,31.0
142,31: manufacture of furniture,1.4,97.3,0.0,1.0,
142,32: other manufacturing,2.4,79.5,0.0,18.0,
142,33: repair and installation of machinery and equipment,5.2,88.5,0.0,1.0,5.3
142,"38: waste collection, treatment and disposal activities; materials recovery",2.3,88.4,8.4,,0.0
142,41: construction of buildings,4.4,77.5,3.5,2.9,11.7
142,42: civil engineering,7.4,81.8,4.0,4.6,2.2
142,43: specialised construction activities,6.8,82.0,1.6,4.8,4.9
142,45: wholesale and retail trade and repair of motor vehicles and motorcycles,16.7,77.3,2.4,3.4,
142,"46: wholesale trade, except of motor vehicles and motorcycles",12.8,75.2,4.2,6.0,1.8
142,"47: retail trade, except of motor vehicles and motorcycles",23.0,65.8,4.4,4.6,2.2
142,49: land transport and transport via pipelines,8.6,71.5,6.4,6.3,7.1
142,52: warehousing and support activities for transportation,8.2,74.3,6.3,1.0,10.2
142,53: postal and courier activities,1.2,76.7,21.2,,
142,55: accommodation,9.6,65.6,12.4,10.2,2.1
142,56: food and beverage service activities,16.6,75.5,1.9,3.5,2.5
142,58: publishing activities,6.3,69.9,0.0,6.6,17.3
142,"59: motion picture, video and television programme production, sound recording and music publishing activities",,61.4,0.0,2.3,35.8
142,60: programming and broadcasting activities,0.0,87.6,0.0,6.2,6.2
142,61: telecommunications,8.1,76.6,,2.4,12.2
142,"62: computer programming, consultancy and related activities",6.3,79.3,1.0,5.2,8.2
142,63: information service activities,1.4,76.8,0.0,18.8,3.0
142,68: real estate activities,12.3,62.9,,6.4,18.1
142,69: legal and accounting activities,12.7,71.4,0.0,3.6,12.3
142,70: activities of head offices; management consultancy activities,5.0,77.9,4.4,4.6,8.1
142,71: architectural and engineering activities; technical testing and analysis,11.5,72.8,2.3,8.5,4.8
142,72: scientific research and development,7.2,57.5,0.0,8.3,27.0
142,73: advertising and market research,3.7,77.3,3.6,1.6,13.8
142,"74: other professional, scientific and technical activities",10.0,84.4,,2.9,2.4
142,75: veterinary activities,18.7,77.0,0.0,4.2,0.0
142,77: rental and leasing activities,5.5,80.9,0.0,5.6,7.9
142,78: employment activities,6.4,63.9,3.0,5.6,21.0
142,"79: travel agency, tour operator and other reservation service and related activities",21.1,52.1,2.4,3.2,21.1
142,80: security and investigation activities,1.0,76.5,0.0,5.2,17.2
142,81: services to buildings and landscape activities,3.0,79.8,2.5,3.5,11.1
142,"82: office administrative, office support and other business support activities",7.5,64.8,1.8,6.8,19.1
142,85: education,12.6,65.1,0.0,5.3,17.1
142,86: human health activities,6.2,46.5,,4.7,42.3
142,"90: creative, arts and entertainment activities",2.5,65.8,,12.6,18.7
142,"91: libraries, archives, museums and other cultural activities",12.8,83.0,1.4,1.4,1.4
142,93: sports activities and amusement and recreation activities,5.9,86.1,0.0,1.6,6.3
142,95: repair of computers and personal and household goods,33.5,38.7,0.0,27.8,0.0
142,96: other personal service activities,6.0,81.9,3.0,3.1,6.0
142,All businesses,10.7,73.6,2.6,4.9,8.2
144,10: manufacture of food products,17.6,74.1,1.4,6.9,0.0
144,11: manufacture of beverages,1.7,97.9,0.0,,0.0
144,13: manufacture of textiles,16.2,76.2,0.0,,6.7
144,14: manufacture of wearing apparel,1.7,96.3,0.0,,1.7
144,"16: manufacture of wood and of products of wood and cork, except furniture; manufacture of articles of straw and plaiting materials",10.3,88.2,,,
144,17: manufacture of paper and paper products,0.0,78.3,0.0,,21.5
144,18: printing and reproduction of recorded media,9.7,79.4,8.8,2.0,
144,20: manufacture of chemicals and chemical products,8.0,81.1,,9.0,
144,21: manufacture of basic pharmaceutical products and pharmaceutical preparations,4.2,85.5,0.0,10.3,0.0
144,22: manufacture of rubber and plastic products,4.7,84.8,9.0,1.3,
144,23: manufacture of other non-metallic mineral products,8.9,82.2,8.3,,0.0
144,24: manufacture of basic metals,25.1,47.9,4.4,22.6,0.0
144,"25: manufacture of fabricated metal products, except machinery and equipment",5.0,87.1,1.8,5.7,
144,"26: manufacture of computer, electronic and optical products",7.1,91.4,0.0,1.0,
144,27: manufacture of electrical equipment,6.8,90.0,0.0,2.5,
144,28: manufacture of machinery and equipment n.e.c.,7.4,89.9,,1.7,
144,"29: manufacture of motor vehicles, trailers and semi-trailers",11.4,85.1,,3.4,0.0
144,30: manufacture of other transport equipment,3.6,89.5,1.4,4.1,1.4
144,31: manufacture of furniture,1.1,87.8,5.0,,5.5
144,32: other manufacturing,2.4,68.6,0.0,29.0,0.0
144,33: repair and installation of machinery and equipment,,93.0,0.0,6.9,
144,"38: waste collection, treatment and disposal activities; materials recovery",6.5,71.9,7.3,2.2,12.0
144,41: construction of buildings,3.0,78.0,3.6,3.1,12.4
144,42: civil engineering,,85.8,3.5,,9.4
144,43: specialised construction activities,7.2,77.0,1.7,4.2,9.9
144,45: wholesale and retail trade and repair of motor vehicles and motorcycles,11.8,82.6,2.2,3.1,
144,"46: wholesale trade, except of motor vehicles and motorcycles",13.1,75.3,3.3,5.7,2.6
144,"47: retail trade, except of motor vehicles and motorcycles",24.3,63.7,1.6,8.0,2.4
144,49: land transport and transport via pipelines,12.4,71.2,3.5,9.5,3.3
144,52: warehousing and support activities for transportation,11.1,73.9,,7.3,7.5
144,53: postal and courier activities,17.9,81.1,0.0,,
144,55: accommodation,10.3,56.1,15.6,10.0,8.1
144,56: food and beverage service activities,16.5,72.7,2.1,6.1,2.6
144,58: publishing activities,5.3,66.2,0.0,15.7,12.7
144,"59: motion picture, video and television programme production, sound recording and music publishing activities",10.0,71.0,0.0,2.7,16.2
144,61: telecommunications,,75.2,0.0,9.4,15.1
144,"62: computer programming, consultancy and related activities",6.2,82.6,,5.8,5.4
144,63: information service activities,1.0,95.4,0.0,3.0,
144,68: real estate activities,,73.2,2.8,5.6,17.9
144,69: legal and accounting activities,14.7,71.3,2.9,1.1,10.1
144,70: activities of head offices; management consultancy activities,4.3,77.2,2.1,4.4,12.1
144,71: architectural and engineering activities; technical testing and analysis,4.0,72.2,1.9,13.7,8.1
144,72: scientific research and development,0.0,69.7,0.0,10.2,20.1
144,73: advertising and market research,3.6,81.5,6.0,2.3,6.6
144,"74: other professional, scientific and technical activities",12.1,75.3,2.4,4.9,5.3
144,75: veterinary activities,12.1,80.5,0.0,5.8,1.7
144,77: rental and leasing activities,8.1,79.9,3.0,6.0,2.9
144,78: employment activities,2.3,70.8,1.6,5.2,20.0
144,"79: travel agency, tour operator and other reservation service and related activities",3.7,67.7,,3.8,24.1
144,80: security and investigation activities,5.7,62.5,0.0,12.5,19.3
144,81: services to buildings and landscape activities,7.5,77.9,3.4,,10.4
144,"82: office administrative, office support and other business support activities",8.2,63.4,3.2,7.4,17.8
144,85: education,2.7,78.2,1.8,2.8,14.5
144,86: human health activities,1.9,51.6,1.5,,44.4
144,"90: creative, arts and entertainment activities",2.1,72.6,0.0,9.3,16.0
144,"91: libraries, archives, museums and other cultural activities",5.0,92.1,1.4,0.0,1.4
144,93: sports activities and amusement and recreation activities,12.4,71.5,1.3,6.0,8.8
144,95: repair of computers and personal and household goods,9.8,79.1,0.0,11.1,0.0
144,96: other personal service activities,7.8,79.3,0.0,5.1,7.8
144,All businesses,10.3,73.3,2.4,5.6,8.4
146,10: manufacture of food products,16.6,73.4,1.2,8.8,0.0
146,11: manufacture of beverages,26.6,73.4,0.0,0.0,0.0
146,13: manufacture of textiles,19.4,74.4,6.2,0.0,0.0
146,14: manufacture of wearing apparel,21.6,73.9,2.1,2.3,0.0
146,"16: manufacture of wood and of products of wood and cork, except furniture; manufacture of articles of straw and plaiting materials",11.2,86.6,,1.1,
146,17: manufacture of paper and paper products,,94.8,2.3,2.7,0.0
146,18: printing and reproduction of recorded media,8.9,77.4,4.2,9.4,0.0
146,20: manufacture of chemicals and chemical products,2.3,86.9,6.6,4.2,0.0
146,21: manufacture of basic pharmaceutical products and pharmaceutical preparations,0.0,87.3,0.0,12.7,0.0
146,22: manufacture of rubber and plastic products,1.1,92.3,5.5,,
146,23: manufacture of other non-metallic mineral products,,98.5,0.0,1.0,0.0
146,24: manufacture of basic metals,0.0,73.2,4.4,22.5,0.0
146,"25: manufacture of fabricated metal products, except machinery and equipment",6.0,84.0,,9.6,
146,"26: manufacture of computer, electronic and optical products",10.3,83.2,0.0,6.5,0.0
146,27: manufacture of electrical equipment,17.2,78.7,,2.6,
146,28: manufacture of machinery and equipment n.e.c.,4.3,87.1,0.0,5.0,3.7
146,"29: manufacture of motor vehicles, trailers and semi-trailers",0.0,89.5,0.0,10.4,
146,30: manufacture of other transport equipment,2.3,93.6,0.0,2.3,1.7
146,31: manufacture of furniture,5.7,88.3,0.0,1.1,5.0
146,32: other manufacturing,1.5,78.5,0.0,20.0,0.0
146,33: repair and installation of machinery and equipment,,81.7,0.0,9.3,8.4
146,"38: waste collection, treatment and disposal activities; materials recovery",6.0,71.0,14.8,2.2,6.0
146,41: construction of buildings,7.9,69.1,7.4,3.4,12.2
146,42: civil engineering,3.9,82.4,6.7,,6.0
146,43: specialised construction activities,8.4,80.5,1.7,5.1,4.4
146,45: wholesale and retail trade and repair of motor vehicles and motorcycles,12.9,78.2,2.4,4.1,2.3
146,"46: wholesale trade, except of motor vehicles and motorcycles",14.4,73.9,3.4,6.1,2.2
146,"47: retail trade, except of motor vehicles and motorcycles",23.6,62.1,6.5,5.4,2.4
146,49: land transport and transport via pipelines,3.1,78.1,1.6,9.6,7.6
146,52: warehousing and support activities for transportation,5.7,68.6,5.6,5.4,14.7
146,53: postal and courier activities,1.5,76.3,0.0,,21.7
146,55: accommodation,3.7,73.7,16.6,5.1,1.0
146,56: food and beverage service activities,22.4,69.1,,5.6,2.2
146,58: publishing activities,7.2,80.3,0.0,6.0,6.5
146,"59: motion picture, video and television programme production, sound recording and music publishing activities",,63.9,5.4,7.8,22.0
146,61: telecommunications,,81.1,0.0,9.3,9.4
146,"62: computer programming, consultancy and related activities",9.8,76.2,0.0,6.2,7.8
146,63: information service activities,,94.3,0.0,3.2,1.6
146,68: real estate activities,3.3,63.8,3.1,6.8,22.9
146,69: legal and accounting activities,8.3,79.1,,5.0,6.8
146,70: activities of head offices; management consultancy activities,4.5,84.8,,2.7,7.8
146,71: architectural and engineering activities; technical testing and analysis,11.6,71.6,1.9,5.8,9.0
146,72: scientific research and development,0.0,71.8,0.0,8.7,19.6
146,73: advertising and market research,,87.4,3.3,4.9,3.9
146,"74: other professional, scientific and technical activities",,90.4,0.0,3.3,6.0
146,75: veterinary activities,17.2,71.8,0.0,11.0,0.0
146,77: rental and leasing activities,,86.1,0.0,,12.8
146,78: employment activities,2.9,72.4,5.4,3.4,16.0
146,"79: travel agency, tour operator and other reservation service and related activities",3.1,60.7,,13.4,22.0
146,80: security and investigation activities,14.6,72.4,,1.3,11.6
146,81: services to buildings and landscape activities,,82.5,0.0,10.1,6.7
146,"82: office administrative, office support and other business support activities",8.3,66.1,1.5,4.8,19.3
146,85: education,2.7,74.6,0.0,5.4,17.4
146,86: human health activities,5.8,49.8,1.7,1.8,40.9
146,"90: creative, arts and entertainment activities",6.5,69.2,0.0,18.6,5.7
146,"91: libraries, archives, museums and other cultural activities",2.7,79.1,13.0,0.0,5.2
146,93: sports activities and amusement and recreation activities,3.1,79.7,3.7,2.4,11.1
146,95: repair of computers and personal and household goods,0.0,98.7,0.0,1.3,0.0
146,96: other personal service activities,11.7,79.5,0.0,2.9,5.9
146,All businesses,10.8,73.5,2.6,5.3,7.8
148,10: manufacture of food products,12.8,74.1,1.5,7.9,3.7
148,11: manufacture of beverages,0.0,86.8,7.5,5.8,0.0
148,13: manufacture of textiles,15.9,78.6,5.1,,0.0
148,14: manufacture of wearing apparel,2.9,94.4,0.0,2.7,0.0
148,"16: manufacture of wood and of products of wood and cork, except furniture; manufacture of articles of straw and plaiting materials",9.9,79.0,4.8,6.0,
148,17: manufacture of paper and paper products,0.0,94.7,2.4,2.8,0.0
148,18: printing and reproduction of recorded media,8.1,82.7,8.0,1.1,
148,20: manufacture of chemicals and chemical products,10.9,75.8,5.8,7.5,0.0
148,21: manufacture of basic pharmaceutical products and pharmaceutical preparations,8.6,80.5,0.0,10.9,0.0
148,22: manufacture of rubber and plastic products,5.3,86.0,,,7.5
148,23: manufacture of other non-metallic mineral products,7.2,91.2,,1.0,0.0
148,24: manufacture of basic metals,4.0,76.8,0.0,17.1,2.1
148,"25: manufacture of fabricated metal products, except machinery and equipment",2.8,94.6,0.0,2.5,
148,"26: manufacture of computer, electronic and optical products",12.7,86.2,0.0,1.1,0.0
148,27: manufacture of electrical equipment,6.8,90.9,0.0,1.7,
148,28: manufacture of machinery and equipment n.e.c.,6.2,91.9,0.0,1.6,
148,"29: manufacture of motor vehicles, trailers and semi-trailers",,96.8,0.0,2.5,0.0
148,30: manufacture of other transport equipment,,83.8,0.0,2.9,13.0
148,31: manufacture of furniture,,98.9,0.0,,0.0
148,32: other manufacturing,1.2,73.0,,24.5,
148,33: repair and installation of machinery and equipment,17.1,75.9,0.0,6.5,
148,"36: water collection, treatment and supply",0.0,95.1,0.0,2.4,2.4
148,"38: waste collection, treatment and disposal activities; materials recovery",7.0,65.9,6.9,7.0,13.1
148,41: construction of buildings,8.6,63.5,4.9,4.7,18.3
148,42: civil engineering,4.5,76.6,0.0,12.5,6.4
148,43: specialised construction activities,9.8,75.7,,9.6,4.8
148,45: wholesale and retail trade and repair of motor vehicles and motorcycles,4.9,85.2,2.3,5.3,2.3
148,"46: wholesale trade, except of motor vehicles and motorcycles",11.6,79.3,2.0,5.7,1.3
148,"47: retail trade, except of motor vehicles and motorcycles",24.4,61.6,2.9,8.8,2.3
148,49: land transport and transport via pipelines,7.2,83.3,,6.9,2.0
148,52: warehousing and support activities for transportation,12.4,74.4,,,12.1
148,53: postal and courier activities,1.5,96.7,0.0,,
148,55: accommodation,17.6,61.6,8.8,7.2,4.9
148,56: food and beverage service activities,17.0,74.6,1.1,3.9,3.4
148,58: publishing activities,10.8,74.2,0.0,6.2,8.8
148,"59: motion picture, video and television programme production, sound recording and music publishing activities",0.0,56.7,5.1,2.7,35.5
148,61: telecommunications,12.1,66.1,0.0,16.1,5.7
148,"62: computer programming, consultancy and related activities",8.0,79.6,0.0,6.7,5.7
148,63: information service activities,27.2,67.4,0.0,3.1,2.4
148,68: real estate activities,3.0,58.2,2.7,11.8,24.3
148,69: legal and accounting activities,9.7,75.7,1.9,2.0,10.8
148,70: activities of head offices; management consultancy activities,6.5,82.1,2.1,1.1,8.1
148,71: architectural and engineering activities; technical testing and analysis,5.6,81.1,2.0,7.2,4.0
148,72: scientific research and development,1.9,54.6,0.0,11.3,32.2
148,73: advertising and market research,8.5,80.3,0.0,6.8,4.4
148,"74: other professional, scientific and technical activities",11.3,74.6,2.5,,10.7
148,75: veterinary activities,7.3,85.4,,6.6,
148,77: rental and leasing activities,5.1,84.4,2.2,3.0,5.3
148,78: employment activities,4.1,67.8,,5.0,22.4
148,"79: travel agency, tour operator and other reservation service and related activities",10.9,35.9,,12.9,40.1
148,80: security and investigation activities,16.8,71.6,0.0,2.2,9.4
148,81: services to buildings and landscape activities,11.4,73.6,2.2,3.2,9.7
148,"82: office administrative, office support and other business support activities",5.4,67.6,3.2,8.8,15.0
148,85: education,5.1,73.5,0.0,2.8,18.6
148,86: human health activities,3.3,54.5,1.6,,40.1
148,"90: creative, arts and entertainment activities",,87.9,0.0,10.4,1.0
148,"91: libraries, archives, museums and other cultural activities",4.1,69.8,11.4,1.7,13.0
148,93: sports activities and amusement and recreation activities,3.3,83.2,,5.8,7.5
148,95: repair of computers and personal and household goods,2.8,95.6,,,0.0
148,96: other personal service activities,11.3,74.7,2.8,2.8,8.4
148,All businesses,10.6,74.2,1.7,5.4,8.1
150,10: manufacture of food products,13.8,66.6,8.6,7.9,3.1
150,11: manufacture of beverages,53.5,42.8,1.6,2.2,0.0
150,13: manufacture of textiles,23.5,75.8,,,0.0
150,14: manufacture of wearing apparel,23.3,50.9,0.0,25.8,0.0
150,"16: manufacture of wood and of products of wood and cork, except furniture; manufacture of articles of straw and plaiting materials",13.3,83.5,1.2,1.6,
150,17: manufacture of paper and paper products,27.3,66.2,2.4,4.0,0.0
150,18: printing and reproduction of recorded media,2.0,87.6,4.9,5.5,
150,20: manufacture of chemicals and chemical products,19.6,74.8,,4.6,
150,21: manufacture of basic pharmaceutical products and pharmaceutical preparations,18.4,77.0,0.0,4.6,0.0
150,22: manufacture of rubber and plastic products,5.5,90.9,,2.0,
150,23: manufacture of other non-metallic mineral products,21.2,76.9,1.0,1.0,0.0
150,24: manufacture of basic metals,23.5,59.8,0.0,16.7,0.0
150,"25: manufacture of fabricated metal products, except machinery and equipment",8.6,73.8,0.0,15.6,2.0
150,"26: manufacture of computer, electronic and optical products",39.1,54.2,0.0,6.1,
150,27: manufacture of electrical equipment,29.5,57.4,0.0,11.5,1.6
150,28: manufacture of machinery and equipment n.e.c.,17.0,79.7,,2.4,
150,"29: manufacture of motor vehicles, trailers and semi-trailers",4.1,93.8,0.0,1.9,
150,30: manufacture of other transport equipment,55.0,24.9,,,19.4
150,31: manufacture of furniture,13.4,73.7,,12.0,0.0
150,32: other manufacturing,4.1,66.5,0.0,29.0,
150,33: repair and installation of machinery and equipment,10.2,88.7,0.0,1.0,
150,"36: water collection, treatment and supply",0.0,77.4,0.0,20.2,2.4
150,37: sewerage,3.9,96.1,0.0,0.0,0.0
150,"38: waste collection, treatment and disposal activities; materials recovery",37.6,61.3,0.0,1.1,0.0
150,41: construction of buildings,3.3,77.7,2.5,6.9,9.5
150,42: civil engineering,7.3,76.3,0.0,4.6,11.9
150,43: specialised construction activities,9.0,76.6,1.5,5.3,7.6
150,45: wholesale and retail trade and repair of motor vehicles and motorcycles,16.0,72.8,2.3,4.2,4.6
150,"46: wholesale trade, except of motor vehicles and motorcycles",21.5,68.7,3.0,4.8,2.0
150,"47: retail trade, except of motor vehicles and motorcycles",20.9,63.3,4.1,8.6,3.2
150,49: land transport and transport via pipelines,8.8,78.3,3.3,3.0,6.6
150,52: warehousing and support activities for transportation,12.6,69.4,,4.7,13.0
150,53: postal and courier activities,19.6,75.5,1.1,1.5,2.3
150,55: accommodation,7.6,63.0,14.7,4.6,10.1
150,56: food and beverage service activities,18.8,69.0,1.7,5.9,4.5
150,58: publishing activities,19.9,58.8,0.0,7.7,13.6
150,"59: motion picture, video and television programme production, sound recording and music publishing activities",,75.3,0.0,2.3,21.5
150,61: telecommunications,12.2,49.5,1.0,23.6,13.7
150,"62: computer programming, consultancy and related activities",14.5,72.0,,5.5,7.9
150,63: information service activities,14.4,53.8,0.0,17.7,14.2
150,68: real estate activities,5.7,54.6,5.0,7.9,26.8
150,69: legal and accounting activities,14.1,73.4,2.9,1.3,8.3
150,70: activities of head offices; management consultancy activities,7.6,77.4,3.5,1.1,10.3
150,71: architectural and engineering activities; technical testing and analysis,19.5,62.5,1.7,7.6,8.8
150,72: scientific research and development,11.0,42.5,0.0,8.0,38.6
150,73: advertising and market research,17.1,63.6,3.2,5.5,10.7
150,"74: other professional, scientific and technical activities",15.6,71.1,6.0,4.3,3.0
150,75: veterinary activities,24.9,66.9,,7.6,
150,77: rental and leasing activities,16.0,71.0,2.4,7.9,2.7
150,78: employment activities,6.6,64.2,2.6,7.2,19.4
150,"79: travel agency, tour operator and other reservation service and related activities",9.3,64.0,1.5,5.5,19.8
150,80: security and investigation activities,26.6,62.4,0.0,9.0,2.0
150,81: services to buildings and landscape activities,10.0,69.7,2.6,11.8,5.9
150,"82: office administrative, office support and other business support activities",8.9,66.1,4.7,5.6,14.8
150,85: education,11.5,66.9,0.0,5.9,15.7
150,86: human health activities,7.8,49.7,,1.1,40.9
150,"90: creative, arts and entertainment activities",20.7,58.6,0.0,14.7,6.0
150,"91: libraries, archives, museums and other cultural activities",17.8,76.1,1.5,1.6,3.0
150,93: sports activities and amusement and recreation activities,8.5,74.1,1.6,4.1,11.7
150,95: repair of computers and personal and household goods,22.6,76.0,,,0.0
150,96: other personal service activities,13.4,76.2,0.0,5.2,5.2
150,All businesses,14.6,68.5,2.4,5.9,8.7
152,10: manufacture of food products,17.0,69.8,4.6,8.1,
152,11: manufacture of beverages,5.3,93.7,0.0,,
152,13: manufacture of textiles,6.4,92.1,0.0,1.5,0.0
152,14: manufacture of wearing apparel,0.0,81.4,1.4,17.2,0.0
152,"16: manufacture of wood and of products of wood and cork, except furniture; manufacture of articles of straw and plaiting materials",,92.6,,6.0,
152,17: manufacture of paper and paper products,,92.0,1.6,5.6,
152,18: printing and reproduction of recorded media,1.1,76.7,19.8,1.8,
152,20: manufacture of chemicals and chemical products,13.4,71.0,,15.1,
152,21: manufacture of basic pharmaceutical products and pharmaceutical preparations,10.1,78.2,0.0,8.4,3.4
152,22: manufacture of rubber and plastic products,8.3,89.7,0.0,1.4,
152,23: manufacture of other non-metallic mineral products,16.1,82.3,0.0,1.6,0.0
152,24: manufacture of basic metals,10.2,64.3,0.0,25.1,
152,"25: manufacture of fabricated metal products, except machinery and equipment",6.9,80.2,4.1,7.3,1.4
152,"26: manufacture of computer, electronic and optical products",22.9,75.7,0.0,1.1,
152,27: manufacture of electrical equipment,14.5,82.5,0.0,2.3,
152,28: manufacture of machinery and equipment n.e.c.,2.3,93.6,,2.9,
152,"29: manufacture of motor vehicles, trailers and semi-trailers",2.7,91.7,1.6,2.7,1.3
152,30: manufacture of other transport equipment,2.0,92.0,2.0,4.0,0.0
152,31: manufacture of furniture,1.7,91.9,0.0,6.4,0.0
152,32: other manufacturing,10.4,80.4,0.0,8.7,
152,33: repair and installation of machinery and equipment,9.0,73.2,8.1,9.2,
152,"36: water collection, treatment and supply",1.9,92.3,1.9,0.0,3.8
152,37: sewerage,1.3,93.9,,1.3,3.1
152,"38: waste collection, treatment and disposal activities; materials recovery",10.8,51.2,14.2,16.2,7.6
152,41: construction of buildings,6.7,75.6,2.5,4.8,10.4
152,42: civil engineering,5.2,76.4,0.0,5.5,12.9
152,43: specialised construction activities,6.9,79.2,2.5,6.1,5.3
152,45: wholesale and retail trade and repair of motor vehicles and motorcycles,13.2,76.5,1.5,7.5,1.4
152,"46: wholesale trade, except of motor vehicles and motorcycles",15.4,76.4,1.7,4.9,1.6
152,"47: retail trade, except of motor vehicles and motorcycles",19.8,64.9,2.5,10.8,2.0
152,49: land transport and transport via pipelines,10.1,78.6,2.4,4.8,4.1
152,52: warehousing and support activities for transportation,8.2,78.4,,1.6,11.5
152,53: postal and courier activities,20.4,77.8,0.0,,1.5
152,55: accommodation,16.0,69.1,5.5,3.4,6.0
152,56: food and beverage service activities,21.9,68.6,,4.9,4.5
152,58: publishing activities,12.0,74.1,0.0,7.2,6.7
152,"59: motion picture, video and television programme production, sound recording and music publishing activities",1.1,62.3,,8.5,27.6
152,61: telecommunications,18.0,60.1,0.0,15.3,6.5
152,"62: computer programming, consultancy and related activities",10.2,75.5,0.0,7.4,6.9
152,63: information service activities,2.0,69.9,0.0,26.8,1.2
152,68: real estate activities,9.4,49.5,3.0,12.8,25.4
152,69: legal and accounting activities,9.0,77.9,1.0,1.2,11.0
152,70: activities of head offices; management consultancy activities,7.9,78.7,1.8,3.4,8.2
152,71: architectural and engineering activities; technical testing and analysis,7.8,74.4,,5.3,12.4
152,72: scientific research and development,7.3,48.5,,11.3,32.1
152,73: advertising and market research,7.2,79.5,9.2,3.2,
152,"74: other professional, scientific and technical activities",3.5,80.8,5.6,6.5,3.6
152,75: veterinary activities,21.1,77.5,0.0,,
152,77: rental and leasing activities,,85.3,5.2,3.4,5.3
152,78: employment activities,6.1,65.9,,7.3,20.1
152,"79: travel agency, tour operator and other reservation service and related activities",27.8,40.1,,3.4,28.3
152,80: security and investigation activities,15.0,54.7,,20.9,8.9
152,81: services to buildings and landscape activities,7.1,82.4,0.0,3.9,6.6
152,"82: office administrative, office support and other business support activities",5.9,66.6,1.6,4.9,21.1
152,85: education,3.5,80.4,0.0,3.7,12.4
152,86: human health activities,,52.6,1.3,2.4,42.9
152,"90: creative, arts and entertainment activities",6.6,76.4,0.0,5.4,11.6
152,"91: libraries, archives, museums and other cultural activities",11.7,85.2,,1.1,2.0
152,93: sports activities and amusement and recreation activities,10.4,74.3,1.5,4.4,9.4
152,95: repair of computers and personal and household goods,1.2,96.8,,1.0,
152,96: other personal service activities,15.1,74.0,0.0,4.3,6.6
152,All businesses,11.8,72.4,1.7,5.8,8.4
154,10: manufacture of food products,28.2,63.3,1.3,6.8,
154,11: manufacture of beverages,79.0,19.0,0.0,2.0,0.0
154,13: manufacture of textiles,10.1,88.1,1.0,,0.0
154,14: manufacture of wearing apparel,,95.3,1.4,2.8,0.0
154,"16: manufacture of wood and of products of wood and cork, except furniture; manufacture of articles of straw and plaiting materials",33.1,64.5,,1.6,
154,17: manufacture of paper and paper products,4.1,93.6,0.0,2.0,
154,18: printing and reproduction of recorded media,3.2,94.1,,1.8,
154,20: manufacture of chemicals and chemical products,17.1,74.7,,7.3,0.0
154,21: manufacture of basic pharmaceutical products and pharmaceutical preparations,20.3,62.9,0.0,16.8,0.0
154,22: manufacture of rubber and plastic products,10.9,83.3,,5.5,0.0
154,23: manufacture of other non-metallic mineral products,21.2,76.3,,2.3,0.0
154,24: manufacture of basic metals,7.6,66.9,12.5,12.9,0.0
154,"25: manufacture of fabricated metal products, except machinery and equipment",15.3,79.9,0.0,4.8,
154,"26: manufacture of computer, electronic and optical products",7.2,91.2,0.0,1.7,0.0
154,27: manufacture of electrical equipment,12.9,72.9,,9.9,4.2
154,28: manufacture of machinery and equipment n.e.c.,12.8,84.9,,1.8,
154,"29: manufacture of motor vehicles, trailers and semi-trailers",20.1,74.8,1.0,2.4,1.7
154,30: manufacture of other transport equipment,3.5,92.1,1.5,,2.0
154,31: manufacture of furniture,8.7,83.7,6.1,1.5,0.0
154,32: other manufacturing,1.1,87.3,0.0,10.9,
154,33: repair and installation of machinery and equipment,18.9,78.9,,1.4,
154,37: sewerage,21.0,77.1,0.0,0.0,1.9
154,"38: waste collection, treatment and disposal activities; materials recovery",49.0,42.7,6.4,1.8,0.0
154,41: construction of buildings,9.2,73.2,,5.5,11.6
154,42: civil engineering,24.1,71.8,,1.5,2.4
154,43: specialised construction activities,17.9,71.4,,4.1,5.6
154,45: wholesale and retail trade and repair of motor vehicles and motorcycles,19.5,69.5,1.5,8.1,1.4
154,"46: wholesale trade, except of motor vehicles and motorcycles",23.9,65.2,4.0,5.9,1.1
154,"47: retail trade, except of motor vehicles and motorcycles",27.5,60.7,1.6,7.1,3.0
154,49: land transport and transport via pipelines,28.1,57.3,,8.8,5.7
154,52: warehousing and support activities for transportation,33.4,57.3,,1.9,6.9
154,53: postal and courier activities,52.4,45.9,0.0,,1.1
154,55: accommodation,18.7,62.0,9.5,6.4,3.3
154,56: food and beverage service activities,28.5,61.2,1.8,5.3,3.2
154,58: publishing activities,9.7,77.0,0.0,3.8,9.5
154,"59: motion picture, video and television programme production, sound recording and music publishing activities",,55.9,0.0,7.3,36.3
154,61: telecommunications,9.1,65.8,0.0,10.1,15.1
154,"62: computer programming, consultancy and related activities",9.1,79.0,1.3,4.0,6.6
154,63: information service activities,1.1,96.8,0.0,1.0,1.1
154,68: real estate activities,8.1,52.9,3.7,11.7,23.5
154,69: legal and accounting activities,10.6,77.1,1.7,2.9,7.6
154,70: activities of head offices; management consultancy activities,2.4,86.2,4.1,5.0,2.2
154,71: architectural and engineering activities; technical testing and analysis,10.6,75.8,,4.7,8.7
154,72: scientific research and development,,47.0,0.0,12.1,39.9
154,73: advertising and market research,14.3,75.2,0.0,6.1,4.4
154,"74: other professional, scientific and technical activities",14.1,77.3,0.0,5.1,3.5
154,75: veterinary activities,26.7,64.2,,8.9,
154,77: rental and leasing activities,10.5,82.2,0.0,,6.4
154,78: employment activities,13.2,65.0,,8.3,13.0
154,"79: travel agency, tour operator and other reservation service and related activities",14.5,48.6,9.6,13.6,13.7
154,80: security and investigation activities,2.0,78.6,0.0,18.9,
154,81: services to buildings and landscape activities,23.5,63.6,,4.8,7.7
154,"82: office administrative, office support and other business support activities",14.1,64.3,1.9,5.7,14.0
154,85: education,3.4,83.9,0.0,6.7,6.1
154,86: human health activities,5.2,50.0,,7.8,36.9
154,"90: creative, arts and entertainment activities",6.5,75.1,,6.1,12.3
154,"91: libraries, archives, museums and other cultural activities",21.4,73.1,0.0,1.4,4.1
154,93: sports activities and amusement and recreation activities,21.1,69.2,,3.3,6.2
154,95: repair of computers and personal and household goods,19.4,79.2,1.0,,
154,96: other personal service activities,23.9,73.3,0.0,2.8,0.0
154,All businesses,18.4,67.7,1.6,5.6,6.8
156,10: manufacture of food products,17.0,72.9,4.0,5.9,
156,11: manufacture of beverages,77.8,21.8,0.0,,0.0
156,13: manufacture of textiles,16.8,74.2,8.2,,0.0
156,14: manufacture of wearing apparel,0.0,96.4,2.0,1.5,0.0
156,"16: manufacture of wood and of products of wood and cork, except furniture; manufacture of articles of straw and plaiting materials",23.0,69.9,0.0,7.1,0.0
156,17: manufacture of paper and paper products,23.5,75.4,0.0,,
156,18: printing and reproduction of recorded media,6.8,90.5,0.0,1.7,
156,20: manufacture of chemicals and chemical products,27.1,61.2,3.8,4.2,3.8
156,21: manufacture of basic pharmaceutical products and pharmaceutical preparations,10.1,73.9,0.0,16.0,0.0
156,22: manufacture of rubber and plastic products,39.4,46.2,4.1,10.0,
156,23: manufacture of other non-metallic mineral products,24.8,72.7,0.0,2.4,
156,24: manufacture of basic metals,42.7,56.5,0.0,,0.0
156,"25: manufacture of fabricated metal products, except machinery and equipment",27.4,62.6,3.5,6.3,
156,"26: manufacture of computer, electronic and optical products",18.8,74.1,0.0,7.1,0.0
156,27: manufacture of electrical equipment,13.4,83.8,,2.5,
156,28: manufacture of machinery and equipment n.e.c.,12.9,79.4,,6.5,
156,"29: manufacture of motor vehicles, trailers and semi-trailers",12.2,86.0,0.0,,1.0
156,30: manufacture of other transport equipment,,95.1,,3.2,0.0
156,31: manufacture of furniture,14.2,77.8,0.0,8.0,0.0
156,32: other manufacturing,24.7,59.6,,14.4,
156,33: repair and installation of machinery and equipment,29.1,67.9,0.0,2.1,
156,37: sewerage,33.2,66.8,0.0,0.0,0.0
156,"38: waste collection, treatment and disposal activities; materials recovery",70.5,16.9,0.0,11.8,
156,41: construction of buildings,6.0,73.3,,3.1,17.1
156,42: civil engineering,37.1,51.4,0.0,5.4,6.1
156,43: specialised construction activities,20.4,64.1,2.5,7.1,5.9
156,45: wholesale and retail trade and repair of motor vehicles and motorcycles,19.6,70.0,1.2,8.0,1.2
156,"46: wholesale trade, except of motor vehicles and motorcycles",28.3,62.4,1.1,6.8,1.4
156,"47: retail trade, except of motor vehicles and motorcycles",30.4,58.6,1.3,6.6,3.0
156,49: land transport and transport via pipelines,32.6,52.5,2.5,7.9,4.4
156,52: warehousing and support activities for transportation,37.5,51.3,1.2,3.2,6.8
156,53: postal and courier activities,48.0,49.9,,,1.4
156,55: accommodation,20.7,58.7,9.3,4.8,6.5
156,56: food and beverage service activities,34.2,55.2,1.7,6.8,2.1
156,58: publishing activities,10.0,79.5,0.0,2.4,8.1
156,"59: motion picture, video and television programme production, sound recording and music publishing activities",7.1,51.3,,7.4,33.7
156,61: telecommunications,24.1,51.0,0.0,18.3,6.6
156,"62: computer programming, consultancy and related activities",11.4,74.1,1.1,6.5,6.9
156,63: information service activities,3.4,93.8,0.0,,1.9
156,68: real estate activities,5.2,55.6,0.0,21.5,17.6
156,69: legal and accounting activities,18.5,66.7,1.1,2.7,11.1
156,70: activities of head offices; management consultancy activities,7.6,75.7,3.9,3.2,9.5
156,71: architectural and engineering activities; technical testing and analysis,21.5,65.4,0.0,6.8,6.3
156,72: scientific research and development,,42.9,0.0,12.2,44.0
156,73: advertising and market research,16.0,75.2,,2.0,6.6
156,"74: other professional, scientific and technical activities",19.1,72.7,0.0,1.0,7.2
156,75: veterinary activities,16.7,75.2,0.0,7.9,
156,77: rental and leasing activities,15.0,71.9,,6.7,6.0
156,78: employment activities,22.2,48.2,2.3,7.1,20.3
156,"79: travel agency, tour operator and other reservation service and related activities",32.9,41.4,9.5,4.1,12.1
156,80: security and investigation activities,39.0,46.8,0.0,12.9,1.3
156,81: services to buildings and landscape activities,48.9,33.9,3.2,4.0,10.1
156,"82: office administrative, office support and other business support activities",12.0,63.9,,8.2,15.7
156,85: education,9.3,74.4,0.0,4.5,11.8
156,86: human health activities,12.4,44.8,,4.9,37.7
156,"90: creative, arts and entertainment activities",19.0,68.5,0.0,,11.7
156,"91: libraries, archives, museums and other cultural activities",21.9,74.3,,1.0,2.7
156,93: sports activities and amusement and recreation activities,22.3,65.9,,3.1,8.6
156,95: repair of computers and personal and household goods,40.3,58.7,0.0,1.0,0.0
156,96: other personal service activities,18.3,75.4,0.0,0.0,6.2
156,All businesses,23.5,61.3,1.5,6.1,7.5
158,10: manufacture of food products,17.5,72.3,1.4,8.8,
158,11: manufacture of beverages,2.0,97.2,,,0.0
158,13: manufacture of textiles,20.8,73.1,0.0,6.2,0.0
158,14: manufacture of wearing apparel,30.0,69.7,0.0,,0.0
158,"16: manufacture of wood and of products of wood and cork, except furniture; manufacture of articles of straw and plaiting materials",14.6,77.4,0.0,7.5,
158,17: manufacture of paper and paper products,41.6,57.3,0.0,,
158,18: printing and reproduction of recorded media,17.8,71.0,4.8,5.9,
158,20: manufacture of chemicals and chemical products,28.5,54.5,4.3,8.6,4.0
158,21: manufacture of basic pharmaceutical products and pharmaceutical preparations,10.1,72.3,0.0,17.6,0.0
158,22: manufacture of rubber and plastic products,34.4,59.8,0.0,5.7,
158,23: manufacture of other non-metallic mineral products,11.9,84.5,0.0,3.6,0.0
158,24: manufacture of basic metals,37.3,58.9,2.3,1.1,
158,"25: manufacture of fabricated metal products, except machinery and equipment",18.6,69.0,4.8,7.6,0.0
158,"26: manufacture of computer, electronic and optical products",14.8,79.2,0.0,6.1,0.0
158,27: manufacture of electrical equipment,16.9,80.7,0.0,1.7,
158,28: manufacture of machinery and equipment n.e.c.,22.5,74.4,,2.3,
158,"29: manufacture of motor vehicles, trailers and semi-trailers",2.6,93.9,,1.8,
158,30: manufacture of other transport equipment,53.8,40.5,1.2,4.5,0.0
158,31: manufacture of furniture,10.3,84.6,0.0,5.0,0.0
158,32: other manufacturing,0.0,82.1,0.0,17.9,0.0
158,33: repair and installation of machinery and equipment,23.1,69.1,0.0,7.0,
158,"36: water collection, treatment and supply",,,,,4.2
158,"38: waste collection, treatment and disposal activities; materials recovery",45.0,52.9,0.0,2.1,0.0
158,41: construction of buildings,3.2,76.1,,3.4,16.8
158,42: civil engineering,14.3,66.1,0.0,9.8,9.8
158,43: specialised construction activities,14.5,72.2,,7.4,5.0
158,45: wholesale and retail trade and repair of motor vehicles and motorcycles,12.8,70.8,4.0,8.5,4.0
158,"46: wholesale trade, except of motor vehicles and motorcycles",26.5,62.7,1.6,8.6,
158,"47: retail trade, except of motor vehicles and motorcycles",20.8,62.9,3.2,8.1,5.1
158,49: land transport and transport via pipelines,26.0,66.4,,3.8,3.5
158,52: warehousing and support activities for transportation,15.0,76.6,0.0,2.3,6.1
158,53: postal and courier activities,35.8,43.9,16.1,,3.7
158,55: accommodation,22.4,63.6,5.0,4.9,4.1
158,56: food and beverage service activities,28.0,64.2,,6.6,
158,58: publishing activities,1.8,87.2,0.0,3.7,7.3
158,"59: motion picture, video and television programme production, sound recording and music publishing activities",5.3,46.8,,2.1,45.8
158,61: telecommunications,9.1,67.8,0.0,11.2,11.9
158,"62: computer programming, consultancy and related activities",9.7,73.8,0.0,7.6,8.9
158,63: information service activities,1.2,95.3,,1.4,1.9
158,68: real estate activities,1.0,59.2,0.0,19.5,20.2
158,69: legal and accounting activities,9.8,74.2,,5.1,10.1
158,70: activities of head offices; management consultancy activities,6.3,75.0,1.9,3.3,13.6
158,71: architectural and engineering activities; technical testing and analysis,14.1,73.6,1.4,4.4,6.4
158,72: scientific research and development,,53.6,0.0,13.2,32.6
158,73: advertising and market research,3.9,86.9,,2.3,6.5
158,"74: other professional, scientific and technical activities",18.9,66.6,0.0,3.6,10.9
158,75: veterinary activities,,98.8,0.0,,
158,77: rental and leasing activities,10.6,73.8,,4.6,10.6
158,78: employment activities,12.9,62.6,,4.7,19.3
158,"79: travel agency, tour operator and other reservation service and related activities",10.0,67.0,8.4,3.9,10.6
158,80: security and investigation activities,3.9,68.5,,24.8,2.0
158,81: services to buildings and landscape activities,15.5,65.6,2.3,6.3,10.2
158,"82: office administrative, office support and other business support activities",8.6,66.1,3.9,7.7,13.6
158,85: education,6.6,83.8,2.9,1.3,5.5
158,86: human health activities,8.8,44.1,,4.3,42.6
158,"90: creative, arts and entertainment activities",6.5,92.6,,0.0,
158,"91: libraries, archives, museums and other cultural activities",13.9,80.4,,1.3,4.3
158,93: sports activities and amusement and recreation activities,11.3,76.1,,3.2,9.1
158,95: repair of computers and personal and household goods,,99.4,0.0,0.0,
158,96: other personal service activities,21.3,72.7,0.0,3.0,3.0
158,All businesses,17.0,67.7,1.4,6.3,7.7
160,10: manufacture of food products,9.1,77.4,4.9,8.3,
160,11: manufacture of beverages,3.1,96.3,,,0.0
160,13: manufacture of textiles,2.4,96.3,,,
160,14: manufacture of wearing apparel,,98.4,0.0,1.3,0.0
160,"16: manufacture of wood and of products of wood and cork, except furniture; manufacture of articles of straw and plaiting materials",16.5,73.2,,9.3,
160,17: manufacture of paper and paper products,9.4,65.0,0.0,25.3,
160,18: printing and reproduction of recorded media,17.7,74.9,5.6,1.2,
160,20: manufacture of chemicals and chemical products,20.1,59.7,5.2,9.1,5.9
160,21: manufacture of basic pharmaceutical products and pharmaceutical preparations,2.1,86.7,0.0,6.7,4.6
160,22: manufacture of rubber and plastic products,22.2,67.8,,9.2,0.0
160,23: manufacture of other non-metallic mineral products,3.9,93.0,0.0,3.0,
160,24: manufacture of basic metals,24.4,71.1,1.5,2.6,
160,"25: manufacture of fabricated metal products, except machinery and equipment",15.2,77.7,1.8,4.7,
160,"26: manufacture of computer, electronic and optical products",8.2,84.0,,2.3,4.7
160,27: manufacture of electrical equipment,6.7,84.9,0.0,2.1,6.2
160,28: manufacture of machinery and equipment n.e.c.,15.6,81.2,,2.4,
160,"29: manufacture of motor vehicles, trailers and semi-trailers",3.6,93.9,,1.7,
160,30: manufacture of other transport equipment,37.3,56.3,,3.2,2.9
160,31: manufacture of furniture,14.0,75.2,,10.3,0.0
160,32: other manufacturing,14.3,69.8,,15.5,0.0
160,33: repair and installation of machinery and equipment,18.6,78.9,,1.4,
160,"38: waste collection, treatment and disposal activities; materials recovery",21.4,76.8,,,
160,41: construction of buildings,5.4,64.7,8.1,6.7,15.0
160,42: civil engineering,9.0,75.8,4.2,4.4,6.6
160,43: specialised construction activities,12.4,75.8,1.7,5.6,4.4
160,45: wholesale and retail trade and repair of motor vehicles and motorcycles,16.9,74.5,2.9,5.5,
160,"46: wholesale trade, except of motor vehicles and motorcycles",19.3,69.7,2.5,6.6,1.9
160,"47: retail trade, except of motor vehicles and motorcycles",20.8,61.3,6.7,8.5,2.7
160,49: land transport and transport via pipelines,7.3,76.1,3.3,5.4,7.9
160,52: warehousing and support activities for transportation,12.5,74.3,,7.5,5.5
160,53: postal and courier activities,41.8,56.5,,,1.2
160,55: accommodation,11.7,78.0,5.0,3.8,1.6
160,56: food and beverage service activities,13.5,77.0,,5.8,3.0
160,58: publishing activities,8.0,81.9,0.0,9.7,
160,"59: motion picture, video and television programme production, sound recording and music publishing activities",0.0,52.8,,11.0,35.9
160,61: telecommunications,7.9,64.0,,18.9,9.2
160,"62: computer programming, consultancy and related activities",4.8,85.2,,5.8,4.0
160,63: information service activities,2.3,34.9,0.0,41.2,21.5
160,68: real estate activities,,65.1,,10.5,23.5
160,69: legal and accounting activities,10.9,70.9,,5.1,12.2
160,70: activities of head offices; management consultancy activities,4.0,77.7,3.7,6.9,7.7
160,71: architectural and engineering activities; technical testing and analysis,12.6,69.2,,8.3,9.8
160,72: scientific research and development,0.0,60.8,0.0,3.2,36.0
160,73: advertising and market research,19.9,73.9,,2.1,3.7
160,"74: other professional, scientific and technical activities",19.2,67.5,2.3,2.9,8.0
160,75: veterinary activities,1.0,98.1,0.0,,
160,77: rental and leasing activities,4.1,82.0,0.0,8.9,5.0
160,78: employment activities,4.8,69.3,,7.9,17.7
160,"79: travel agency, tour operator and other reservation service and related activities",21.5,66.1,,3.5,8.6
160,80: security and investigation activities,11.1,57.1,0.0,10.6,21.2
160,81: services to buildings and landscape activities,12.3,72.9,2.1,7.3,5.4
160,"82: office administrative, office support and other business support activities",2.9,70.6,2.7,8.4,15.4
160,85: education,2.7,71.8,3.1,3.6,18.8
160,86: human health activities,5.9,44.6,,6.3,43.0
160,"90: creative, arts and entertainment activities",6.9,72.0,0.0,1.0,20.0
160,"91: libraries, archives, museums and other cultural activities",1.6,88.9,5.0,,4.3
160,93: sports activities and amusement and recreation activities,11.9,74.4,1.5,3.3,9.0
160,95: repair of computers and personal and household goods,12.7,86.9,,0.0,
160,96: other personal service activities,14.5,79.5,0.0,3.0,3.1
160,All businesses,12.0,71.7,2.0,6.3,8.0
162,10: manufacture of food products,10.3,77.9,,10.9,
162,11: manufacture of beverages,,99.2,,,0.0
162,13: manufacture of textiles,8.7,84.7,0.0,,6.1
162,"16: manufacture of wood and of products of wood and cork, except furniture; manufacture of articles of straw and plaiting materials",22.0,63.0,6.4,8.1,
162,17: manufacture of paper and paper products,10.1,88.3,0.0,1.1,
162,18: printing and reproduction of recorded media,17.2,71.7,,10.4,
162,20: manufacture of chemicals and chemical products,18.3,70.2,,3.1,7.5
162,21: manufacture of basic pharmaceutical products and pharmaceutical preparations,0.0,84.2,0.0,9.7,6.2
162,22: manufacture of rubber and plastic products,15.4,65.2,12.0,7.3,
162,23: manufacture of other non-metallic mineral products,3.3,84.2,8.4,4.1,0.0
162,24: manufacture of basic metals,19.0,65.3,14.9,,0.0
162,"25: manufacture of fabricated metal products, except machinery and equipment",9.2,80.0,2.2,8.5,
162,"26: manufacture of computer, electronic and optical products",19.6,76.6,0.0,3.9,0.0
162,27: manufacture of electrical equipment,3.8,93.3,,2.0,
162,28: manufacture of machinery and equipment n.e.c.,14.1,82.3,,2.6,
162,"29: manufacture of motor vehicles, trailers and semi-trailers",15.6,79.4,,2.8,1.4
162,30: manufacture of other transport equipment,25.5,68.0,0.0,4.7,1.8
162,31: manufacture of furniture,3.7,88.1,7.1,1.1,0.0
162,32: other manufacturing,1.2,89.0,0.0,9.2,
162,33: repair and installation of machinery and equipment,7.4,89.2,0.0,2.2,1.2
162,"36: water collection, treatment and supply",10.0,71.7,2.5,0.0,15.8
162,"38: waste collection, treatment and disposal activities; materials recovery",45.5,43.2,1.1,9.9,
162,41: construction of buildings,4.0,72.7,4.0,4.5,14.8
162,42: civil engineering,10.3,70.7,0.0,9.2,9.9
162,43: specialised construction activities,8.6,73.8,1.7,9.9,5.9
162,45: wholesale and retail trade and repair of motor vehicles and motorcycles,9.7,75.3,0.0,12.2,2.7
162,"46: wholesale trade, except of motor vehicles and motorcycles",18.1,73.1,1.1,5.5,2.2
162,"47: retail trade, except of motor vehicles and motorcycles",16.6,69.8,3.9,5.9,3.9
162,49: land transport and transport via pipelines,11.9,64.0,3.1,9.1,11.9
162,52: warehousing and support activities for transportation,18.1,64.3,0.0,2.2,15.3
162,53: postal and courier activities,3.1,92.2,1.4,1.4,1.9
162,55: accommodation,10.7,75.0,5.0,6.3,3.0
162,56: food and beverage service activities,15.7,76.3,,6.4,
162,58: publishing activities,3.0,84.9,8.0,3.8,
162,"59: motion picture, video and television programme production, sound recording and music publishing activities",,54.1,,10.0,34.9
162,61: telecommunications,6.5,67.8,0.0,18.7,7.1
162,"62: computer programming, consultancy and related activities",9.2,78.0,1.1,6.3,5.4
162,63: information service activities,2.0,62.9,0.0,16.1,19.0
162,68: real estate activities,,54.3,,22.1,22.7
162,69: legal and accounting activities,7.5,78.6,1.6,4.1,8.2
162,70: activities of head offices; management consultancy activities,4.5,72.7,6.1,7.3,9.4
162,71: architectural and engineering activities; technical testing and analysis,9.4,74.4,1.7,7.0,7.6
162,72: scientific research and development,0.0,47.3,5.6,19.4,27.7
162,73: advertising and market research,8.4,85.0,0.0,1.9,4.7
162,"74: other professional, scientific and technical activities",14.6,74.2,0.0,7.7,3.5
162,75: veterinary activities,,98.5,0.0,,
162,77: rental and leasing activities,5.0,80.5,,5.8,8.2
162,78: employment activities,3.5,74.2,,7.0,14.9
162,"79: travel agency, tour operator and other reservation service and related activities",21.0,61.2,,3.5,14.1
162,80: security and investigation activities,1.7,55.2,13.5,15.5,14.1
162,81: services to buildings and landscape activities,4.1,78.3,,4.1,13.3
162,"82: office administrative, office support and other business support activities",8.8,61.8,2.1,2.4,25.0
162,85: education,6.5,70.1,,1.5,21.9
162,86: human health activities,2.6,51.0,0.0,4.7,41.6
162,"90: creative, arts and entertainment activities",7.7,77.3,6.8,0.0,8.2
162,"91: libraries, archives, museums and other cultural activities",3.0,80.9,12.5,,3.3
162,93: sports activities and amusement and recreation activities,11.1,66.9,1.9,7.6,12.4
162,95: repair of computers and personal and household goods,2.6,96.8,,,
162,96: other personal service activities,7.3,85.7,3.4,0.0,3.6
162,All businesses,10.9,72.5,1.9,6.5,8.3
