wave,breakdown,More than 75%,Between 50% and 75%,Between 25% and 49%,Between 1% and 24%,Not sure,No staff have received training
159,0 - 9,18.5,3.1,6.9,7.3,15.1,49.1
159,10 - 49,6.0,4.7,6.1,27.0,22.1,34.1
159,100 - 249,6.3,4.9,5.9,29.2,35.4,18.2
159,250 +,6.5,3.7,4.8,25.8,46.1,13.1
159,50 - 99,6.9,4.0,6.6,27.9,29.2,25.4
159,Accommodation and food service activities,6.0,,6.4,7.9,25.1,54.4
159,Administrative and support service activities,22.0,,4.2,9.0,15.5,48.5
159,All businesses,16.7,3.4,6.8,10.2,16.6,46.4
159,All size bands excluding 0 - 9,6.1,4.6,6.1,27.2,25.0,31.1
159,Construction,7.1,0.0,9.0,2.4,21.7,59.7
159,Information and communication,22.1,9.0,7.2,4.6,21.2,36.0
159,Manufacturing,3.5,,1.3,30.6,14.1,50.3
159,"Professional, scientific and technical activities",29.9,3.2,5.2,11.3,10.2,40.2
159,Wholesale and retail trade; repair of motor vehicles and motorcycles,6.6,,11.3,10.1,17.8,53.5
165,0 - 9,18.8,2.3,5.5,11.6,11.6,50.2
165,10 - 49,6.5,5.0,6.5,24.4,19.3,38.3
165,100 - 249,7.1,4.6,7.2,30.3,31.5,19.4
165,250 +,7.1,3.5,5.6,25.5,45.9,12.5
165,50 - 99,6.8,5.8,7.9,30.0,27.7,21.7
165,Accommodation and food service activities,0.0,0.0,8.2,23.9,25.4,42.5
165,Administrative and support service activities,6.1,,8.0,12.3,13.1,60.0
165,All businesses,17.0,2.7,5.7,13.7,13.2,47.7
165,All size bands excluding 0 - 9,6.6,5.0,6.7,25.5,22.3,33.9
165,"Arts, entertainment and recreation",10.9,,11.0,17.5,21.8,38.1
165,Construction,6.5,,,13.7,11.3,67.7
165,Information and communication,32.7,6.5,4.1,6.3,12.5,37.8
165,Manufacturing,5.6,4.5,1.7,15.4,11.7,61.1
165,"Professional, scientific and technical activities",27.6,3.0,9.5,8.8,10.3,40.8
165,Wholesale and retail trade; repair of motor vehicles and motorcycles,8.7,4.1,3.5,17.6,7.8,58.4
