wave,breakdown,Cost of compliance with regulations,Difficulty of compliance with regulations,Exposure to copyright related legal risk,Exposure to intellectual property related legal risk,Exposure to data protection related risk,Exposure to legal risk of using artificial intelligence technologies in own sector,Other,Not sure
147,0 - 9,22.8,30.4,39.5,34.4,52.5,15.0,6.5,15.3
147,10 - 49,45.5,29.4,23.2,20.8,40.8,26.2,2.7,15.8
147,100 - 249,27.1,40.5,28.8,28.2,61.0,31.1,0.0,18.2
147,250 +,33.3,53.3,37.8,44.4,68.9,53.3,2.2,11.1
147,50 - 99,36.7,47.1,28.0,26.9,43.3,24.8,2.2,19.2
147,Accommodation and food service activities,94.9,23.1,1.5,19.8,20.0,37.1,17.9,21.9
147,All businesses,26.1,30.6,37.1,32.5,50.8,16.8,5.9,15.5
147,All size bands excluding 0 - 9,43.6,31.9,24.1,21.9,42.2,26.4,2.5,16.2
147,Education,1.9,5.9,45.0,45.0,53.2,8.3,0.0,1.9
147,Human health and social work activities,16.7,32.0,12.8,2.1,40.3,25.4,,21.4
147,Manufacturing,32.2,51.6,26.8,49.8,44.2,13.9,0.0,2.6
153,0 - 9,36.9,48.6,23.3,44.7,48.3,16.5,4.5,13.9
153,10 - 49,33.0,40.3,33.4,27.0,47.0,40.2,3.1,14.3
153,100 - 249,38.8,41.9,42.4,35.4,71.4,28.2,2.0,13.2
153,250 +,34.6,40.1,33.9,33.8,58.6,30.8,1.6,20.1
153,50 - 99,27.9,38.0,24.6,34.7,58.7,30.8,3.2,22.7
153,All businesses,36.2,46.9,25.2,41.9,49.3,20.3,4.1,14.5
153,All size bands excluding 0 - 9,33.4,40.1,33.1,30.5,53.2,35.5,2.5,17.1
153,"Arts, entertainment and recreation",32.6,25.5,56.7,44.7,67.4,32.6,0.0,3.1
153,Education,27.0,26.4,38.4,38.4,69.8,41.2,0.0,29.5
153,Transportation and storage,43.2,22.7,15.0,22.5,50.3,35.3,0.0,17.1
159,0 - 9,19.4,27.7,25.7,37.9,67.3,32.7,0.0,24.7
159,10 - 49,34.6,32.8,34.1,33.9,50.0,31.7,6.8,22.4
159,100 - 249,28.8,38.1,24.4,22.0,55.6,23.3,3.5,21.5
159,250 +,31.2,38.2,35.2,34.2,61.1,26.3,1.7,19.9
159,50 - 99,34.6,45.3,33.0,33.4,67.1,29.5,,14.5
159,Accommodation and food service activities,54.4,30.9,31.9,47.2,51.7,24.0,17.0,4.3
159,All businesses,23.0,30.0,27.9,36.7,64.3,31.8,1.1,23.7
159,All size bands excluding 0 - 9,33.2,36.1,33.9,33.5,55.8,29.2,4.3,20.7
159,"Arts, entertainment and recreation",29.4,24.9,70.6,58.4,79.1,19.2,0.0,0.0
159,Education,1.4,5.4,14.6,22.3,46.7,25.4,0.0,43.1
159,Human health and social work activities,54.1,56.1,15.6,15.8,58.3,36.5,0.0,21.0
159,Manufacturing,33.4,29.6,38.0,37.6,58.9,26.5,0.0,26.0
165,0 - 9,34.6,31.2,42.8,42.3,51.3,37.1,8.9,21.1
165,10 - 49,33.0,38.3,32.7,29.4,62.8,36.9,2.8,20.4
165,100 - 249,25.8,35.5,28.5,32.3,66.2,26.1,1.0,17.0
165,250 +,28.0,37.8,35.4,34.4,59.8,28.9,2.4,21.6
165,50 - 99,25.0,42.8,35.9,37.5,60.9,30.8,1.6,17.5
165,All businesses,34.0,32.2,41.5,40.8,52.8,36.6,8.0,21.0
165,All size bands excluding 0 - 9,30.4,38.4,33.7,31.8,61.8,33.2,2.5,20.4
165,Education,2.6,50.5,13.5,8.8,72.4,15.7,2.3,13.2
165,Human health and social work activities,21.5,28.1,20.3,17.6,90.6,53.2,0.0,2.5
165,"Professional, scientific and technical activities",23.1,42.7,46.1,55.0,67.2,35.5,11.1,14.9
