wave,breakdown,Advanced digital skills,Basic digital skills,Customer service skills,Management or leadership skills,Manual skills,Transferable skills,Other,None of the above
34,0 - 9,7.1,5.7,4.9,6.4,,4.6,,83.7
34,10 - 49,7.1,8.8,14.6,15.0,,9.1,,70.4
34,100 - 249,7.0,8.8,11.7,18.4,,8.9,,70.1
34,250 +,77.3,77.5,77.4,78.9,,77.5,,92.9
34,50 - 99,7.3,8.4,13.0,17.8,,10.3,,69.4
34,Accommodation and food service activities,3.8,7.9,22.2,14.1,,4.7,,69.2
34,Administrative and support service activities,12.2,4.8,2.7,9.2,,8.0,,79.6
34,All businesses,7.3,6.2,6.1,7.5,,5.3,,82.4
34,All size bands excluding 0 - 9,9.3,10.9,16.2,17.4,,11.3,,71.0
34,"Arts, entertainment and recreation",8.5,7.4,4.9,9.1,,3.9,,84.1
34,Construction,1.6,2.5,1.0,3.6,,3.4,,94.1
34,Education,14.2,3.2,1.8,9.1,,8.4,,83.0
34,Human health and social work activities,13.1,10.7,10.7,14.5,,10.6,,78.4
34,Information and communication,14.1,5.9,,6.1,,5.6,,81.2
34,Manufacturing,6.2,5.5,3.7,8.1,,2.9,,87.1
34,Other service activities,,11.9,22.1,12.4,,21.1,,73.1
34,"Professional, scientific and technical activities",7.7,4.7,1.9,6.5,,5.3,,82.7
34,Real estate activities,,1.1,10.2,18.6,,6.1,,80.6
34,Transportation and storage,2.2,10.0,4.7,3.4,,,,89.5
34,Wholesale and retail trade; repair of motor vehicles and motorcycles,8.4,8.1,9.8,6.2,,4.0,,79.2
38,0 - 9,7.7,5.5,4.6,6.4,6.4,4.3,,78.4
38,10 - 49,6.7,7.3,14.0,14.9,9.4,7.7,,65.7
38,100 - 249,8.2,8.0,11.8,15.7,9.2,7.0,,65.7
38,250 +,9.2,7.6,10.1,14.9,9.0,7.5,,67.6
38,50 - 99,8.4,8.3,12.1,17.7,10.6,8.0,,62.8
38,Accommodation and food service activities,2.2,6.6,29.0,11.8,1.0,6.6,,66.1
38,Administrative and support service activities,10.7,5.0,1.4,10.0,4.1,9.8,,73.5
38,All businesses,7.6,5.7,5.5,7.3,6.7,4.6,,77.1
38,All size bands excluding 0 - 9,7.0,7.4,13.6,15.2,9.4,7.7,,65.5
38,"Arts, entertainment and recreation",3.2,4.8,6.5,5.1,6.6,,,83.5
38,Construction,3.5,3.2,1.6,3.2,20.3,3.5,,75.1
38,Human health and social work activities,1.7,6.7,2.8,7.8,0.0,4.8,,83.9
38,Information and communication,19.1,2.6,4.0,7.2,2.8,3.3,,76.3
38,Manufacturing,8.7,5.3,1.6,7.1,10.1,5.3,,77.1
38,Other service activities,5.3,22.5,,9.2,9.3,,,58.8
38,"Professional, scientific and technical activities",8.3,4.8,1.7,7.6,2.3,4.1,,82.5
38,Real estate activities,,12.0,6.4,6.4,0.0,1.8,,86.1
38,Transportation and storage,1.8,3.0,10.2,2.2,6.6,2.6,,84.8
38,Wholesale and retail trade; repair of motor vehicles and motorcycles,7.1,7.0,6.0,7.3,6.0,3.9,,78.4
43,0 - 9,7.6,5.9,5.5,7.3,6.9,3.9,,76.7
43,10 - 49,6.9,6.7,15.8,14.7,10.9,7.2,,62.4
43,100 - 249,8.9,9.2,13.6,19.6,12.3,9.2,,61.8
43,250 +,9.5,8.6,13.0,18.7,9.9,7.7,,63.9
43,50 - 99,8.3,9.9,13.3,19.4,13.6,8.9,,58.6
43,Accommodation and food service activities,1.4,8.2,19.9,10.7,4.1,3.9,,76.3
43,Administrative and support service activities,8.6,2.9,2.6,13.2,7.2,5.7,,73.5
43,All businesses,7.6,6.0,6.5,8.1,7.3,4.3,,75.2
43,All size bands excluding 0 - 9,7.2,7.1,15.4,15.4,11.2,7.5,,62.0
43,"Arts, entertainment and recreation",9.3,4.7,9.4,5.6,,1.1,,83.9
43,Construction,1.3,3.1,2.8,4.1,21.5,3.7,,74.8
43,Education,17.2,17.4,,24.2,,12.8,,68.1
43,Human health and social work activities,2.9,7.3,4.3,2.5,,3.4,,88.2
43,Information and communication,20.4,7.0,4.7,9.8,,3.4,,73.5
43,Manufacturing,7.2,7.1,2.0,8.1,10.9,4.8,,74.3
43,Other service activities,7.2,13.8,13.9,20.6,33.4,7.0,,51.6
43,"Professional, scientific and technical activities",9.0,5.0,1.7,6.5,1.2,2.6,,80.4
43,Real estate activities,14.0,8.4,4.7,8.9,7.2,4.7,,71.6
43,Transportation and storage,,5.1,3.0,3.0,8.1,7.6,,83.6
43,Wholesale and retail trade; repair of motor vehicles and motorcycles,8.3,7.4,14.0,7.5,4.7,4.3,,70.5
47,0 - 9,8.2,5.0,6.4,8.3,5.8,4.6,,76.3
47,10 - 49,7.0,6.9,16.1,15.9,11.6,7.6,,61.4
47,100 - 249,8.4,9.7,11.7,20.9,12.9,9.1,,62.5
47,250 +,10.4,9.1,10.2,16.8,9.1,7.7,,66.9
47,50 - 99,8.9,8.4,14.0,20.5,12.4,9.4,,60.1
47,Accommodation and food service activities,3.1,6.8,28.3,15.1,3.7,5.2,,68.1
47,Administrative and support service activities,10.5,4.8,4.3,11.3,4.0,4.7,,77.6
47,All businesses,8.1,5.2,7.4,9.2,6.4,4.9,,74.7
47,All size bands excluding 0 - 9,7.3,7.3,15.5,16.6,11.6,7.8,,61.5
47,"Arts, entertainment and recreation",6.4,10.6,18.0,10.4,4.8,7.0,,70.8
47,Construction,5.5,2.0,1.0,10.2,22.1,5.7,,69.8
47,Education,1.2,12.9,1.3,13.7,,13.2,,78.7
47,Human health and social work activities,11.9,1.7,9.6,2.6,,1.9,,79.8
47,Information and communication,18.8,5.2,4.0,6.8,,2.2,,76.6
47,Manufacturing,5.1,4.0,3.3,8.2,12.0,3.0,,77.4
47,Other service activities,,,8.4,6.9,6.9,,,78.4
47,"Professional, scientific and technical activities",10.4,6.7,3.0,10.0,2.1,6.6,,76.1
47,Real estate activities,14.7,10.6,19.3,6.8,4.9,6.0,,64.4
47,Transportation and storage,2.9,,6.3,12.1,1.1,8.9,,78.0
47,Wholesale and retail trade; repair of motor vehicles and motorcycles,7.5,6.6,9.9,5.6,5.0,3.2,,76.1
51,0 - 9,7.2,5.8,5.3,6.9,5.9,4.1,,76.8
51,10 - 49,6.7,7.5,16.6,16.2,10.1,6.6,,61.1
51,100 - 249,10.1,9.3,11.8,20.9,12.2,7.5,,60.2
51,250 +,11.1,8.1,10.4,17.8,9.1,6.7,,63.8
51,50 - 99,9.3,8.4,13.3,19.8,11.7,7.0,,59.1
51,Accommodation and food service activities,1.3,6.9,20.9,8.5,1.0,3.7,,71.8
51,Administrative and support service activities,5.5,4.4,4.0,5.5,6.1,4.3,,80.8
51,All businesses,7.2,6.0,6.4,7.9,6.3,4.4,,75.1
51,All size bands excluding 0 - 9,7.2,7.7,15.9,16.8,10.3,6.7,,60.9
51,"Arts, entertainment and recreation",4.9,1.0,6.4,6.7,,1.7,,87.1
51,Construction,3.5,3.6,1.8,8.3,23.3,7.0,,67.8
51,Education,8.6,9.7,2.0,16.2,,1.2,,67.7
51,Human health and social work activities,6.9,15.0,10.5,15.5,,6.6,,64.5
51,Information and communication,20.5,6.0,3.6,9.2,,5.0,,74.5
51,Manufacturing,5.4,6.0,2.1,6.6,10.0,4.4,,74.9
51,Other service activities,0.0,6.9,13.4,,,6.3,,79.9
51,"Professional, scientific and technical activities",10.9,8.0,3.2,10.0,2.1,4.1,,74.8
51,Real estate activities,,1.2,1.3,2.1,10.1,1.6,,86.9
51,Transportation and storage,4.1,4.8,4.2,5.9,9.4,8.4,,76.4
51,Wholesale and retail trade; repair of motor vehicles and motorcycles,7.0,6.2,10.8,6.8,3.3,2.1,,78.2
58,0 - 9,7.7,4.3,5.6,6.5,7.1,3.5,,74.0
58,10 - 49,7.5,6.0,15.3,15.7,12.9,5.6,2.0,56.6
58,100 - 249,9.2,9.0,11.1,21.1,13.7,7.7,1.0,55.4
58,250 +,11.8,9.6,12.8,20.6,11.8,8.1,1.4,57.0
58,50 - 99,8.9,7.5,14.8,21.8,14.3,8.8,1.2,53.3
58,Accommodation and food service activities,,1.0,29.6,13.5,3.4,5.4,,57.7
58,Administrative and support service activities,7.7,7.4,4.6,6.0,2.7,4.0,1.6,74.5
58,All businesses,7.7,4.5,6.6,7.6,7.7,3.7,,72.1
58,All size bands excluding 0 - 9,7.9,6.4,15.0,16.6,13.0,6.1,1.8,56.3
58,"Arts, entertainment and recreation",6.2,,6.1,2.2,8.1,,,77.9
58,Construction,2.0,3.8,3.0,5.8,25.6,2.1,,66.6
58,Education,2.1,2.0,2.0,2.2,,9.3,,85.8
58,Human health and social work activities,1.3,2.2,2.8,8.1,,1.4,2.3,86.5
58,Information and communication,26.3,5.6,4.2,6.3,,2.9,0.0,69.9
58,Manufacturing,9.0,1.5,2.9,11.8,16.3,8.1,,67.5
58,Other service activities,,5.9,17.1,6.1,6.4,,,70.9
58,"Professional, scientific and technical activities",10.0,4.0,1.6,7.5,1.7,3.6,,78.2
58,Real estate activities,12.5,13.4,12.9,18.0,4.2,17.9,0.0,47.3
58,Transportation and storage,1.0,,4.4,9.0,6.1,,1.2,86.9
58,Wholesale and retail trade; repair of motor vehicles and motorcycles,8.5,7.2,7.5,6.7,6.3,3.8,,71.9
69,0 - 9,7.5,4.3,6.7,8.0,8.3,4.6,1.1,72.7
69,10 - 49,7.3,7.3,15.8,16.0,12.0,6.9,1.1,58.5
69,100 - 249,9.4,8.7,13.2,20.5,14.0,7.7,1.3,57.2
69,250 +,11.7,9.6,13.1,18.3,10.5,8.3,1.3,60.7
69,50 - 99,9.0,7.7,14.5,22.4,13.6,8.7,1.2,55.4
69,Accommodation and food service activities,,5.3,35.1,18.9,7.8,9.0,2.1,52.9
69,Administrative and support service activities,7.9,3.6,7.6,6.4,6.7,6.7,,73.8
69,All businesses,7.5,4.6,7.6,9.0,8.7,4.9,1.1,71.1
69,All size bands excluding 0 - 9,7.6,7.4,15.5,16.9,12.2,7.2,1.1,58.3
69,"Arts, entertainment and recreation",6.0,,2.5,1.8,,3.5,,88.2
69,Construction,4.4,2.6,1.9,6.6,22.3,3.6,0.0,69.9
69,Education,1.5,6.1,6.0,7.6,,,,79.8
69,Human health and social work activities,6.7,8.0,10.3,7.6,,11.8,4.6,81.1
69,Information and communication,26.3,3.3,1.9,7.8,1.9,2.7,,67.9
69,Manufacturing,6.6,3.8,2.0,7.0,16.2,6.1,1.6,70.5
69,Other service activities,0.0,9.2,19.7,,9.1,,,70.6
69,"Professional, scientific and technical activities",10.3,5.5,3.2,11.1,4.7,6.3,1.1,73.3
69,Real estate activities,6.1,6.3,4.3,4.7,5.8,6.3,0.0,74.3
69,Transportation and storage,,3.9,1.8,5.7,4.9,,3.7,81.7
69,Wholesale and retail trade; repair of motor vehicles and motorcycles,5.5,5.9,11.1,11.6,8.5,3.7,1.3,69.3
75,0 - 9,8.3,5.6,6.2,7.6,8.7,5.3,,70.7
75,10 - 49,7.5,6.8,16.0,17.6,12.3,7.4,1.4,55.5
75,100 - 249,10.3,8.3,13.7,23.1,14.1,9.4,1.7,52.2
75,250 +,12.2,8.9,12.0,20.3,11.1,7.7,1.4,59.5
75,50 - 99,9.4,8.2,14.5,23.8,14.5,9.3,1.5,50.0
75,Accommodation and food service activities,3.9,4.5,36.2,16.8,10.0,15.7,0.0,48.9
75,Administrative and support service activities,9.7,7.9,3.1,5.6,6.3,8.6,1.7,71.4
75,All businesses,8.3,5.8,7.2,8.8,9.1,5.5,,69.0
75,All size bands excluding 0 - 9,7.9,7.1,15.6,18.4,12.5,7.6,1.4,55.0
75,"Arts, entertainment and recreation",5.9,,11.8,9.9,,4.6,,74.8
75,Construction,2.7,6.7,2.6,7.6,30.2,4.5,0.0,62.2
75,Education,1.6,12.9,1.8,21.3,,2.3,,70.1
75,Human health and social work activities,11.9,2.8,14.3,7.9,6.3,6.6,7.2,70.6
75,Information and communication,24.0,2.5,1.5,11.9,,3.1,0.0,70.3
75,Manufacturing,5.3,8.5,2.2,13.0,12.5,7.7,1.4,63.2
75,Other service activities,,0.0,9.4,5.1,5.1,,0.0,84.6
75,"Professional, scientific and technical activities",11.4,5.8,2.4,8.9,,5.3,,75.3
75,Real estate activities,15.0,,8.2,5.6,,11.3,0.0,71.0
75,Transportation and storage,2.1,3.1,3.2,,12.5,3.3,3.0,78.4
75,Wholesale and retail trade; repair of motor vehicles and motorcycles,7.7,8.1,9.3,7.3,7.1,2.4,1.3,70.1
81,0 - 9,8.2,4.9,5.6,7.7,8.9,4.6,1.1,71.8
81,10 - 49,6.8,6.3,14.9,15.1,13.5,7.2,1.5,57.0
81,100 - 249,9.4,6.5,12.3,19.8,13.3,6.9,1.0,58.2
81,250 +,10.5,8.5,12.6,17.9,11.8,7.6,1.2,60.8
81,50 - 99,9.0,7.2,13.9,19.9,13.5,7.8,1.7,54.3
81,Accommodation and food service activities,,3.8,33.6,15.4,3.2,2.5,,56.4
81,Administrative and support service activities,4.6,4.3,3.8,9.2,8.3,3.7,2.7,72.4
81,All businesses,8.1,5.1,6.6,8.6,9.4,4.9,1.2,70.1
81,All size bands excluding 0 - 9,7.2,6.4,14.6,15.8,13.4,7.3,1.5,57.0
81,"Arts, entertainment and recreation",7.6,2.9,7.9,9.6,2.6,2.8,8.2,69.3
81,Construction,2.2,5.3,2.3,7.9,27.6,8.8,0.0,64.8
81,Education,6.1,6.8,1.3,7.1,6.1,6.2,0.0,73.8
81,Human health and social work activities,12.0,12.6,8.9,9.3,4.2,5.8,4.9,76.1
81,Information and communication,22.9,2.3,1.2,6.3,4.2,5.1,,69.8
81,Manufacturing,10.9,6.0,4.3,9.9,18.6,5.5,,60.6
81,Other service activities,,,1.0,,1.3,,,96.9
81,"Professional, scientific and technical activities",15.9,6.7,2.6,9.1,1.7,5.7,1.6,72.9
81,Real estate activities,0.0,9.3,10.0,10.0,17.7,,,66.6
81,Transportation and storage,2.3,3.8,,2.8,10.7,,2.3,82.4
81,Wholesale and retail trade; repair of motor vehicles and motorcycles,6.0,5.2,9.8,8.7,7.1,4.9,0.0,70.9
87,0 - 9,7.1,4.4,6.1,8.3,8.4,4.9,1.1,69.6
87,10 - 49,7.2,5.5,15.1,16.6,11.9,6.4,1.2,56.1
87,100 - 249,8.3,6.9,13.0,19.2,13.3,7.9,1.6,53.7
87,250 +,10.5,7.3,11.7,17.2,10.6,7.5,,60.7
87,50 - 99,8.1,6.5,13.7,20.3,12.5,8.3,1.5,52.7
87,Accommodation and food service activities,2.0,3.2,29.2,12.7,4.4,4.8,1.8,56.4
87,Administrative and support service activities,4.4,5.7,4.2,9.4,12.9,4.9,,67.1
87,All businesses,7.1,4.5,7.1,9.2,8.8,5.1,1.2,68.1
87,All size bands excluding 0 - 9,7.4,5.7,14.8,17.1,12.0,6.7,1.2,55.8
87,"Arts, entertainment and recreation",3.3,1.0,10.7,8.8,3.4,2.6,,74.4
87,Construction,1.7,5.2,,6.9,26.8,4.0,,62.7
87,Education,14.2,4.7,5.9,6.9,4.7,9.9,4.4,60.0
87,Human health and social work activities,2.2,6.0,10.7,10.8,4.7,8.0,4.0,77.5
87,Information and communication,26.0,2.5,1.5,11.1,1.2,3.5,,66.4
87,Manufacturing,5.0,1.6,3.1,9.1,17.4,5.0,,68.9
87,Other service activities,6.2,7.7,22.5,4.2,4.6,4.3,,58.6
87,"Professional, scientific and technical activities",10.2,3.3,2.5,11.4,1.7,5.6,1.5,74.7
87,Real estate activities,8.9,4.9,2.1,,0.0,8.8,0.0,75.3
87,Transportation and storage,3.6,2.7,,7.3,5.6,5.3,2.0,77.3
87,Wholesale and retail trade; repair of motor vehicles and motorcycles,6.2,7.4,12.7,8.7,6.2,5.9,,67.7
94,0 - 9,6.9,4.8,5.4,6.0,7.5,5.9,,73.5
94,10 - 49,7.2,7.2,14.1,17.2,11.0,6.4,1.8,57.9
94,100 - 249,10.7,7.5,13.0,21.4,12.6,7.6,1.4,54.9
94,250 +,12.9,8.8,12.8,19.6,11.0,8.4,1.3,59.8
94,50 - 99,9.5,8.5,14.8,21.5,12.9,8.2,,54.5
94,Accommodation and food service activities,,8.4,26.5,10.3,6.8,4.2,,62.2
94,Administrative and support service activities,5.4,6.1,3.5,4.7,6.0,3.9,,77.3
94,All businesses,7.0,5.1,6.4,7.3,7.9,6.0,,71.8
94,All size bands excluding 0 - 9,7.7,7.4,14.1,17.8,11.2,6.6,1.7,57.5
94,"Arts, entertainment and recreation",,3.8,6.8,5.6,,7.2,,84.4
94,Construction,2.6,2.6,2.4,7.1,22.5,4.9,0.0,68.3
94,Education,11.4,6.6,1.8,7.1,5.7,2.2,,69.6
94,Human health and social work activities,11.3,12.5,9.1,8.9,3.5,8.2,1.6,73.5
94,Information and communication,20.1,2.3,4.1,6.5,,4.9,,75.3
94,Manufacturing,6.1,4.3,3.2,5.6,15.4,8.8,,71.5
94,Other service activities,7.6,8.8,4.0,1.0,13.4,13.2,,69.1
94,"Professional, scientific and technical activities",14.3,4.4,2.4,10.9,3.7,5.8,1.5,70.0
94,Real estate activities,4.1,4.1,4.9,2.1,,10.0,,80.0
94,Transportation and storage,1.3,1.5,,5.1,8.2,7.0,,80.3
94,Wholesale and retail trade; repair of motor vehicles and motorcycles,2.6,7.1,11.6,6.9,4.0,6.6,1.2,70.8
99,0 - 9,7.1,3.6,4.8,6.6,8.5,4.8,1.2,74.3
99,10 - 49,8.4,6.8,15.2,19.3,10.0,7.5,1.2,59.2
99,100 - 249,10.9,7.9,12.9,24.3,9.5,7.3,,58.6
99,250 +,13.0,8.6,13.0,21.9,9.9,8.5,,59.7
99,50 - 99,11.4,7.6,14.7,22.7,11.2,7.9,1.0,56.2
99,Accommodation and food service activities,1.1,3.4,25.1,7.0,6.6,5.4,,66.8
99,Administrative and support service activities,8.0,5.8,5.7,11.6,5.3,8.7,2.6,70.3
99,All businesses,7.3,4.0,5.9,8.1,8.6,5.1,1.2,72.6
99,All size bands excluding 0 - 9,9.0,7.0,15.0,19.9,10.0,7.6,1.1,58.9
99,"Arts, entertainment and recreation",5.8,3.8,5.5,10.0,6.1,6.1,0.0,77.1
99,Construction,1.2,1.0,1.9,5.4,22.6,2.0,0.0,71.7
99,Education,7.5,7.3,7.5,16.6,,14.6,1.1,75.2
99,Human health and social work activities,1.2,8.5,2.0,10.8,,8.2,,80.0
99,Information and communication,22.9,1.0,2.1,9.4,2.8,5.3,0.0,69.7
99,Manufacturing,6.1,3.3,1.7,6.2,17.8,2.1,,73.6
99,Other service activities,5.2,4.2,1.0,1.1,15.9,0.0,,73.9
99,"Professional, scientific and technical activities",11.1,4.8,2.9,11.1,4.4,5.8,2.5,70.0
99,Real estate activities,1.7,4.7,14.5,6.1,0.0,9.6,0.0,79.0
99,Transportation and storage,4.7,3.9,2.2,6.8,7.8,1.5,,82.1
99,Wholesale and retail trade; repair of motor vehicles and motorcycles,6.4,5.3,8.9,5.6,6.8,5.4,2.1,74.9
103,0 - 9,9.7,5.6,6.1,7.6,8.4,4.6,1.3,69.7
103,10 - 49,8.9,8.2,15.5,18.4,10.5,7.7,1.8,56.4
103,100 - 249,11.1,8.9,14.2,23.6,10.3,8.5,,56.5
103,250 +,11.5,7.6,10.7,20.5,8.8,7.3,,60.9
103,50 - 99,11.1,7.5,15.0,24.3,10.9,8.1,1.0,52.7
103,Accommodation and food service activities,4.1,8.5,28.5,7.8,4.7,2.3,,62.3
103,Administrative and support service activities,12.8,5.4,5.7,8.3,6.3,5.6,2.8,67.9
103,All businesses,9.6,5.9,7.1,8.9,8.6,5.0,1.3,68.2
103,All size bands excluding 0 - 9,9.2,8.2,15.3,19.3,10.5,7.8,1.6,56.2
103,"Arts, entertainment and recreation",11.9,,8.1,2.4,3.4,1.2,,79.7
103,Construction,2.9,3.0,2.4,9.2,26.5,3.3,0.0,64.1
103,Education,19.2,10.9,,17.2,,9.8,,71.6
103,Human health and social work activities,8.1,17.3,9.3,9.4,7.9,8.3,2.1,64.0
103,Information and communication,19.4,3.3,2.4,9.8,1.3,6.3,,67.8
103,Manufacturing,9.7,5.2,6.2,11.4,12.1,5.3,,67.7
103,Other service activities,6.8,7.2,10.9,4.0,10.2,3.6,0.0,64.8
103,"Professional, scientific and technical activities",15.1,4.4,2.7,11.1,3.4,5.0,2.8,68.3
103,Real estate activities,19.0,10.6,4.5,8.3,6.8,8.1,3.4,68.6
103,Transportation and storage,6.1,2.1,3.4,4.0,5.3,1.9,1.7,84.1
103,Wholesale and retail trade; repair of motor vehicles and motorcycles,5.5,9.4,11.1,8.2,5.9,6.7,1.2,69.4
109,0 - 9,9.9,5.4,7.5,7.5,9.5,4.3,,68.6
109,10 - 49,8.9,7.8,16.6,20.0,10.4,8.7,1.2,54.5
109,100 - 249,11.9,9.4,12.9,23.3,10.7,8.7,,55.8
109,250 +,12.7,7.8,11.1,21.0,7.6,7.2,,61.2
109,50 - 99,12.1,7.8,14.3,25.8,11.0,8.9,1.1,52.0
109,Accommodation and food service activities,1.8,4.3,29.1,14.1,7.2,1.7,,58.5
109,Administrative and support service activities,14.4,5.3,5.5,10.3,6.2,5.7,,67.7
109,All businesses,9.9,5.7,8.4,8.9,9.6,4.7,,67.0
109,All size bands excluding 0 - 9,9.4,7.9,16.1,20.7,10.5,8.7,1.2,54.4
109,"Arts, entertainment and recreation",9.5,6.9,15.0,5.3,5.3,8.4,0.0,69.1
109,Construction,1.9,3.3,4.1,6.0,28.1,2.9,0.0,62.3
109,Education,11.1,11.1,11.6,13.0,5.5,6.7,,63.2
109,Human health and social work activities,9.7,18.1,3.2,10.3,,,,77.7
109,Information and communication,31.5,3.1,5.0,9.2,3.5,6.3,2.1,59.2
109,Manufacturing,8.7,4.7,8.9,9.6,23.4,6.2,,57.9
109,Other service activities,4.1,7.9,15.4,5.0,15.0,,3.7,60.9
109,"Professional, scientific and technical activities",14.6,4.9,4.7,11.2,2.6,4.6,2.0,71.4
109,Real estate activities,1.0,5.5,10.9,1.8,0.0,6.4,0.0,81.3
109,Transportation and storage,2.4,5.3,2.3,10.2,6.2,6.9,2.0,77.2
109,Wholesale and retail trade; repair of motor vehicles and motorcycles,6.9,7.8,9.6,6.8,6.2,5.9,,71.3
115,0 - 9,9.3,5.4,5.8,8.7,8.0,4.6,1.0,69.0
115,10 - 49,8.6,7.5,17.7,20.1,11.2,8.0,1.2,54.6
115,100 - 249,11.7,7.4,12.3,22.8,10.8,7.9,1.2,57.7
115,250 +,12.4,6.6,10.7,19.9,7.2,7.0,1.0,62.0
115,50 - 99,11.3,8.1,14.3,25.5,11.3,8.4,1.4,52.0
115,Accommodation and food service activities,3.3,7.6,30.0,12.3,1.4,1.9,0.0,57.7
115,Administrative and support service activities,13.2,6.5,6.1,12.6,6.3,4.8,,64.8
115,All businesses,9.3,5.6,7.0,10.0,8.3,4.9,1.0,67.4
115,All size bands excluding 0 - 9,9.0,7.5,17.0,20.7,11.2,8.1,1.2,54.6
115,"Arts, entertainment and recreation",4.9,2.5,6.8,8.5,10.6,3.3,2.1,75.2
115,Construction,4.9,4.5,2.2,8.4,27.4,5.9,,61.5
115,Education,23.3,11.3,1.2,13.5,,12.5,,51.4
115,Human health and social work activities,1.1,21.1,10.4,15.9,,1.6,,66.4
115,Information and communication,21.8,2.8,3.1,9.5,1.4,5.1,2.9,66.2
115,Manufacturing,8.8,4.5,4.3,11.8,14.4,7.2,3.4,65.6
115,Other service activities,3.8,,5.1,7.8,11.9,,,75.4
115,"Professional, scientific and technical activities",14.2,5.0,3.3,11.0,2.0,6.1,1.4,68.3
115,Real estate activities,1.8,5.0,12.2,17.0,4.4,4.2,0.0,69.3
115,Transportation and storage,2.5,7.4,5.3,3.4,4.1,3.6,1.6,77.2
115,Wholesale and retail trade; repair of motor vehicles and motorcycles,6.7,6.2,8.8,8.1,6.5,4.9,,73.3
121,0 - 9,10.8,5.0,6.6,7.8,8.9,5.0,,68.1
121,10 - 49,8.0,7.1,15.9,20.2,10.4,7.6,1.4,57.2
121,100 - 249,13.6,9.0,11.5,23.2,10.2,8.9,1.1,55.5
121,250 +,11.9,7.4,11.6,19.0,7.3,7.5,1.2,62.3
121,50 - 99,10.9,8.6,15.2,26.9,10.9,9.0,1.2,52.6
121,Accommodation and food service activities,3.2,2.8,30.7,11.5,4.8,5.2,3.7,60.8
121,Administrative and support service activities,14.7,5.5,6.3,8.3,5.7,4.9,,67.4
121,All businesses,10.5,5.2,7.5,9.2,9.0,5.3,,66.9
121,All size bands excluding 0 - 9,8.6,7.3,15.6,21.0,10.4,7.8,1.4,56.8
121,"Arts, entertainment and recreation",5.2,5.1,5.8,10.8,2.3,8.8,2.2,75.7
121,Construction,2.4,2.3,,8.6,29.5,2.7,0.0,63.4
121,Education,11.4,5.8,1.2,8.0,,5.7,,74.4
121,Human health and social work activities,15.6,16.6,8.9,12.6,9.5,6.8,,61.6
121,Information and communication,27.3,2.9,5.0,11.2,,3.7,,67.1
121,Manufacturing,5.9,8.5,4.0,10.5,14.9,6.0,,65.2
121,Other service activities,3.7,,3.6,6.7,3.9,3.0,0.0,89.1
121,"Professional, scientific and technical activities",17.2,6.6,4.7,11.7,4.0,6.6,,64.8
121,Real estate activities,11.1,5.4,11.2,11.7,,6.5,,76.2
121,Transportation and storage,6.9,2.2,3.9,4.5,6.8,7.8,,72.7
121,Wholesale and retail trade; repair of motor vehicles and motorcycles,6.3,7.0,11.9,5.9,8.0,5.5,1.3,66.6
127,0 - 9,9.7,4.2,5.9,7.0,8.8,4.8,,69.6
127,10 - 49,9.5,7.7,16.1,19.4,10.6,8.2,,55.0
127,100 - 249,13.2,8.1,11.6,23.7,10.7,8.1,1.1,54.7
127,250 +,12.8,7.4,10.6,17.8,7.0,6.0,1.2,63.1
127,50 - 99,12.0,8.8,14.4,25.8,10.1,8.0,,52.8
127,Accommodation and food service activities,2.6,4.9,24.6,7.8,2.0,2.5,,64.6
127,Administrative and support service activities,15.5,8.3,5.5,12.9,7.5,10.5,3.3,61.2
127,All businesses,9.8,4.6,7.0,8.4,9.0,5.2,,68.0
127,All size bands excluding 0 - 9,10.0,7.8,15.6,20.2,10.5,8.1,,54.8
127,"Arts, entertainment and recreation",10.3,5.3,6.9,6.5,5.1,7.6,,76.7
127,Construction,3.5,2.6,3.5,6.3,23.4,3.9,0.0,66.2
127,Education,16.2,15.8,25.6,21.9,,10.4,0.0,47.3
127,Human health and social work activities,24.7,11.0,4.6,4.8,,2.5,,68.7
127,Information and communication,19.8,2.1,1.8,7.1,,4.5,,74.0
127,Manufacturing,7.1,4.7,2.3,9.7,21.7,3.5,,62.1
127,Other service activities,,4.0,14.5,4.3,10.8,6.8,4.6,66.4
127,"Professional, scientific and technical activities",13.5,4.0,2.6,10.7,1.5,5.9,,71.0
127,Real estate activities,12.7,5.4,1.7,6.1,8.7,1.2,4.2,67.3
127,Transportation and storage,5.8,3.5,2.2,5.8,14.9,6.2,,69.7
127,Wholesale and retail trade; repair of motor vehicles and motorcycles,7.8,4.6,10.4,7.6,8.6,4.4,,69.9
133,0 - 9,8.8,6.0,7.1,7.7,7.3,4.8,1.2,70.5
133,10 - 49,9.8,7.9,17.0,20.6,10.1,7.6,,55.6
133,100 - 249,15.1,9.6,12.1,25.6,11.7,8.9,1.5,53.0
133,250 +,13.5,7.7,10.8,19.7,7.1,6.7,1.3,61.9
133,50 - 99,14.2,8.8,16.0,24.1,10.6,8.5,1.3,51.4
133,Accommodation and food service activities,5.0,6.9,26.5,15.7,7.0,9.3,0.0,56.3
133,Administrative and support service activities,11.3,6.4,7.0,9.0,6.2,5.8,,65.4
133,All businesses,9.0,6.2,8.1,9.1,7.6,5.1,1.2,68.9
133,All size bands excluding 0 - 9,10.5,8.1,16.6,21.2,10.2,7.8,,55.1
133,"Arts, entertainment and recreation",8.3,2.7,5.4,5.7,2.4,2.4,,83.1
133,Construction,1.1,3.3,2.3,5.8,21.2,3.3,,72.2
133,Education,2.2,15.5,15.5,24.7,0.0,9.4,0.0,66.4
133,Human health and social work activities,7.4,2.5,20.0,14.1,5.7,1.9,,71.4
133,Information and communication,16.4,1.6,3.7,7.0,1.4,5.2,,73.5
133,Manufacturing,4.7,2.7,2.3,9.2,16.2,6.7,6.5,61.4
133,Other service activities,10.6,10.8,4.3,11.1,,,3.4,73.9
133,"Professional, scientific and technical activities",16.4,8.1,3.1,8.0,1.8,6.7,1.1,67.4
133,Real estate activities,4.4,7.4,7.6,7.9,3.6,7.5,0.0,76.6
133,Transportation and storage,6.4,3.8,6.5,13.5,7.5,3.7,,70.9
133,Wholesale and retail trade; repair of motor vehicles and motorcycles,8.5,10.1,13.6,7.7,6.0,3.8,1.4,70.3
139,0 - 9,10.7,5.9,6.4,7.4,5.5,4.5,1.3,71.6
139,10 - 49,9.0,7.5,15.5,17.3,10.8,8.0,1.3,57.1
139,100 - 249,15.1,8.4,11.2,22.4,11.6,8.5,,54.2
139,250 +,14.6,7.9,11.7,20.1,6.3,7.1,1.2,60.3
139,50 - 99,14.5,7.9,14.0,24.7,11.1,7.9,,51.8
139,Accommodation and food service activities,6.3,9.1,26.2,16.6,4.7,9.7,,60.6
139,Administrative and support service activities,11.5,9.1,6.0,10.5,3.0,4.8,2.2,67.7
139,All businesses,10.6,6.0,7.3,8.6,6.1,4.9,1.3,70.0
139,All size bands excluding 0 - 9,9.9,7.6,15.1,18.3,10.8,8.0,1.2,56.5
139,"Arts, entertainment and recreation",5.7,4.8,3.9,2.4,,1.0,2.2,86.4
139,Construction,1.5,2.4,1.2,5.0,17.9,2.3,0.0,76.2
139,Education,13.5,7.1,13.1,3.0,0.0,13.4,,59.1
139,Human health and social work activities,16.6,7.8,13.7,7.8,5.5,11.3,5.5,62.5
139,Information and communication,22.2,3.6,2.1,8.7,,1.5,2.7,68.1
139,Manufacturing,13.7,3.6,1.6,9.5,14.0,2.0,1.5,61.5
139,Other service activities,4.6,9.2,10.2,5.6,,5.0,6.9,73.1
139,"Professional, scientific and technical activities",14.9,6.5,4.8,8.7,2.4,5.3,1.2,68.5
139,Real estate activities,5.2,5.3,5.3,10.3,4.8,9.1,0.0,83.9
139,Transportation and storage,2.6,4.8,5.2,3.4,3.4,2.9,2.4,79.5
139,Wholesale and retail trade; repair of motor vehicles and motorcycles,12.4,7.4,11.1,9.4,5.5,5.8,,69.7
145,0 - 9,11.6,5.9,6.6,9.5,8.9,5.6,1.5,67.5
145,10 - 49,10.8,8.6,15.5,19.5,10.2,7.7,1.6,55.7
145,100 - 249,17.1,9.3,11.6,25.2,11.1,7.6,1.0,52.2
145,250 +,14.9,8.2,12.2,18.4,6.4,6.5,1.5,60.9
145,50 - 99,15.0,8.5,14.4,24.7,10.3,7.8,1.0,51.5
145,Accommodation and food service activities,7.0,4.5,26.5,15.0,6.9,8.5,3.7,59.4
145,Administrative and support service activities,9.7,6.0,6.3,10.0,7.0,7.2,,70.0
145,All businesses,11.6,6.1,7.5,10.6,9.0,5.8,1.5,66.3
145,All size bands excluding 0 - 9,11.6,8.6,15.2,20.3,10.2,7.7,1.5,55.2
145,"Arts, entertainment and recreation",12.7,6.5,6.1,13.1,2.7,4.5,1.6,72.8
145,Construction,2.9,4.8,2.1,7.3,26.5,3.8,,63.8
145,Education,12.4,1.7,,12.9,6.1,1.1,0.0,72.7
145,Human health and social work activities,6.5,2.3,11.7,12.8,,2.0,,70.3
145,Information and communication,25.7,3.3,4.8,13.2,,4.3,1.9,62.0
145,Manufacturing,8.1,8.0,5.7,10.9,21.0,4.3,1.0,58.2
145,Other service activities,13.6,5.1,9.8,1.0,16.9,8.3,0.0,59.6
145,"Professional, scientific and technical activities",15.5,6.9,3.1,11.1,3.4,8.2,1.9,69.6
145,Real estate activities,1.6,4.9,5.8,5.8,9.4,,,77.5
145,Transportation and storage,11.6,10.4,2.0,14.4,7.4,9.0,1.3,69.9
145,Wholesale and retail trade; repair of motor vehicles and motorcycles,13.7,8.3,13.0,9.9,4.8,5.2,1.9,66.1
151,0 - 9,10.5,6.3,8.4,9.1,10.7,5.0,1.3,66.2
151,10 - 49,11.2,9.3,16.5,19.1,10.2,8.7,1.1,54.3
151,100 - 249,15.7,9.1,12.7,24.1,10.6,9.2,1.3,52.5
151,250 +,16.2,7.1,10.9,19.1,6.9,6.2,1.5,60.5
151,50 - 99,14.7,8.9,14.6,24.5,10.8,8.0,1.2,51.3
151,Accommodation and food service activities,6.3,6.6,27.1,15.5,6.1,8.5,,63.0
151,Administrative and support service activities,10.1,5.3,7.0,9.6,7.3,5.8,1.1,69.5
151,All businesses,10.7,6.6,9.2,10.2,10.7,5.4,1.3,64.9
151,All size bands excluding 0 - 9,11.8,9.3,16.1,19.9,10.2,8.6,1.1,54.0
151,"Arts, entertainment and recreation",14.4,4.4,8.3,10.2,7.9,3.1,,75.1
151,Construction,3.0,6.6,1.7,8.3,31.1,3.4,,57.0
151,Education,21.4,7.4,7.0,21.1,6.7,13.6,0.0,49.8
151,Human health and social work activities,1.5,4.3,3.9,3.3,1.0,2.4,4.6,86.9
151,Information and communication,23.6,3.7,4.0,9.4,2.2,8.7,,64.7
151,Manufacturing,6.2,7.8,4.9,11.1,18.8,3.2,3.2,67.4
151,Other service activities,7.1,7.1,22.3,1.1,17.7,3.4,3.0,56.4
151,"Professional, scientific and technical activities",19.1,5.3,4.1,11.4,3.3,7.6,1.5,65.7
151,Real estate activities,11.8,1.3,5.3,1.8,3.8,,0.0,78.7
151,Transportation and storage,7.9,11.3,14.7,10.8,6.4,,,69.4
151,Wholesale and retail trade; repair of motor vehicles and motorcycles,7.5,9.8,15.9,11.5,8.7,5.0,1.7,63.1
157,0 - 9,13.5,4.4,6.6,6.8,7.3,3.9,1.0,68.1
157,10 - 49,15.7,9.1,15.4,17.5,11.7,6.8,,54.3
157,100 - 249,24.3,8.9,13.4,21.7,10.5,8.0,1.0,49.7
157,250 +,24.6,8.4,9.9,18.1,7.7,8.0,1.0,55.7
157,50 - 99,22.7,9.1,13.8,22.1,10.3,7.7,,50.5
157,Accommodation and food service activities,1.2,6.4,14.1,10.6,6.9,7.4,,71.6
157,Administrative and support service activities,11.9,3.0,5.0,6.5,4.9,5.1,1.9,73.0
157,All businesses,13.9,4.9,7.5,8.0,7.8,4.2,1.0,66.5
157,All size bands excluding 0 - 9,17.0,9.1,15.0,18.2,11.4,7.0,,53.7
157,"Arts, entertainment and recreation",22.9,4.0,17.1,17.3,7.3,16.0,,58.6
157,Construction,6.1,5.4,1.8,7.4,17.6,2.0,0.0,68.0
157,Education,37.9,6.1,15.5,1.7,5.0,10.9,0.0,50.2
157,Human health and social work activities,11.0,9.2,11.3,16.0,7.0,2.2,,65.7
157,Information and communication,31.0,2.8,4.2,12.9,1.4,2.4,,62.3
157,Manufacturing,14.0,2.5,12.4,5.2,22.0,2.7,0.0,55.6
157,Other service activities,4.5,4.4,6.9,4.6,11.6,1.0,0.0,72.3
157,"Professional, scientific and technical activities",24.3,4.7,4.5,7.9,2.3,3.1,,65.1
157,Real estate activities,6.1,5.4,5.4,1.2,4.0,,0.0,79.8
157,Transportation and storage,1.0,2.1,5.7,6.7,8.3,2.3,3.3,74.3
157,Wholesale and retail trade; repair of motor vehicles and motorcycles,10.9,6.8,11.7,6.3,5.8,5.8,2.5,64.6
