wave,breakdown,Industry/Size band,"Yes, the business was able to get the materials, goods or services it needed","Yes, but the business had to change suppliers or find alternative solutions","No, the business was not able to get the materials, goods or services needed",Not applicable
7,Currently trading,,43.4,19.2,9.2,28.1
8,Currently trading,,52.3,12.4,8.1,27.2
9,Currently trading,,46.4,15.4,8.4,29.7
10,Currently trading,,55.0,14.2,7.5,23.3
11,Currently trading,,55.1,13.8,8.5,22.7
12,Currently trading,,54.2,9.9,8.7,27.3
13,Currently trading,,52.6,13.2,9.2,25.0
15,Currently trading,,54.0,12.7,7.5,25.9
17,Currently trading,,43.7,17.5,6.3,32.5
19,Currently trading,,52.2,10.2,4.8,32.8
21,Currently trading,,50.3,9.7,4.2,35.8
22,Currently trading,,46.6,7.9,3.9,41.7
23,Currently trading,,44.3,7.0,6.2,42.5
24,Currently trading,,46.1,7.0,4.3,42.7
25,Currently trading,,44.2,5.2,3.4,47.1
35,Currently trading,,42.0,8.4,6.9,42.8
35,Not permanently stopped trading,,38.6,7.9,6.6,46.9
37,Currently trading,,38.0,9.6,7.3,45.1
37,Not permanently stopped trading,,35.6,8.9,7.1,48.4
39,Currently trading,,37.0,10.2,8.4,44.3
39,Not permanently stopped trading,,34.3,10.0,8.2,47.5
42,Currently trading,,44.9,11.1,6.8,37.3
42,Not permanently stopped trading,,43.0,10.8,6.9,39.2
44,Currently trading,,45.4,11.6,5.6,37.4
44,Not permanently stopped trading,,43.3,11.2,5.7,39.8
44,Temporarily closed or paused trading,,7.5,5.7,7.6,79.2
46,Currently trading,,50.4,10.8,4.0,34.8
46,Not permanently stopped trading,,48.3,10.7,4.1,36.9
46,Temporarily closed or paused trading,,11.1,8.4,6.6,73.9
48,Currently trading,,43.5,11.4,3.9,41.1
48,Not permanently stopped trading,,42.0,11.2,4.2,42.6
48,Temporarily closed or paused trading,,15.4,7.6,8.8,68.2
50,Currently trading,,44.7,10.8,5.0,39.4
50,Not permanently stopped trading,,43.1,10.4,5.0,41.5
50,Temporarily closed or paused trading,,9.0,1.8,5.1,84.2
52,Currently trading,,48.2,10.4,3.5,38.0
52,Not permanently stopped trading,,46.2,9.9,4.0,39.9
54,Currently trading,,44.1,14.7,4.9,36.3
54,Not permanently stopped trading,,42.6,14.1,4.9,38.4
54,Temporarily closed or paused trading,,8.6,1.5,3.8,86.0
56,Currently trading,,45.2,12.8,5.0,37.0
56,Not permanently stopped trading,,43.7,12.2,5.0,39.1
58,Currently trading,,47.0,13.5,5.2,34.3
58,Not permanently stopped trading,,45.4,13.2,5.2,36.2
61,Currently trading,,46.2,15.6,5.2,33.0
61,Not permanently stopped trading,,45.2,15.4,5.0,34.4
62,Currently trading,,48.6,14.9,5.3,31.1
62,Not permanently stopped trading,,46.9,14.5,5.3,33.4
63,Currently trading,,48.0,12.5,5.0,34.5
63,Not permanently stopped trading,,46.7,12.2,4.8,36.4
64,Currently trading,,48.5,13.8,4.7,33.0
64,Not permanently stopped trading,,46.8,13.5,4.5,35.2
66,Currently trading,,48.5,14.3,5.9,31.3
66,Not permanently stopped trading,,47.2,13.6,6.0,33.2
68,Currently trading,,48.1,14.5,4.9,32.5
68,Not permanently stopped trading,,46.9,14.0,4.8,34.3
70,Currently trading,,47.5,13.7,5.1,33.6
70,Not permanently stopped trading,,46.3,13.3,5.2,35.2
72,Currently trading,,50.9,12.9,5.3,30.9
72,Not permanently stopped trading,,49.4,12.5,5.1,32.9
73,Currently trading,,52.3,12.2,4.5,31.0
73,Not permanently stopped trading,,50.5,11.7,4.7,33.2
75,Currently trading,,50.6,11.7,4.1,33.6
75,Not permanently stopped trading,,49.5,11.5,3.9,35.1
77,Currently trading,,50.1,11.4,5.1,33.4
77,Not permanently stopped trading,,49.0,11.1,5.1,34.8
79,Currently trading,,56.4,10.9,3.3,29.4
79,Not permanently stopped trading,,54.9,10.7,3.4,31.0
81,Currently trading,,56.7,8.7,3.8,30.9
81,Not permanently stopped trading,,55.4,8.7,3.8,32.1
83,Currently trading,,55.2,9.9,4.4,30.5
83,Not permanently stopped trading,,54.2,9.7,4.5,31.6
85,Currently trading,,58.0,9.5,2.8,29.7
85,Not permanently stopped trading,,56.1,9.2,3.0,31.6
88,Currently trading,,58.3,6.2,1.7,33.8
88,Not permanently stopped trading,,56.6,6.0,1.8,35.6
90,Currently trading,,57.3,7.3,3.2,32.2
90,Not permanently stopped trading,,55.6,7.2,3.4,33.7
92,Currently trading,,62.5,6.9,1.9,28.6
92,Not permanently stopped trading,,61.1,6.7,1.9,30.3
94,Currently trading,,61.9,6.3,3.0,28.8
94,Not permanently stopped trading,,60.4,6.2,2.9,30.4
96,Currently trading,,58.7,6.1,3.3,32.0
96,Not permanently stopped trading,,57.5,6.0,3.3,33.1
98,Currently trading,,60.7,6.4,2.8,30.1
98,Not permanently stopped trading,,59.2,6.3,2.9,31.7
99,Currently trading,,63.1,5.7,2.8,28.4
99,Not permanently stopped trading,,62.1,5.6,2.9,29.4
101,Currently trading,,62.0,5.5,3.4,29.1
101,Not permanently stopped trading,,60.7,5.3,3.4,30.6
102,Currently trading,,60.6,6.3,2.6,30.5
102,Not permanently stopped trading,,58.9,6.1,2.5,32.5
104,Currently trading,,60.7,5.3,2.6,31.4
104,Not permanently stopped trading,,59.1,5.0,2.7,33.2
106,Currently trading,,61.8,5.0,2.7,30.6
106,Not permanently stopped trading,,60.0,4.9,2.8,32.3
108,Currently trading,,61.1,5.2,2.0,31.6
108,Not permanently stopped trading,,59.9,5.1,2.4,32.6
110,Currently trading,,62.8,6.3,1.7,29.2
110,Not permanently stopped trading,,61.5,6.1,1.9,30.5
112,Currently trading,,63.6,4.4,3.2,28.8
112,Not permanently stopped trading,,61.8,4.4,3.2,30.6
114,Currently trading,,64.7,4.4,2.7,28.3
114,Not permanently stopped trading,,62.9,4.3,3.0,29.8
116,Currently trading,,63.3,5.7,2.5,28.6
116,Not permanently stopped trading,,61.5,5.5,2.6,30.3
118,Currently trading,,58.1,5.9,4.0,32.0
118,Not permanently stopped trading,,56.3,5.7,4.1,34.0
120,Currently trading,,58.7,5.6,2.1,33.6
120,Not permanently stopped trading,,57.1,5.6,2.2,35.1
122,Currently trading,,59.1,5.1,2.4,33.3
122,Not permanently stopped trading,,57.1,4.9,2.5,35.5
124,Currently trading,,57.4,4.7,3.3,34.6
124,Not permanently stopped trading,,55.7,4.6,3.4,36.3
126,Currently trading,,57.6,5.9,3.0,33.5
126,Not permanently stopped trading,,56.2,5.7,3.1,35.1
128,Currently trading,,57.9,6.4,2.8,32.9
128,Not permanently stopped trading,,56.4,6.2,2.9,34.5
130,Currently trading,,55.2,6.4,3.1,35.3
130,Not permanently stopped trading,,53.7,6.2,3.0,37.2
132,Currently trading,,56.8,5.6,2.8,34.7
132,Not permanently stopped trading,,55.2,5.6,3.0,36.2
134,Currently trading,,57.1,5.7,3.2,34.0
134,Not permanently stopped trading,,55.5,5.5,3.1,35.8
136,Currently trading,,57.4,6.6,3.2,32.9
136,Not permanently stopped trading,,55.4,6.4,3.1,35.0
138,Currently trading,,57.2,6.1,2.3,34.4
138,Not permanently stopped trading,,55.8,6.0,2.2,35.9
140,Currently trading,,58.4,4.9,2.8,33.9
140,Not permanently stopped trading,,57.0,4.8,2.9,35.4
142,Currently trading,,58.2,6.0,2.8,33.0
142,Not permanently stopped trading,,56.9,5.9,2.7,34.4
144,Currently trading,,58.6,6.1,2.4,32.9
144,Not permanently stopped trading,,57.0,5.9,2.4,34.7
146,Currently trading,,56.7,6.9,2.8,33.7
146,Not permanently stopped trading,,55.0,6.7,2.8,35.5
148,Currently trading,,57.5,5.5,3.0,34.1
148,Not permanently stopped trading,,55.5,5.6,3.1,35.9
150,Currently trading,,56.2,4.5,4.2,35.1
150,Not permanently stopped trading,,54.6,4.4,4.3,36.6
152,Currently trading,,57.0,5.4,2.5,35.1
152,Not permanently stopped trading,,55.1,5.3,2.4,37.2
154,Currently trading,,53.0,8.7,2.6,35.7
154,Not permanently stopped trading,,52.1,8.5,2.7,36.7
156,Currently trading,,55.8,6.7,1.8,35.6
156,Not permanently stopped trading,,54.3,6.8,1.9,36.9
158,Currently trading,,55.9,6.7,2.3,35.1
158,Not permanently stopped trading,,54.5,6.5,2.2,36.7
160,Currently trading,,54.0,6.9,2.2,36.9
160,Not permanently stopped trading,,52.6,6.7,2.3,38.4
162,Currently trading,,55.6,6.5,2.8,35.1
162,Not permanently stopped trading,,54.1,6.4,2.8,36.7
164,Currently trading,,55.7,7.5,2.9,33.9
164,Not permanently stopped trading,,53.9,7.4,2.8,35.9
