wave,breakdown,For replacements,To expand capacity,To increase efficiency,To provide new services,To reach new customers,To use new technology,Other,Not sure,Not applicable
55,0 - 9,25.7,5.7,8.4,4.0,12.1,8.0,,25.6,29.1
55,10 - 49,38.2,13.8,15.1,7.4,9.1,9.8,,21.3,22.3
55,100 - 249,49.3,21.0,21.5,6.0,6.9,16.2,,16.1,14.8
55,250 +,47.2,23.2,24.5,8.4,7.9,18.5,,23.0,10.3
55,50 - 99,46.2,18.4,19.4,7.1,8.5,14.9,,14.8,17.0
55,Accommodation and food service activities,28.1,5.8,9.1,2.0,13.9,5.8,,28.2,25.2
55,Administrative and support service activities,21.5,10.4,12.0,3.9,9.5,12.7,,30.8,28.0
55,All businesses,27.5,6.9,9.4,4.4,11.7,8.4,,24.9,28.0
55,All size bands excluding 0 - 9,39.8,14.9,16.1,7.3,8.9,11.0,,20.5,21.0
55,Construction,24.9,6.5,4.8,,7.9,2.5,,33.1,28.9
55,Human health and social work activities,15.7,10.7,16.0,9.0,1.2,1.5,,16.6,37.6
55,Information and communication,31.3,7.2,9.0,7.0,6.1,13.7,,24.4,23.7
55,Manufacturing,35.6,7.8,20.5,10.0,16.4,9.6,,17.5,25.6
55,"Professional, scientific and technical activities",37.1,5.5,11.9,4.7,8.8,19.4,,12.1,27.5
55,Real estate activities,16.0,13.3,8.5,13.2,20.5,21.5,,9.1,41.0
55,Transportation and storage,28.3,4.5,4.7,1.5,5.2,5.4,,47.1,21.1
55,Wholesale and retail trade; repair of motor vehicles and motorcycles,23.8,6.2,6.8,4.5,18.0,4.7,,24.7,26.6
60,0 - 9,21.9,6.6,9.1,5.0,14.1,6.9,1.9,22.5,33.6
60,10 - 49,36.4,12.5,13.6,6.7,8.5,10.1,1.5,21.4,23.6
60,100 - 249,45.8,18.6,23.3,5.5,5.8,13.3,1.6,18.4,13.9
60,250 +,44.8,21.7,24.4,8.9,7.6,18.2,3.0,21.5,12.0
60,50 - 99,43.8,15.4,18.8,5.5,6.2,12.3,1.6,17.0,18.5
60,Accommodation and food service activities,40.2,2.1,8.2,1.5,13.8,1.2,3.4,22.2,21.2
60,Administrative and support service activities,18.5,8.5,10.1,2.3,12.4,5.7,2.9,25.8,30.9
60,All businesses,24.0,7.5,9.9,5.2,13.3,7.4,1.9,22.2,32.0
60,All size bands excluding 0 - 9,37.9,13.4,15.0,6.6,8.1,10.7,1.6,20.8,22.2
60,"Arts, entertainment and recreation",17.2,7.7,8.0,5.0,10.3,4.6,,45.0,31.5
60,Construction,15.7,5.3,4.4,3.5,15.4,,2.0,32.0,34.3
60,Human health and social work activities,45.1,3.2,3.9,10.3,,9.8,0.0,23.9,19.9
60,Information and communication,21.6,6.9,11.4,8.2,9.7,25.1,3.4,15.3,28.6
60,Manufacturing,24.3,13.3,22.2,2.0,11.9,12.0,,13.2,40.4
60,Other service activities,18.5,4.3,10.2,10.2,10.4,3.6,0.0,17.7,42.5
60,"Professional, scientific and technical activities",30.4,6.6,10.6,5.3,12.0,8.5,,12.6,38.5
60,Real estate activities,19.2,16.1,31.8,5.2,26.2,17.3,5.1,7.0,27.7
60,Transportation and storage,24.6,6.2,1.1,2.6,1.4,2.1,,25.8,42.2
60,Wholesale and retail trade; repair of motor vehicles and motorcycles,19.4,10.5,12.0,8.3,19.8,9.1,2.5,23.8,27.0
67,0 - 9,21.9,6.0,10.3,5.2,13.4,6.5,,26.8,30.4
67,10 - 49,33.2,9.3,13.5,5.1,8.6,8.2,1.7,20.9,25.4
67,100 - 249,43.7,15.2,20.1,5.2,5.0,11.7,2.2,19.1,16.5
67,250 +,44.8,21.7,22.9,6.8,7.3,17.2,2.4,22.8,12.4
67,50 - 99,43.2,12.7,18.2,5.6,7.0,11.4,2.2,17.4,18.9
67,Accommodation and food service activities,41.5,1.3,10.0,4.2,10.6,3.5,,31.3,17.1
67,Administrative and support service activities,21.3,10.3,9.7,2.4,15.0,6.4,,19.9,36.1
67,All businesses,23.7,6.6,10.9,5.2,12.7,6.8,,26.0,29.5
67,All size bands excluding 0 - 9,35.1,10.4,14.6,5.2,8.2,9.0,1.8,20.5,23.8
67,"Arts, entertainment and recreation",17.5,7.7,8.3,15.1,8.9,1.2,,34.5,16.8
67,Construction,24.8,6.3,12.0,1.3,9.2,1.5,1.0,30.6,31.4
67,Human health and social work activities,36.3,10.2,9.0,1.0,22.6,7.0,1.9,16.4,29.4
67,Information and communication,23.0,7.5,8.1,8.9,10.3,19.3,1.6,17.9,34.7
67,Manufacturing,25.8,7.0,12.1,9.1,13.8,11.5,2.2,23.9,26.1
67,Other service activities,14.6,,13.2,,13.5,0.0,0.0,26.3,32.6
67,"Professional, scientific and technical activities",20.9,7.5,12.7,5.0,8.0,9.0,2.0,21.6,35.3
67,Real estate activities,23.4,1.1,15.1,7.0,28.5,7.1,,15.5,25.1
67,Transportation and storage,23.0,2.7,1.1,2.0,3.8,,0.0,40.3,32.1
67,Wholesale and retail trade; repair of motor vehicles and motorcycles,19.6,7.6,12.0,7.2,17.7,5.9,,29.7,24.8
74,0 - 9,25.5,9.4,9.5,7.1,13.8,8.8,1.7,23.9,28.8
74,10 - 49,37.1,10.8,14.7,7.2,10.4,10.8,1.5,19.3,24.0
74,100 - 249,45.8,17.5,20.4,6.2,7.6,14.9,2.5,18.9,14.0
74,250 +,45.8,21.6,24.1,8.0,7.5,17.7,2.9,23.6,10.3
74,50 - 99,44.0,15.5,20.2,7.0,8.6,12.8,2.2,16.4,17.2
74,Accommodation and food service activities,34.4,9.5,14.6,16.1,23.5,9.7,2.4,33.0,13.5
74,Administrative and support service activities,21.2,14.6,13.5,3.2,14.1,6.5,1.3,17.4,41.6
74,All businesses,27.2,9.7,10.4,7.1,13.3,9.2,1.7,23.3,27.9
74,All size bands excluding 0 - 9,38.5,12.0,15.8,7.2,10.0,11.4,1.7,19.1,22.4
74,"Arts, entertainment and recreation",25.9,8.5,12.5,16.2,13.0,5.5,,17.5,31.4
74,Construction,30.3,8.2,8.4,1.8,7.2,4.6,2.1,28.8,27.6
74,Information and communication,30.5,6.3,9.5,10.0,11.7,21.9,1.6,19.4,27.7
74,Manufacturing,26.8,9.3,14.5,8.2,9.9,6.3,1.4,22.6,25.5
74,Other service activities,36.1,,,7.3,20.7,,0.0,21.1,21.9
74,"Professional, scientific and technical activities",29.2,8.5,12.2,7.9,9.2,12.5,1.1,12.7,33.4
74,Real estate activities,25.8,,24.4,,11.7,7.2,,7.9,58.4
74,Transportation and storage,30.8,15.5,5.5,,5.2,,,19.5,32.3
74,Wholesale and retail trade; repair of motor vehicles and motorcycles,18.9,11.6,7.2,6.7,20.4,10.0,3.2,30.5,21.6
80,0 - 9,20.9,7.0,9.6,6.9,15.3,10.1,,23.2,30.6
80,10 - 49,36.6,11.2,15.4,7.0,9.6,10.7,1.0,21.6,21.9
80,100 - 249,46.2,19.2,21.7,6.6,7.6,14.9,1.9,17.2,14.3
80,250 +,44.0,19.8,24.2,7.5,7.3,15.7,1.6,24.8,10.9
80,50 - 99,44.5,15.4,19.2,6.6,6.1,12.9,1.9,16.2,17.1
80,Accommodation and food service activities,31.0,7.4,13.1,12.7,25.9,5.0,0.0,25.3,27.2
80,Administrative and support service activities,15.1,10.1,10.9,8.4,18.7,9.3,,19.6,31.7
80,All businesses,23.2,7.7,10.6,6.9,14.5,10.2,,22.9,29.2
80,All size bands excluding 0 - 9,38.1,12.3,16.4,6.9,9.1,11.3,1.2,20.9,20.7
80,"Arts, entertainment and recreation",25.4,1.5,1.4,2.2,2.4,,,15.7,56.5
80,Construction,27.9,7.7,8.9,1.0,8.0,3.5,1.1,32.0,24.2
80,Information and communication,21.8,9.7,7.5,9.4,6.4,25.3,0.0,23.7,29.7
80,Manufacturing,26.1,8.2,20.2,10.6,10.4,11.0,,19.3,26.3
80,Other service activities,28.4,8.1,1.4,,21.0,12.0,,23.8,24.4
80,"Professional, scientific and technical activities",26.7,7.3,9.0,9.6,10.7,14.3,1.1,14.9,34.2
80,Real estate activities,18.2,,23.9,0.0,7.5,15.9,0.0,10.0,33.5
80,Transportation and storage,7.9,2.2,10.8,2.3,15.4,1.7,3.4,38.1,23.4
80,Wholesale and retail trade; repair of motor vehicles and motorcycles,18.1,9.4,12.7,9.3,22.6,12.2,,20.8,29.4
86,0 - 9,19.9,4.8,9.1,8.8,12.4,8.1,1.0,26.5,31.6
86,10 - 49,35.0,9.8,13.6,6.1,9.9,7.4,1.4,20.6,24.9
86,100 - 249,43.9,16.4,18.8,5.8,7.0,12.4,1.9,18.9,14.6
86,250 +,46.2,22.1,21.3,6.2,7.1,14.4,2.4,24.4,10.4
86,50 - 99,42.0,13.9,16.8,6.2,7.5,12.0,2.1,16.9,19.0
86,Accommodation and food service activities,36.3,2.0,13.0,8.9,14.7,4.2,,17.9,31.9
86,Administrative and support service activities,20.0,6.7,12.1,5.9,12.0,12.5,2.6,27.9,22.2
86,All businesses,22.4,5.7,9.9,8.4,12.0,8.2,1.1,25.6,30.4
86,All size bands excluding 0 - 9,36.5,10.9,14.4,6.1,9.5,8.4,1.6,20.3,23.4
86,"Arts, entertainment and recreation",15.0,4.7,4.5,,,,6.2,46.9,23.4
86,Construction,18.6,,10.7,8.5,17.5,4.3,1.4,35.7,23.8
86,Education,37.6,1.0,2.2,1.3,9.3,9.5,,17.6,34.6
86,Information and communication,19.1,4.1,6.5,16.2,7.9,19.4,1.5,26.3,29.3
86,Manufacturing,30.1,13.7,14.6,11.8,13.1,9.0,3.1,12.9,30.2
86,Other service activities,32.8,7.0,6.3,,7.1,,0.0,45.2,8.4
86,"Professional, scientific and technical activities",26.6,7.8,11.4,7.4,8.0,13.8,,12.7,39.1
86,Transportation and storage,20.3,1.2,4.4,4.0,7.6,6.7,,11.5,47.3
86,Wholesale and retail trade; repair of motor vehicles and motorcycles,14.1,8.0,10.7,8.4,11.7,6.1,,32.7,32.0
93,0 - 9,20.8,8.7,10.0,7.8,11.8,10.0,1.9,21.1,34.3
93,10 - 49,30.5,9.2,12.4,4.7,8.9,6.7,1.4,21.8,27.6
93,100 - 249,41.3,14.3,16.9,4.9,5.1,10.4,2.2,20.0,16.1
93,250 +,43.6,18.2,19.3,5.7,6.2,13.6,1.9,26.6,11.3
93,50 - 99,40.9,11.7,15.0,4.0,5.6,9.4,2.0,18.7,21.6
93,Accommodation and food service activities,33.0,5.8,9.0,6.6,16.0,3.5,,22.5,30.4
93,Administrative and support service activities,23.8,4.6,10.6,7.9,14.0,9.6,2.6,17.1,32.9
93,All businesses,22.5,8.9,10.5,7.4,11.3,9.6,1.9,21.2,33.1
93,All size bands excluding 0 - 9,32.5,10.0,13.1,4.7,8.3,7.4,1.5,21.6,25.9
93,"Arts, entertainment and recreation",5.2,13.4,1.4,13.4,5.7,,5.0,42.2,30.1
93,Construction,16.7,4.6,8.3,3.9,10.9,7.7,5.3,28.5,31.0
93,Human health and social work activities,27.0,8.1,12.8,6.7,17.0,11.5,,14.8,32.6
93,Information and communication,14.9,12.3,12.0,17.2,11.3,22.0,0.0,16.8,39.2
93,Manufacturing,26.9,9.0,26.1,11.8,13.2,8.8,1.6,12.3,31.2
93,Other service activities,18.2,,8.1,,8.4,,0.0,15.3,51.3
93,"Professional, scientific and technical activities",28.9,8.7,12.0,5.7,7.4,15.7,,16.3,34.6
93,Real estate activities,26.4,12.3,1.3,,6.8,6.9,,24.8,30.2
93,Transportation and storage,33.9,9.1,1.3,,,,,7.2,48.7
93,Wholesale and retail trade; repair of motor vehicles and motorcycles,18.4,15.3,10.4,8.7,15.2,7.9,2.2,27.3,26.7
100,0 - 9,24.3,8.4,10.5,7.7,15.3,11.3,1.4,21.9,31.9
100,10 - 49,34.1,10.8,12.6,5.7,9.5,8.5,1.7,21.4,25.8
100,100 - 249,43.3,17.5,18.5,5.7,6.6,12.3,1.7,19.8,14.8
100,250 +,43.9,18.6,19.9,6.2,6.3,12.0,2.5,26.1,11.1
100,50 - 99,44.0,15.2,17.6,6.5,6.5,12.1,1.9,17.2,17.7
100,Accommodation and food service activities,30.6,10.6,12.1,5.0,10.2,4.7,,21.2,32.5
100,Administrative and support service activities,23.0,6.3,8.8,14.0,18.4,12.1,,20.7,32.0
100,All businesses,25.9,8.9,10.9,7.4,14.5,11.0,1.4,21.8,30.9
100,All size bands excluding 0 - 9,35.9,11.8,13.7,5.8,8.9,9.2,1.7,21.1,23.9
100,"Arts, entertainment and recreation",8.9,8.3,8.3,8.2,3.2,1.5,6.0,42.5,29.0
100,Construction,24.3,6.6,11.2,4.9,10.2,2.5,1.1,30.5,27.7
100,Information and communication,26.5,15.7,6.8,13.5,19.4,26.9,,17.8,30.5
100,Manufacturing,26.3,13.6,16.5,2.0,7.8,10.1,3.9,26.6,24.1
100,Other service activities,29.3,1.0,1.5,5.7,11.9,8.9,,27.0,23.0
100,"Professional, scientific and technical activities",29.9,5.9,14.3,9.0,16.7,19.2,,12.6,33.1
100,Real estate activities,33.4,6.8,18.8,6.7,18.7,18.4,,14.4,38.1
100,Transportation and storage,36.4,19.9,4.3,11.1,11.5,10.8,0.0,16.5,43.3
100,Wholesale and retail trade; repair of motor vehicles and motorcycles,21.5,7.6,13.1,6.1,19.3,11.1,2.2,21.9,25.7
