wave,breakdown,Ability to better match jobs to skills,Ability to recruit from a wider geographical pool in the UK,Ability to recruit from a wider geographical pool internationally,Increased productivity,Reduced overhead costs,Improved staff wellbeing,Reduced sickness absence,Reduced wage bill,Reduced carbon emissions,Other,Not sure,Ability to recruit from a wider geographical pool
14,0 - 9,9.7,,,38.3,60.0,62.9,17.4,,,,4.2,14.4
14,10 - 49,9.5,,,27.1,44.7,86.2,27.1,,,,1.8,21.7
14,100 - 249,14.7,,,35.5,53.7,85.7,32.8,,,,2.8,32.6
14,250 +,14.0,,,33.7,53.3,83.5,30.6,,,,3.8,28.3
14,50 - 99,15.9,,,33.6,55.3,81.4,23.6,,,,4.0,33.1
14,Accommodation and food service activities,8.8,,,23.0,73.3,89.7,57.7,,,,0.0,12.2
14,All businesses,9.8,,,37.5,58.9,65.0,18.4,,,,4.0,15.3
14,All size bands excluding 0 - 9,11.3,,,29.4,47.8,85.2,27.7,,,,2.4,24.7
14,Information and communication,18.8,,,37.7,66.9,71.0,23.2,,,,4.7,30.1
14,"Professional, scientific and technical activities",12.8,,,32.6,69.2,70.0,15.6,,,,,13.8
14,Transportation and storage,6.5,,,24.6,70.1,94.9,49.2,,,,2.0,13.6
16,0 - 9,9.6,,,44.9,64.6,61.5,19.0,,,,4.4,22.9
16,10 - 49,8.8,,,29.5,51.9,79.2,28.3,,,,1.8,23.7
16,100 - 249,16.6,,,33.2,55.8,78.1,33.4,,,,5.1,42.1
16,250 +,16.6,,,33.4,55.1,77.2,32.8,,,,6.0,34.4
16,50 - 99,19.6,,,30.0,57.8,76.9,31.2,,,,4.7,37.6
16,Accommodation and food service activities,11.9,,,21.7,28.7,84.7,57.1,,,,1.9,11.8
16,All businesses,9.8,,,43.7,63.6,63.0,20.0,,,,4.3,23.4
16,All size bands excluding 0 - 9,12.3,,,30.6,53.6,78.5,29.9,,,,3.2,28.9
16,Information and communication,18.7,,,66.2,82.0,65.9,26.8,,,,4.3,41.2
16,"Professional, scientific and technical activities",3.2,,,39.3,62.9,66.0,4.5,,,,,20.0
16,Real estate activities,1.8,,,35.0,8.5,98.6,35.2,,,,0.0,6.2
16,Transportation and storage,19.5,,,30.3,67.9,78.5,55.2,,,,7.5,31.8
18,0 - 9,10.4,,,40.6,64.1,46.0,14.6,,,,8.9,18.3
18,10 - 49,14.0,,,27.8,56.5,76.5,27.0,,,,2.7,33.9
18,100 - 249,18.4,,,28.2,54.4,76.1,27.8,,,,4.7,33.2
18,250 +,16.6,,,29.4,54.1,77.9,32.3,,,,4.7,34.6
18,50 - 99,16.0,,,29.2,54.0,74.1,28.5,,,,3.7,36.3
18,Administrative and support service activities,8.1,,,34.1,69.4,49.7,13.1,,,,6.0,12.9
18,All businesses,10.8,,,39.3,63.2,49.2,16.1,,,,8.3,20.0
18,All size bands excluding 0 - 9,15.0,,,28.2,55.7,76.4,28.1,,,,3.3,34.2
18,Information and communication,20.3,,,47.2,62.3,52.9,13.0,,,,6.2,34.3
18,Manufacturing,18.1,,,53.9,72.7,42.7,35.8,,,,8.5,18.4
18,"Professional, scientific and technical activities",8.2,,,37.3,64.6,53.4,15.3,,,,8.9,17.1
18,Wholesale and retail trade; repair of motor vehicles and motorcycles,1.7,,,27.6,52.2,43.0,12.0,,,,13.9,11.7
20,0 - 9,11.0,,,35.9,55.9,53.1,13.1,,,,10.1,19.4
20,10 - 49,14.3,,,31.0,52.7,73.4,25.4,,,,3.2,32.0
20,100 - 249,13.9,,,29.9,51.5,78.3,29.5,,,,3.2,37.1
20,250 +,16.7,,,33.0,55.4,77.4,31.5,,,,6.4,37.8
20,50 - 99,15.8,,,25.0,56.6,73.1,27.7,,,,4.0,34.5
20,Administrative and support service activities,8.1,,,28.4,47.5,86.6,9.8,,,,7.2,9.4
20,All businesses,11.5,,,35.3,55.6,55.5,14.7,,,,9.4,21.0
20,All size bands excluding 0 - 9,14.9,,,30.6,53.6,74.4,27.1,,,,3.9,33.7
20,Information and communication,10.4,,,39.2,62.3,53.8,19.3,,,,13.8,23.7
20,Manufacturing,21.5,,,36.0,49.4,72.2,26.3,,,,8.1,31.7
20,Other service activities,18.5,,,29.2,59.6,74.5,17.4,,,,20.7,31.8
20,"Professional, scientific and technical activities",12.0,,,38.1,57.7,56.5,13.8,,,,6.4,20.0
20,Transportation and storage,10.3,,,23.9,50.4,71.9,29.8,,,,16.5,38.5
20,Wholesale and retail trade; repair of motor vehicles and motorcycles,5.8,,,10.4,68.1,21.5,4.1,,,,16.2,20.6
22,0 - 9,9.6,,,34.6,65.1,51.7,17.6,,,,9.7,18.0
22,10 - 49,16.3,,,30.8,51.5,73.2,28.0,,,,2.4,32.0
22,100 - 249,19.9,,,25.7,52.3,80.9,31.9,,,,3.9,42.0
22,250 +,16.7,,,29.0,54.3,76.1,31.7,,,,4.9,35.4
22,50 - 99,18.4,,,29.0,54.7,74.8,28.7,,,,3.4,44.0
22,Administrative and support service activities,12.8,,,36.2,74.8,73.4,20.8,,,,14.2,29.5
22,All businesses,10.5,,,34.0,63.5,54.5,19.0,,,,8.9,20.1
22,All size bands excluding 0 - 9,16.8,,,30.0,52.4,74.4,29.0,,,,3.0,34.6
22,Information and communication,11.4,,,28.5,65.4,61.9,18.0,,,,5.8,23.1
22,"Professional, scientific and technical activities",8.9,,,41.4,65.5,56.5,20.2,,,,8.6,20.3
22,Wholesale and retail trade; repair of motor vehicles and motorcycles,4.6,,,22.9,62.3,31.1,17.6,,,,10.6,9.9
24,0 - 9,15.3,,,39.8,57.2,51.1,16.2,,,,7.7,21.7
24,10 - 49,20.1,,,32.5,50.6,75.2,24.3,,,,1.5,35.5
24,100 - 249,20.6,,,32.4,53.7,82.2,34.2,,,,2.9,41.4
24,250 +,19.3,,,33.8,53.5,78.0,30.5,,,,3.9,36.4
24,50 - 99,20.4,,,33.4,56.4,77.3,29.6,,,,1.7,40.0
24,Administrative and support service activities,29.7,,,35.7,52.1,65.3,21.3,,,,13.2,32.8
24,All businesses,15.9,,,38.8,56.6,54.4,17.6,,,,7.0,23.7
24,All size bands excluding 0 - 9,20.0,,,32.8,52.0,76.4,26.6,,,,2.0,36.6
24,Information and communication,14.1,,,42.7,58.0,48.0,22.2,,,,7.3,24.4
24,Other service activities,15.2,,,43.5,50.0,76.4,5.0,,,,1.3,55.9
24,"Professional, scientific and technical activities",15.6,,,38.9,62.1,51.5,16.2,,,,7.8,24.6
24,Wholesale and retail trade; repair of motor vehicles and motorcycles,10.5,,,23.1,60.3,55.9,25.6,,,,,9.7
29,0 - 9,11.7,,,48.2,63.1,52.9,16.3,,,,8.5,22.0
29,10 - 49,16.3,,,46.6,45.2,77.4,24.3,,,,6.0,33.0
29,100 - 249,18.3,,,48.3,48.9,82.3,27.6,,,,3.8,40.9
29,250 +,17.7,,,47.9,48.8,81.3,27.7,,,,5.4,34.5
29,50 - 99,15.9,,,48.6,47.2,80.6,28.6,,,,2.1,39.9
29,Administrative and support service activities,11.7,,,44.2,59.6,54.9,16.7,,,,,38.8
29,All businesses,12.3,,,48.1,61.1,56.0,17.4,,,,8.1,23.5
29,All size bands excluding 0 - 9,16.6,,,47.2,46.3,78.7,25.6,,,,5.3,34.7
29,Information and communication,17.6,,,52.6,73.6,61.0,19.2,,,,5.4,27.2
29,"Professional, scientific and technical activities",13.1,,,50.5,61.3,51.2,13.8,,,,10.1,21.2
29,Real estate activities,21.7,,,25.5,26.3,64.3,4.5,,,,17.1,5.5
29,Transportation and storage,6.1,,,48.3,52.5,74.3,28.3,,,,,28.4
29,Wholesale and retail trade; repair of motor vehicles and motorcycles,5.4,,,47.7,50.0,52.2,19.5,,,,11.5,21.6
33,0 - 9,11.0,,,45.8,51.5,50.1,13.1,5.2,,,14.7,18.2
33,10 - 49,12.6,,,45.3,37.7,82.6,21.8,3.1,,,4.8,32.0
33,100 - 249,17.7,,,42.7,39.6,84.1,23.6,,,,4.7,40.9
33,250 +,18.1,,,47.8,43.3,84.8,26.3,1.8,,,6.3,38.0
33,50 - 99,20.3,,,48.5,36.5,81.8,22.0,,,,3.7,44.5
33,Administrative and support service activities,17.5,,,39.0,54.0,40.4,22.6,9.1,,,19.1,20.3
33,All businesses,11.5,,,45.8,49.8,54.4,14.4,4.9,,,13.4,20.4
33,All size bands excluding 0 - 9,14.7,,,45.8,38.5,83.0,22.6,2.5,,,4.9,35.0
33,Information and communication,8.8,,,50.0,48.9,58.9,19.7,3.5,,,17.5,20.6
33,"Professional, scientific and technical activities",14.4,,,53.7,57.2,57.8,11.3,3.7,,,7.2,23.2
33,Wholesale and retail trade; repair of motor vehicles and motorcycles,10.9,,,24.1,41.3,47.1,6.5,,,,11.0,7.6
35,0 - 9,15.5,,,52.1,62.0,58.0,15.4,2.5,,,8.1,23.4
35,10 - 49,18.0,,,48.1,40.7,83.3,24.8,1.4,,,2.8,37.2
35,100 - 249,19.8,,,43.2,38.4,84.3,25.5,1.2,,,6.8,39.9
35,250 +,19.3,,,48.3,40.9,82.3,27.3,1.5,,,6.8,36.6
35,50 - 99,18.3,,,47.8,37.5,85.4,26.4,1.3,,,4.0,42.7
35,Administrative and support service activities,13.1,,,47.6,41.8,69.6,15.3,2.9,,,15.1,20.4
35,All businesses,15.8,,,51.5,59.4,61.0,16.6,2.4,,,7.6,25.2
35,All size bands excluding 0 - 9,18.3,,,47.7,40.1,83.5,25.4,1.4,,,3.8,38.0
35,Information and communication,35.2,,,67.5,57.6,66.7,18.8,3.1,,,4.7,25.5
35,"Professional, scientific and technical activities",13.2,,,51.9,67.0,50.3,13.1,3.1,,,7.5,26.7
35,Wholesale and retail trade; repair of motor vehicles and motorcycles,3.1,,,32.2,52.1,59.9,15.2,,,,5.7,39.2
37,0 - 9,13.3,,,54.1,52.4,59.3,10.3,2.9,38.7,,8.4,21.1
37,10 - 49,14.7,,,46.3,30.8,86.1,17.2,1.8,30.5,,3.6,30.2
37,100 - 249,17.4,,,49.0,35.8,86.8,24.5,1.3,28.8,,6.4,43.6
37,250 +,24.2,,,53.9,37.9,84.0,25.7,1.9,36.5,,7.5,40.5
37,50 - 99,20.2,,,49.2,33.4,86.9,21.6,1.4,31.5,,4.1,41.5
37,Accommodation and food service activities,11.6,,,41.5,15.6,69.4,4.4,0.0,18.5,,24.5,20.0
37,Administrative and support service activities,27.5,,,67.2,57.2,52.3,17.2,,44.4,,8.3,32.6
37,All businesses,13.7,,,53.3,50.0,62.5,11.4,2.8,37.8,,8.0,22.7
37,All size bands excluding 0 - 9,17.0,,,47.9,32.5,86.0,19.5,1.7,31.3,,4.5,34.2
37,Information and communication,16.3,,,60.4,51.6,68.7,15.9,5.0,41.5,,5.2,34.3
37,"Professional, scientific and technical activities",8.1,,,44.7,50.2,60.1,4.3,2.6,32.8,,6.7,17.7
37,Wholesale and retail trade; repair of motor vehicles and motorcycles,11.8,,,60.2,51.6,59.7,16.1,,32.4,,8.5,17.5
39,0 - 9,20.3,21.6,9.5,49.5,55.6,56.7,10.7,3.0,30.2,,13.3,
39,10 - 49,15.9,33.6,11.1,46.6,37.1,82.9,20.2,2.3,26.8,,4.5,
39,100 - 249,21.9,41.6,11.5,53.5,33.7,86.0,23.9,,36.1,,6.4,
39,250 +,23.4,37.2,8.4,50.6,37.1,83.7,26.1,1.4,35.5,,9.3,
39,50 - 99,21.0,42.6,11.7,47.9,34.3,87.4,22.7,,34.1,,4.0,
39,Administrative and support service activities,27.6,32.2,11.4,49.9,49.0,75.7,18.8,2.3,29.3,,5.7,
39,All businesses,20.0,23.4,9.7,49.3,53.2,60.1,12.0,2.8,30.2,,12.3,
39,All size bands excluding 0 - 9,18.1,35.9,10.8,47.9,36.5,83.8,21.6,1.8,29.7,,5.3,
39,Information and communication,28.3,31.7,17.2,60.3,70.3,68.6,17.2,1.8,52.3,,5.8,
39,"Professional, scientific and technical activities",13.4,18.8,6.6,47.1,62.5,59.8,6.9,1.3,27.7,,2.8,
41,0 - 9,16.1,21.7,13.0,45.2,49.8,60.6,10.9,4.0,35.5,,8.4,
41,10 - 49,16.5,34.5,11.4,50.6,35.9,84.4,20.8,2.0,29.9,,4.6,
41,100 - 249,21.1,38.9,9.6,49.6,32.4,86.2,21.8,,28.0,,5.7,
41,250 +,22.3,36.9,8.8,48.9,32.6,85.2,21.3,1.9,31.4,,7.2,
41,50 - 99,21.6,38.7,11.0,46.7,28.7,87.0,17.7,,30.6,,3.2,
41,Administrative and support service activities,24.7,24.7,11.0,49.6,48.5,67.1,11.5,1.5,42.0,,6.9,
41,All businesses,16.4,23.5,12.7,45.8,47.7,63.8,12.2,3.7,34.8,,7.9,
41,All size bands excluding 0 - 9,18.3,35.8,10.8,49.8,34.2,85.0,20.5,1.8,30.1,,4.9,
41,Information and communication,15.1,24.0,14.8,55.2,41.4,62.7,16.2,1.7,38.6,,6.7,
41,"Professional, scientific and technical activities",15.2,28.6,20.1,46.9,57.4,65.8,10.5,3.9,36.7,,6.7,
41,Wholesale and retail trade; repair of motor vehicles and motorcycles,22.3,18.5,7.0,30.0,29.4,54.2,12.0,8.8,18.3,,20.5,
43,0 - 9,13.6,20.4,12.4,51.7,56.0,61.8,16.1,4.0,42.1,,4.7,
43,10 - 49,16.1,39.2,13.0,46.7,32.0,83.4,18.4,2.0,32.8,,1.4,
43,100 - 249,23.4,41.4,11.0,53.8,31.7,89.1,21.7,,35.1,,3.5,
43,250 +,26.6,45.6,9.5,53.0,33.8,87.7,26.5,1.6,43.2,,5.5,
43,50 - 99,24.4,45.8,14.7,47.5,29.9,88.5,21.5,2.8,35.4,,2.7,
43,Administrative and support service activities,3.2,28.0,10.8,54.9,48.8,73.2,28.3,6.4,53.9,,10.5,
43,All businesses,14.3,22.8,12.4,51.3,53.3,64.5,16.6,3.8,41.2,,4.4,
43,All size bands excluding 0 - 9,19.3,41.2,12.5,48.3,32.0,85.1,20.3,2.0,34.9,,2.3,
43,Information and communication,24.6,35.0,21.5,55.3,51.7,61.1,14.7,3.2,43.9,,6.1,
43,Other service activities,7.1,14.5,8.9,89.4,21.5,99.6,15.8,0.0,74.0,,0.0,
43,"Professional, scientific and technical activities",11.0,16.4,11.0,53.7,51.4,68.4,13.1,4.9,39.8,,,
43,Transportation and storage,8.6,41.7,5.4,49.3,15.6,90.4,38.0,1.3,25.0,,4.7,
43,Wholesale and retail trade; repair of motor vehicles and motorcycles,16.7,19.1,14.6,43.6,54.1,67.6,23.7,7.8,47.8,,8.6,
45,0 - 9,14.9,25.3,12.5,51.6,55.0,57.1,12.1,2.1,33.5,,5.8,
45,10 - 49,17.2,37.1,11.4,45.8,32.6,84.0,20.0,3.4,33.4,,4.0,
45,100 - 249,23.6,43.3,11.9,46.4,30.1,87.3,20.1,1.4,33.4,,4.7,
45,250 +,25.3,38.6,8.5,50.1,31.8,88.5,28.2,1.8,35.6,,5.9,
45,50 - 99,22.4,43.2,12.2,43.6,26.6,86.2,23.0,1.6,30.0,,2.3,
45,Administrative and support service activities,32.8,46.0,13.6,57.4,56.2,70.5,16.2,1.3,28.4,,5.2,
45,All businesses,15.5,27.1,12.3,50.9,51.9,60.8,13.3,2.2,33.5,,5.5,
45,All size bands excluding 0 - 9,19.5,38.5,11.1,46.2,31.5,85.2,21.5,2.8,33.3,,4.1,
45,Construction,9.5,14.9,2.1,40.6,26.1,88.5,25.9,,28.4,,6.6,
45,Information and communication,21.2,35.1,20.9,50.5,48.8,62.0,21.5,2.1,40.5,,8.1,
45,"Professional, scientific and technical activities",10.3,20.2,8.9,50.9,58.6,56.5,11.1,2.2,36.1,,3.7,
45,"Water supply, sewerage, waste management and remediation activities",5.6,47.1,0.0,86.8,6.0,89.2,4.4,0.0,40.8,,3.8,
45,Wholesale and retail trade; repair of motor vehicles and motorcycles,4.9,21.4,15.1,38.1,39.5,54.5,4.0,7.8,20.8,,8.7,
47,0 - 9,14.2,17.1,9.2,48.5,55.7,56.6,9.7,5.0,32.6,,7.4,
47,10 - 49,19.4,42.9,12.1,47.0,30.7,85.3,27.9,2.2,33.9,,4.2,
47,100 - 249,21.4,40.2,11.6,43.8,31.9,82.3,22.9,,32.2,,6.4,
47,250 +,27.3,42.1,11.0,48.6,33.1,85.7,28.5,1.4,34.5,,6.2,
47,50 - 99,26.3,46.8,13.1,42.3,28.5,84.0,23.3,1.7,33.8,,2.7,
47,Accommodation and food service activities,6.0,6.7,2.5,51.4,24.7,75.0,44.1,0.0,40.3,,2.4,
47,Administrative and support service activities,12.4,20.0,2.6,34.1,46.8,55.5,17.0,9.0,33.4,,11.7,
47,All businesses,15.1,20.2,9.5,48.3,52.8,59.9,11.7,4.6,32.7,,7.0,
47,All size bands excluding 0 - 9,21.6,43.1,12.0,46.4,30.8,84.9,27.0,1.8,33.8,,4.5,
47,Information and communication,27.7,24.8,15.0,63.2,59.2,63.3,18.5,9.1,42.2,,3.8,
47,"Professional, scientific and technical activities",13.5,21.6,10.1,55.8,50.8,62.1,5.4,1.2,29.0,,5.7,
47,Wholesale and retail trade; repair of motor vehicles and motorcycles,8.8,11.8,4.0,47.9,44.5,58.6,9.8,5.8,30.4,,11.5,
49,0 - 9,15.7,14.8,8.4,48.4,59.7,55.0,10.7,4.8,38.2,,7.6,
49,10 - 49,23.6,40.0,12.2,51.8,34.5,81.3,22.8,1.2,33.8,,3.9,
49,100 - 249,24.8,42.5,14.8,47.4,30.4,84.0,20.4,,34.9,,4.3,
49,250 +,26.8,42.9,12.4,47.8,33.6,86.7,25.1,1.8,36.6,,5.5,
49,50 - 99,25.0,44.2,12.8,45.3,30.1,85.1,21.0,1.4,36.5,,2.3,
49,Administrative and support service activities,24.0,33.6,6.8,40.8,52.4,62.5,13.3,1.6,36.3,,11.3,
49,All businesses,16.8,18.0,8.9,48.6,56.5,58.4,12.2,4.4,37.8,,7.1,
49,All size bands excluding 0 - 9,24.3,41.1,12.5,50.0,33.5,82.7,22.7,1.2,34.7,,3.9,
49,Information and communication,23.8,23.4,18.9,63.5,58.5,62.0,13.2,10.3,42.4,,6.1,
49,"Professional, scientific and technical activities",13.0,13.8,4.8,40.8,54.3,53.8,6.8,4.0,35.1,,7.5,
49,Transportation and storage,12.3,42.0,15.6,57.6,37.6,78.8,50.8,,44.7,,2.2,
49,"Water supply, sewerage, waste management and remediation activities",8.1,37.9,0.0,45.2,9.7,88.6,5.6,0.0,38.6,,3.0,
49,Wholesale and retail trade; repair of motor vehicles and motorcycles,17.1,6.9,2.2,42.7,53.6,69.0,18.3,,36.7,,11.4,
51,0 - 9,11.8,19.4,9.2,49.1,53.5,54.5,12.4,1.2,29.9,,4.1,
51,10 - 49,22.4,38.4,13.9,41.0,31.5,82.0,17.2,,31.3,,4.3,
51,100 - 249,23.5,44.9,13.0,46.2,27.5,86.4,19.8,,27.6,,5.1,
51,250 +,27.6,40.9,10.1,49.4,29.1,87.3,25.4,,31.7,,4.9,
51,50 - 99,26.8,44.5,11.5,48.2,28.5,84.0,20.8,1.1,32.1,,4.1,
51,Administrative and support service activities,13.7,29.2,9.6,56.3,54.3,70.7,22.2,1.8,47.4,,2.2,
51,All businesses,13.2,21.8,9.7,48.4,50.7,57.9,13.2,1.1,30.0,,4.1,
51,All size bands excluding 0 - 9,23.7,40.0,13.0,43.4,30.5,83.3,19.0,,31.2,,4.4,
51,Information and communication,18.0,31.3,15.4,47.8,47.9,71.7,12.5,3.8,40.7,,7.9,
51,Manufacturing,8.3,15.4,6.1,19.0,63.8,37.3,9.2,1.7,15.7,,7.0,
51,"Professional, scientific and technical activities",12.8,16.9,7.2,53.7,48.7,62.1,9.6,0.0,26.3,,1.3,
51,Transportation and storage,18.4,22.0,3.0,46.9,32.6,70.9,45.6,0.0,49.8,,0.0,
51,"Water supply, sewerage, waste management and remediation activities",38.7,40.3,43.8,48.8,83.6,92.2,44.8,0.0,44.5,,2.3,
51,Wholesale and retail trade; repair of motor vehicles and motorcycles,20.3,25.6,10.0,67.7,50.1,51.1,11.7,,36.7,,1.0,
53,0 - 9,11.8,14.6,10.4,47.4,56.2,54.2,7.8,2.8,27.9,,4.4,
53,10 - 49,21.9,40.6,14.6,43.3,28.8,81.9,16.5,,36.3,,2.7,
53,100 - 249,28.1,45.7,12.7,44.5,30.3,83.6,20.4,1.3,35.0,,4.6,
53,250 +,26.2,40.9,10.0,47.0,31.7,85.7,23.6,,33.2,,6.2,
53,50 - 99,23.8,45.4,10.9,42.9,27.7,84.2,18.1,1.0,30.1,,3.3,
53,Administrative and support service activities,19.9,13.2,4.1,36.8,48.7,63.5,16.3,3.6,40.8,,3.8,
53,All businesses,13.0,17.4,10.7,47.1,53.4,57.1,8.9,2.6,28.7,,4.3,
53,All size bands excluding 0 - 9,23.3,41.7,13.4,43.9,29.2,82.8,18.0,,35.0,,3.4,
53,Information and communication,19.8,27.9,13.3,60.2,54.6,69.2,11.8,2.7,35.0,,4.3,
53,Manufacturing,12.8,3.1,2.8,30.0,73.7,28.5,3.8,4.9,29.7,,,
53,"Professional, scientific and technical activities",7.3,15.6,6.9,50.7,48.9,56.8,9.4,2.5,30.1,,5.0,
53,Transportation and storage,18.8,37.4,18.2,55.1,33.0,84.4,14.1,0.0,27.4,,1.9,
53,"Water supply, sewerage, waste management and remediation activities",15.9,23.4,0.0,71.0,21.2,89.1,17.7,0.0,11.7,,5.9,
53,Wholesale and retail trade; repair of motor vehicles and motorcycles,14.7,24.0,25.9,42.2,53.7,61.3,8.2,,18.5,,,
54,0 - 9,11.5,12.9,9.4,39.3,45.7,54.4,10.3,3.4,24.2,,6.2,
54,10 - 49,19.5,36.9,13.1,36.6,29.5,81.9,18.9,,31.9,,3.0,
54,100 - 249,22.8,40.2,11.5,47.4,24.5,84.6,21.3,1.0,31.8,,4.9,
54,250 +,27.1,41.9,11.0,47.3,28.5,86.0,27.1,1.4,36.5,,5.9,
54,50 - 99,25.1,42.6,11.9,41.3,24.4,84.9,19.7,,30.8,,3.9,
54,Administrative and support service activities,11.3,10.6,3.3,37.7,43.9,56.4,10.4,3.6,33.8,,3.0,
54,All businesses,12.5,15.5,9.7,39.3,43.9,57.3,11.3,3.1,25.0,,5.9,
54,All size bands excluding 0 - 9,21.4,38.5,12.6,39.4,28.3,83.0,20.1,,32.3,,3.6,
54,Information and communication,19.9,24.1,15.6,48.4,50.5,66.5,13.1,1.2,36.8,,,
54,Manufacturing,11.2,11.6,9.9,13.6,60.3,30.4,6.7,9.1,18.5,,1.3,
54,"Professional, scientific and technical activities",10.0,16.7,6.8,43.3,42.8,61.8,7.2,3.5,22.8,,5.8,
54,"Water supply, sewerage, waste management and remediation activities",60.6,63.6,0.0,66.9,12.8,80.4,16.4,0.0,66.9,,3.4,
54,Wholesale and retail trade; repair of motor vehicles and motorcycles,21.3,14.9,16.6,39.6,43.2,59.4,8.8,2.1,23.5,,6.9,
58,0 - 9,11.4,14.1,11.1,40.4,53.0,42.8,7.6,1.7,25.0,8.7,6.1,
58,10 - 49,22.4,38.5,14.2,39.2,27.2,76.7,12.7,,29.9,2.7,3.3,
58,100 - 249,24.6,41.0,9.7,43.3,22.9,84.4,18.1,,31.0,2.7,4.7,
58,250 +,27.7,45.0,9.7,43.9,27.2,84.8,21.9,,35.3,3.4,5.3,
58,50 - 99,22.5,45.3,9.2,41.9,25.1,83.1,15.7,1.0,30.2,4.0,3.4,
58,Accommodation and food service activities,24.2,15.2,5.4,51.6,13.5,91.6,10.7,0.0,32.1,2.7,,
58,Administrative and support service activities,16.2,25.9,8.0,33.4,39.9,56.4,6.8,1.0,21.7,10.2,5.3,
58,All businesses,12.5,16.6,11.2,40.4,50.5,46.2,8.3,1.6,25.5,8.2,5.9,
58,All size bands excluding 0 - 9,23.2,40.4,12.6,40.5,26.5,79.2,14.7,,30.7,3.0,3.7,
58,Information and communication,20.1,24.9,17.4,53.3,55.1,63.2,11.9,4.3,42.8,6.0,5.4,
58,Manufacturing,1.6,4.1,6.4,17.0,60.1,21.6,3.8,,13.5,,12.1,
58,"Professional, scientific and technical activities",14.0,15.4,11.4,42.0,47.2,44.8,6.4,1.6,23.5,6.7,7.2,
58,"Water supply, sewerage, waste management and remediation activities",12.0,25.3,0.0,30.8,36.0,93.4,18.6,0.0,32.5,0.0,0.0,
58,Wholesale and retail trade; repair of motor vehicles and motorcycles,8.8,14.8,10.0,43.0,57.2,34.7,6.4,0.0,17.4,6.7,,
69,0 - 9,11.6,17.4,9.0,40.6,52.8,46.7,8.1,6.2,29.3,8.4,7.3,
69,10 - 49,22.0,44.1,13.5,34.2,30.7,72.5,15.0,0.0,30.0,3.4,5.1,
69,100 - 249,25.2,50.7,14.2,38.8,28.8,78.7,19.6,1.4,32.9,5.2,4.3,
69,250 +,27.7,45.6,9.9,44.3,31.7,81.3,20.2,1.9,34.2,4.4,3.8,
69,50 - 99,24.2,48.1,13.1,38.8,25.1,79.1,15.7,,25.6,6.4,4.1,
69,Accommodation and food service activities,16.9,40.6,0.0,39.9,41.9,79.3,29.6,5.1,31.3,5.9,0.0,
69,Administrative and support service activities,13.7,29.5,12.7,24.4,38.3,51.2,3.8,,19.9,8.9,9.5,
69,All businesses,12.6,19.8,9.3,40.3,50.8,49.1,8.8,5.7,29.4,8.1,7.1,
69,All size bands excluding 0 - 9,23.6,45.3,12.8,36.9,30.1,75.3,16.4,,30.5,4.1,4.7,
69,Information and communication,17.2,28.7,17.7,53.3,50.6,67.2,7.7,6.6,47.0,9.0,5.4,
69,"Professional, scientific and technical activities",11.5,18.6,6.2,40.3,52.7,45.4,10.7,,27.0,4.8,8.0,
69,Wholesale and retail trade; repair of motor vehicles and motorcycles,12.7,14.4,8.3,55.3,43.4,56.4,9.5,10.5,25.1,17.9,,
75,0 - 9,11.3,14.3,6.9,45.0,54.1,46.3,11.2,3.3,26.9,6.2,4.6,
75,10 - 49,22.8,37.4,11.2,38.9,34.7,72.6,16.2,2.7,29.2,3.4,3.2,
75,100 - 249,22.4,47.1,10.5,39.7,30.3,78.6,18.5,1.4,28.5,6.0,5.3,
75,250 +,24.8,44.8,10.4,42.6,29.9,78.9,23.3,1.0,32.0,3.7,5.4,
75,50 - 99,26.4,52.8,15.9,39.6,31.6,80.3,19.8,1.4,29.0,4.5,2.3,
75,Administrative and support service activities,7.0,18.3,4.0,52.4,60.3,60.2,35.2,6.5,47.9,5.5,4.4,
75,All businesses,12.3,16.4,7.3,44.5,52.4,48.6,11.7,3.2,27.1,6.0,4.5,
75,All size bands excluding 0 - 9,23.5,41.0,11.6,39.5,33.4,74.8,17.8,2.2,29.5,3.8,3.5,
75,Construction,19.6,20.6,11.2,26.3,52.5,50.6,11.4,0.0,34.9,8.4,,
75,Information and communication,16.1,22.2,12.1,55.3,47.2,54.8,6.7,4.9,30.0,4.8,6.2,
75,Manufacturing,10.6,20.8,,28.3,69.0,30.0,10.8,0.0,50.3,,,
75,"Professional, scientific and technical activities",13.5,15.7,8.1,42.7,48.9,45.3,5.0,1.5,13.7,7.4,4.4,
75,"Water supply, sewerage, waste management and remediation activities",12.8,27.3,0.0,36.6,26.9,83.0,14.1,0.0,30.0,0.0,11.0,
75,Wholesale and retail trade; repair of motor vehicles and motorcycles,8.0,7.5,4.7,30.4,59.7,41.1,19.6,4.6,24.8,2.4,6.6,
79,0 - 9,11.9,13.0,9.0,41.8,49.5,48.1,10.3,3.4,21.9,10.4,6.2,
79,10 - 49,23.1,43.9,11.1,43.3,30.5,76.5,14.4,1.8,27.5,3.5,2.2,
79,100 - 249,22.8,48.1,8.6,42.7,27.9,83.0,19.2,1.6,31.1,4.7,4.2,
79,250 +,26.4,45.0,9.2,42.3,24.5,80.2,19.2,1.0,32.1,4.2,6.5,
79,50 - 99,25.3,50.7,14.3,39.6,24.1,78.5,19.5,1.1,27.3,4.5,3.4,
79,Administrative and support service activities,13.3,16.5,7.6,35.8,36.7,50.2,11.3,,26.7,3.6,7.0,
79,All businesses,12.9,15.7,9.2,41.8,47.8,50.6,10.8,3.2,22.4,9.8,6.0,
79,All size bands excluding 0 - 9,23.8,45.3,11.0,42.6,28.6,77.8,16.2,1.6,28.5,3.8,3.2,
79,Information and communication,14.3,19.9,15.9,60.7,45.6,59.9,10.6,5.0,26.5,9.7,,
79,"Professional, scientific and technical activities",11.5,20.9,10.1,39.5,52.2,55.6,13.4,4.3,26.2,11.6,2.1,
79,"Water supply, sewerage, waste management and remediation activities",77.6,14.5,0.0,66.6,6.4,25.2,2.8,64.2,11.8,0.0,2.9,
79,Wholesale and retail trade; repair of motor vehicles and motorcycles,1.7,5.5,,35.6,69.0,40.3,11.8,4.1,12.7,4.5,9.0,
83,0 - 9,11.1,16.6,10.3,39.7,55.2,45.7,6.9,5.2,24.1,8.2,3.2,
83,10 - 49,22.0,43.8,11.0,36.9,32.1,74.8,17.9,1.5,27.7,6.5,3.5,
83,100 - 249,26.3,51.1,12.3,42.1,27.4,82.8,19.2,,28.2,3.9,4.8,
83,250 +,26.8,47.4,10.6,44.1,30.0,83.0,20.9,1.1,34.1,3.1,5.3,
83,50 - 99,25.2,54.2,14.2,38.9,27.2,80.7,18.4,1.6,33.7,5.3,3.2,
83,Administrative and support service activities,4.8,13.0,4.9,19.3,40.4,51.5,4.2,2.3,11.5,12.2,4.5,
83,All businesses,12.2,19.3,10.4,39.6,52.9,48.6,8.0,4.9,24.6,7.9,3.2,
83,All size bands excluding 0 - 9,23.3,46.0,11.4,38.5,30.9,77.2,18.4,1.3,29.3,5.7,3.8,
83,Information and communication,23.1,29.3,19.8,49.8,54.5,63.7,13.7,7.1,33.8,5.3,4.3,
83,Manufacturing,22.2,14.6,7.8,34.7,43.9,48.5,17.7,0.0,17.4,4.7,1.1,
83,Other service activities,15.5,51.8,0.0,31.8,17.5,86.5,46.9,0.0,33.4,0.0,0.0,
83,"Professional, scientific and technical activities",10.3,20.6,8.5,41.4,52.0,40.3,7.4,4.3,25.6,9.9,1.7,
83,Wholesale and retail trade; repair of motor vehicles and motorcycles,12.9,17.1,15.8,40.8,56.5,50.6,8.4,4.9,17.4,3.3,,
88,0 - 9,6.8,13.2,7.4,41.7,54.3,43.1,9.6,3.2,31.8,11.0,5.8,
88,10 - 49,18.9,47.3,14.2,39.1,29.2,76.3,17.1,,29.4,6.2,4.2,
88,100 - 249,30.7,52.0,12.5,39.9,25.7,85.2,19.7,,32.4,2.4,3.3,
88,250 +,30.9,49.0,10.8,46.0,31.2,80.8,19.9,1.3,33.9,4.4,4.6,
88,50 - 99,28.2,54.1,15.5,41.7,29.5,81.5,18.0,2.3,35.3,5.2,4.0,
88,Administrative and support service activities,5.4,15.3,8.3,25.1,47.9,36.3,8.8,,23.9,9.7,7.0,
88,All businesses,8.2,16.3,8.0,41.5,52.1,46.2,10.4,3.1,31.8,10.5,5.6,
88,All size bands excluding 0 - 9,22.4,48.6,13.8,40.4,29.2,78.1,17.8,1.0,30.9,5.6,4.1,
88,Education,8.9,19.2,8.4,25.9,34.1,44.2,,,33.6,15.8,8.0,
88,Information and communication,5.5,25.1,21.8,52.4,48.3,50.7,12.6,6.0,34.9,7.3,9.6,
88,"Professional, scientific and technical activities",7.8,14.5,4.5,48.7,53.7,51.2,8.8,1.0,37.3,10.8,2.5,
88,Wholesale and retail trade; repair of motor vehicles and motorcycles,7.2,15.2,6.5,21.6,50.8,33.5,12.3,4.9,23.5,17.7,9.0,
96,0 - 9,21.2,21.7,12.2,41.7,52.3,54.4,11.7,4.4,29.7,10.5,5.3,
96,10 - 49,31.1,49.7,12.6,39.5,30.2,75.9,18.4,2.8,31.7,6.4,3.0,
96,100 - 249,29.8,53.4,13.8,42.8,30.0,82.1,21.9,,31.4,2.7,4.5,
96,250 +,32.9,52.0,10.2,48.9,29.4,83.5,22.9,1.4,38.7,3.9,3.7,
96,50 - 99,29.3,54.2,15.8,41.0,28.4,80.2,21.0,2.3,32.5,3.0,3.9,
96,Administrative and support service activities,23.5,32.2,9.7,45.7,40.8,50.2,21.0,4.6,18.4,11.9,14.5,
96,All businesses,22.1,24.3,12.2,41.7,50.3,56.6,12.4,4.2,30.0,10.1,5.1,
96,All size bands excluding 0 - 9,31.0,50.9,12.7,41.3,29.9,78.0,19.6,2.4,32.8,5.3,3.3,
96,Information and communication,27.5,28.4,22.2,51.3,52.5,63.1,14.5,3.8,35.3,9.0,7.0,
96,"Professional, scientific and technical activities",24.3,21.9,12.3,49.1,53.9,59.2,14.2,4.4,36.6,8.9,1.6,
96,"Water supply, sewerage, waste management and remediation activities",19.2,36.7,0.0,16.6,49.2,56.2,16.6,0.0,35.0,0.0,0.0,
96,Wholesale and retail trade; repair of motor vehicles and motorcycles,12.5,16.2,7.3,21.7,40.0,42.5,2.2,8.2,17.0,15.4,11.4,
99,0 - 9,22.7,22.3,12.1,45.9,56.6,50.8,12.9,5.3,31.8,8.6,3.3,
99,10 - 49,26.5,44.4,16.5,44.5,32.6,74.6,21.3,1.4,30.4,6.8,1.7,
99,100 - 249,35.7,58.1,14.7,45.0,27.8,81.9,19.4,,33.4,1.7,2.9,
99,250 +,28.6,47.3,10.9,47.1,29.7,80.6,19.6,1.0,35.0,4.8,3.6,
99,50 - 99,32.0,57.2,16.4,48.3,31.8,82.2,21.4,2.9,30.6,4.7,2.6,
99,Administrative and support service activities,9.4,29.0,8.9,35.7,50.6,44.0,12.0,2.5,24.7,11.0,7.2,
99,All businesses,23.2,24.5,12.4,45.9,54.5,53.0,13.6,5.0,31.8,8.4,3.2,
99,All size bands excluding 0 - 9,28.2,47.5,15.5,45.4,31.7,77.1,20.9,1.5,31.4,5.8,2.2,
99,Information and communication,31.4,26.5,22.2,60.6,49.7,64.9,18.6,4.9,39.5,7.6,2.6,
99,"Professional, scientific and technical activities",22.9,27.8,10.3,51.0,52.0,57.7,13.5,6.0,39.1,9.7,1.8,
99,Wholesale and retail trade; repair of motor vehicles and motorcycles,19.7,17.3,13.5,25.8,57.7,24.6,1.9,2.3,17.3,5.9,2.6,
103,0 - 9,18.4,17.3,11.3,42.2,54.3,47.3,10.5,8.5,30.1,12.0,4.7,
103,10 - 49,19.9,44.6,13.1,39.9,35.6,75.4,13.1,3.4,31.9,6.9,2.4,
103,100 - 249,29.5,53.1,16.0,40.5,24.4,80.6,20.9,2.4,26.9,3.2,5.7,
103,250 +,27.5,47.2,10.2,48.0,26.4,80.0,19.9,1.4,31.0,3.5,5.2,
103,50 - 99,29.2,53.1,16.6,45.0,28.7,81.7,20.4,2.3,32.4,5.4,2.4,
103,Administrative and support service activities,22.7,21.6,16.3,44.6,47.7,46.2,22.4,8.5,21.9,13.2,2.3,
103,All businesses,18.7,19.7,11.5,42.1,52.5,49.8,10.9,8.0,30.2,11.5,4.5,
103,All size bands excluding 0 - 9,22.9,46.7,13.3,41.8,32.5,77.3,15.6,2.8,31.5,5.9,3.1,
103,Construction,10.2,10.0,,10.2,41.6,11.2,,14.1,18.4,17.1,17.0,
103,Information and communication,27.6,33.0,24.2,56.5,48.9,53.1,12.0,3.0,37.2,7.2,2.8,
103,"Professional, scientific and technical activities",17.9,19.3,8.7,42.5,55.1,60.3,12.1,6.9,39.6,9.5,2.7,
103,Wholesale and retail trade; repair of motor vehicles and motorcycles,18.0,12.3,7.3,23.6,48.6,34.8,10.2,15.0,23.4,13.0,6.9,
109,0 - 9,11.3,17.1,9.2,43.0,52.4,47.4,10.0,4.1,27.7,9.9,7.5,
109,10 - 49,21.1,41.0,14.3,37.2,32.7,71.9,20.3,2.6,28.4,8.5,3.8,
109,100 - 249,29.3,50.5,12.4,41.7,25.4,81.4,20.1,1.1,25.7,4.2,2.9,
109,250 +,31.2,54.5,9.1,46.0,29.2,83.7,22.0,1.0,33.4,2.5,4.5,
109,50 - 99,29.6,55.8,13.3,41.2,30.4,81.6,22.6,2.1,33.0,5.5,2.9,
109,Administrative and support service activities,8.7,12.9,5.1,43.3,55.2,55.9,12.1,9.9,24.4,10.4,5.3,
109,All businesses,12.2,19.1,9.6,42.7,50.8,49.4,10.8,4.0,27.8,9.7,7.2,
109,All size bands excluding 0 - 9,23.3,44.3,13.9,38.4,31.7,74.4,20.6,2.4,29.0,7.6,3.6,
109,Information and communication,23.2,35.0,27.4,55.3,58.7,57.7,15.0,6.3,30.7,3.2,2.7,
109,"Professional, scientific and technical activities",14.6,19.0,9.1,41.2,48.4,45.0,10.0,2.3,30.5,12.4,4.9,
109,"Water supply, sewerage, waste management and remediation activities",33.7,56.4,2.6,43.6,30.7,74.2,38.4,0.0,33.3,2.6,0.0,
109,Wholesale and retail trade; repair of motor vehicles and motorcycles,7.0,15.3,3.3,34.0,44.5,35.3,19.6,6.4,17.0,7.5,13.6,
115,0 - 9,14.7,21.3,14.3,44.5,57.1,48.6,9.3,4.1,26.5,7.6,6.1,
115,10 - 49,25.7,45.7,16.5,37.4,33.8,72.4,16.3,2.3,28.5,6.6,3.4,
115,100 - 249,31.6,53.4,14.6,41.3,26.0,78.3,19.1,1.2,28.3,4.1,5.4,
115,250 +,31.8,54.0,11.4,43.6,26.1,81.6,20.9,1.3,35.2,3.2,7.3,
115,50 - 99,30.3,53.4,14.3,42.0,29.6,79.9,20.9,1.1,31.7,4.6,3.4,
115,Administrative and support service activities,15.8,16.1,10.4,37.3,53.6,50.5,10.8,4.1,17.3,10.0,14.9,
115,All businesses,15.5,23.0,14.4,44.1,55.6,50.2,9.8,4.0,26.7,7.5,5.9,
115,All size bands excluding 0 - 9,27.0,47.7,15.9,38.5,32.4,74.2,17.3,2.0,29.1,6.1,3.7,
115,Information and communication,20.4,38.7,19.4,63.3,49.4,53.0,10.6,4.3,31.5,1.6,,
115,Manufacturing,14.9,17.3,13.5,38.6,81.6,40.8,20.1,6.9,67.2,5.7,1.5,
115,"Professional, scientific and technical activities",15.3,24.6,16.6,43.8,55.3,54.4,10.9,2.4,25.5,8.4,2.8,
115,Wholesale and retail trade; repair of motor vehicles and motorcycles,15.3,14.8,16.4,32.1,59.5,35.7,3.1,11.0,18.8,8.6,6.0,
121,0 - 9,15.7,17.3,12.2,44.0,56.7,43.2,11.1,6.2,25.8,8.9,6.9,
121,10 - 49,20.5,44.3,12.6,36.5,32.8,70.2,17.0,3.0,27.7,5.9,3.4,
121,100 - 249,27.4,49.8,9.4,40.8,23.1,79.9,20.5,,27.9,3.1,5.9,
121,250 +,32.1,53.9,9.8,45.8,27.7,83.2,23.7,1.4,37.7,2.1,6.0,
121,50 - 99,26.6,52.5,12.8,40.1,29.0,76.0,18.9,1.1,30.6,5.1,2.6,
121,Administrative and support service activities,17.8,19.0,10.5,42.1,47.3,46.2,14.4,6.6,28.8,12.7,10.3,
121,All businesses,16.1,19.1,12.2,43.6,55.1,45.0,11.5,6.0,25.9,8.7,6.7,
121,All size bands excluding 0 - 9,22.2,46.1,12.3,37.6,31.4,72.1,17.7,2.5,28.4,5.5,3.5,
121,Information and communication,25.3,32.7,24.8,58.0,56.4,61.3,16.7,5.9,29.4,8.8,2.5,
121,"Professional, scientific and technical activities",15.4,18.1,12.4,52.1,56.9,49.8,12.3,4.1,32.3,10.5,3.6,
121,"Water supply, sewerage, waste management and remediation activities",6.5,17.5,0.0,12.2,2.7,31.6,75.1,0.0,4.5,0.0,0.0,
121,Wholesale and retail trade; repair of motor vehicles and motorcycles,6.6,12.1,7.8,28.9,57.7,24.9,6.4,5.4,15.7,9.5,10.6,
127,0 - 9,17.1,20.8,14.9,41.6,53.1,43.1,11.2,5.4,23.0,10.1,7.7,
127,10 - 49,28.3,46.8,15.4,34.7,32.9,66.5,16.9,4.5,26.3,9.9,3.5,
127,100 - 249,30.0,51.9,10.9,40.2,22.3,83.2,19.2,1.2,28.3,3.1,4.4,
127,250 +,36.9,56.8,10.4,48.9,32.6,80.4,23.8,1.8,37.2,2.6,5.3,
127,50 - 99,28.7,55.4,15.2,42.4,27.1,76.7,18.4,1.4,30.1,7.5,2.2,
127,Administrative and support service activities,24.9,22.9,13.8,55.7,40.3,49.8,15.1,7.2,24.9,6.6,2.1,
127,All businesses,17.9,22.5,14.9,41.3,51.7,44.7,11.6,5.3,23.3,10.0,7.4,
127,All size bands excluding 0 - 9,28.7,48.6,15.0,36.5,31.3,69.4,17.4,3.7,27.2,8.9,3.4,
127,Information and communication,26.9,27.5,18.4,53.0,55.4,49.8,15.9,6.3,24.5,12.6,2.6,
127,Manufacturing,40.9,42.8,1.8,11.2,31.3,8.0,1.8,4.9,2.3,2.1,21.5,
127,"Professional, scientific and technical activities",11.7,26.3,19.7,45.9,56.4,54.5,10.6,2.0,35.6,8.8,5.2,
127,Wholesale and retail trade; repair of motor vehicles and motorcycles,10.3,17.1,15.1,22.2,57.5,31.0,11.0,14.4,9.8,10.6,8.2,
133,0 - 9,14.4,20.2,10.1,44.8,58.4,39.1,11.5,6.3,22.1,14.3,4.9,
133,10 - 49,28.0,49.6,20.4,38.7,35.7,73.1,18.6,3.8,27.0,6.5,1.2,
133,100 - 249,34.6,51.7,13.6,39.0,25.9,81.3,17.1,0.0,29.8,3.9,5.3,
133,250 +,33.2,55.9,12.5,44.9,29.5,78.9,20.5,1.4,36.3,3.5,5.7,
133,50 - 99,30.0,55.5,11.8,39.2,29.5,79.2,18.1,2.2,28.4,5.9,2.1,
133,Administrative and support service activities,23.1,29.8,9.7,45.8,60.3,38.8,8.2,8.6,10.6,8.9,2.9,
133,All businesses,15.2,22.0,10.6,44.4,57.0,41.2,11.9,6.1,22.4,13.8,4.7,
133,All size bands excluding 0 - 9,28.9,50.7,18.5,38.9,33.9,74.6,18.5,3.2,27.6,6.2,1.7,
133,Information and communication,22.9,29.1,21.7,52.8,62.1,60.5,13.6,9.0,26.8,7.9,4.1,
133,Manufacturing,24.9,7.0,,23.9,63.6,22.8,15.7,2.7,24.5,17.2,,
133,"Professional, scientific and technical activities",11.9,27.8,10.5,56.3,57.7,48.3,9.7,3.1,28.3,8.3,2.0,
133,Wholesale and retail trade; repair of motor vehicles and motorcycles,12.1,8.4,7.5,36.1,50.2,20.0,7.4,6.6,16.3,12.6,7.1,
139,0 - 9,21.7,21.2,10.3,42.2,55.6,48.1,10.5,6.5,23.6,9.9,5.6,
139,10 - 49,21.2,41.4,14.2,38.2,34.9,67.6,16.0,3.3,26.9,6.7,3.8,
139,100 - 249,26.4,47.4,8.6,38.1,23.0,78.7,15.2,,26.2,6.0,3.9,
139,250 +,33.0,52.0,11.2,42.3,31.3,78.9,20.5,1.5,33.2,3.8,7.2,
139,50 - 99,27.8,54.7,13.0,37.0,25.7,77.6,18.4,,26.6,3.7,3.5,
139,Administrative and support service activities,27.3,24.1,6.0,49.7,63.7,62.4,7.7,5.7,19.2,7.0,3.6,
139,All businesses,21.8,22.7,10.6,41.9,54.1,49.5,10.9,6.2,23.8,9.7,5.5,
139,All size bands excluding 0 - 9,22.7,43.9,13.6,38.1,32.7,70.1,16.4,2.7,27.0,6.1,3.8,
139,Information and communication,27.8,25.6,14.3,46.3,66.1,55.6,13.2,4.3,35.3,4.2,3.0,
139,"Professional, scientific and technical activities",15.1,19.7,9.2,44.1,49.9,48.6,7.5,1.3,19.7,13.8,7.1,
139,Wholesale and retail trade; repair of motor vehicles and motorcycles,22.5,22.8,15.3,22.9,47.8,28.8,9.5,16.1,16.0,16.8,2.6,
145,0 - 9,14.1,18.0,10.2,44.9,56.3,42.1,14.9,5.5,21.5,10.4,10.5,
145,10 - 49,24.4,38.5,10.1,32.2,37.2,71.0,16.2,1.7,24.8,8.7,4.4,
145,100 - 249,30.3,55.6,14.1,38.9,28.6,76.4,21.2,1.9,27.8,4.0,4.0,
145,250 +,35.7,56.4,12.1,44.3,32.6,77.9,21.9,2.3,34.7,4.3,6.4,
145,50 - 99,30.0,55.0,12.6,38.4,31.6,79.9,22.3,2.6,25.3,3.9,3.0,
145,Administrative and support service activities,14.9,21.9,14.7,41.0,71.4,58.5,18.5,5.4,20.6,7.3,6.2,
145,All businesses,14.8,19.5,10.2,44.2,55.1,44.0,15.0,5.3,21.7,10.2,10.1,
145,All size bands excluding 0 - 9,25.8,42.4,10.8,33.8,35.7,72.8,17.5,1.9,25.3,7.6,4.2,
145,Information and communication,25.7,29.3,14.9,57.6,59.5,57.7,25.9,4.6,32.0,5.7,2.7,
145,"Professional, scientific and technical activities",11.3,21.2,10.0,52.6,57.1,46.9,14.6,1.3,27.5,12.0,5.6,
145,Wholesale and retail trade; repair of motor vehicles and motorcycles,6.0,2.5,4.6,17.3,50.9,24.7,7.8,8.3,6.3,20.1,15.9,
151,0 - 9,13.0,15.1,7.7,41.5,58.0,41.6,10.7,6.0,20.6,11.7,7.9,
151,10 - 49,26.5,40.4,12.1,34.6,42.4,68.4,18.6,7.9,21.4,4.9,3.8,
151,100 - 249,33.1,52.8,11.8,43.1,25.2,80.0,22.5,1.7,28.1,4.1,2.9,
151,250 +,31.2,54.6,9.9,44.4,31.7,78.0,23.8,1.0,36.7,5.0,6.7,
151,50 - 99,28.3,51.6,13.7,42.8,33.4,75.6,19.2,2.2,27.1,6.0,2.3,
151,Administrative and support service activities,22.8,30.2,18.1,46.5,57.5,53.2,15.7,9.3,21.6,13.1,5.3,
151,All businesses,13.8,16.8,8.0,41.2,56.9,43.3,11.2,6.1,20.8,11.3,7.6,
151,All size bands excluding 0 - 9,27.2,43.0,12.2,36.4,39.8,70.3,19.0,6.6,22.9,5.0,3.6,
151,Information and communication,19.1,32.4,11.0,56.7,64.5,60.1,18.0,9.8,36.2,4.2,3.7,
151,Manufacturing,16.9,6.4,8.8,37.4,58.1,29.2,7.6,0.0,8.4,18.0,5.0,
151,"Professional, scientific and technical activities",10.9,15.4,7.7,43.7,58.8,42.5,13.3,2.0,23.9,13.0,3.3,
151,Wholesale and retail trade; repair of motor vehicles and motorcycles,13.2,8.7,,23.3,65.5,33.5,7.5,12.3,15.0,11.0,5.9,
157,0 - 9,15.1,13.2,8.7,39.0,54.6,35.0,7.9,3.5,18.7,10.5,9.8,
157,10 - 49,27.3,47.4,12.7,33.7,35.7,65.2,18.4,3.5,23.5,7.6,3.3,
157,100 - 249,31.7,50.7,12.7,40.3,26.0,77.6,19.3,2.7,29.4,2.0,3.3,
157,250 +,31.7,42.8,9.4,40.2,30.0,72.6,17.4,2.0,29.6,5.3,6.8,
157,50 - 99,30.5,52.7,13.2,41.3,33.5,75.4,18.2,2.4,24.6,5.8,3.1,
157,Accommodation and food service activities,15.9,15.8,0.0,53.6,13.6,63.9,28.2,4.1,36.2,0.0,25.4,
157,Administrative and support service activities,19.5,25.9,14.6,32.0,56.8,43.9,8.3,10.0,32.6,7.0,3.5,
157,All businesses,15.9,15.4,8.9,38.8,53.3,37.2,8.5,3.4,19.1,10.3,9.5,
157,All size bands excluding 0 - 9,28.7,47.4,12.2,36.1,33.8,68.5,18.2,3.1,25.0,6.6,3.9,
157,Construction,10.3,1.0,,39.4,48.2,40.2,10.3,18.1,11.1,1.2,22.0,
157,Information and communication,19.3,24.0,13.6,58.0,58.6,43.1,10.6,1.9,25.1,8.2,5.2,
157,Manufacturing,24.5,13.3,1.9,12.5,42.8,22.6,2.3,7.3,7.9,25.0,,
157,"Professional, scientific and technical activities",14.7,14.9,5.1,42.4,59.0,42.7,6.6,,17.6,11.6,2.5,
157,Wholesale and retail trade; repair of motor vehicles and motorcycles,18.6,10.2,9.7,27.7,33.8,29.9,15.0,2.0,15.5,9.9,21.8,
163,0 - 9,13.6,13.3,6.6,38.6,56.5,34.4,6.3,4.1,18.2,9.1,11.5,
163,10 - 49,20.4,42.7,10.5,31.5,38.4,61.8,13.9,3.3,22.2,9.8,2.0,
163,100 - 249,26.8,50.2,12.0,36.4,24.8,80.9,16.9,,24.0,5.1,5.2,
163,250 +,29.1,46.7,10.9,39.6,29.0,74.2,19.6,1.7,31.0,4.4,6.5,
163,50 - 99,28.8,51.0,14.0,33.7,30.5,69.8,15.3,1.1,25.9,6.2,5.3,
163,Administrative and support service activities,19.6,17.5,6.6,34.3,44.3,39.0,4.0,,30.8,3.5,12.1,
163,All businesses,14.2,15.3,6.9,38.3,55.2,36.3,6.9,4.0,18.5,9.1,11.0,
163,All size bands excluding 0 - 9,23.3,44.8,11.1,33.5,35.0,66.0,15.2,2.6,24.2,8.2,3.4,
163,Construction,24.5,1.1,0.0,30.5,46.7,18.9,1.2,23.2,10.2,,28.0,
163,Information and communication,19.2,26.5,11.7,55.6,47.9,52.4,12.7,,19.8,5.7,4.5,
163,"Professional, scientific and technical activities",12.5,16.0,9.1,42.6,68.1,43.1,8.6,3.4,21.3,6.6,8.1,
163,Wholesale and retail trade; repair of motor vehicles and motorcycles,9.8,9.1,1.1,39.7,75.9,15.9,2.6,,14.2,5.7,,
